
=== lint ===
No syntax errors detected in ./node_modules/flatted/php/flatted.php
No syntax errors detected in ./tests/bootstrap.php
No syntax errors detected in ./tests/scripts/boot-without-openregister.php
No syntax errors detected in ./tests/unit/BackgroundJob/FolderExtractionJobTest.php
No syntax errors detected in ./tests/unit/BackgroundJob/BatchDocumentJobTest.php
No syntax errors detected in ./tests/unit/BackgroundJob/DomainFolderReconciliationJobTest.php
No syntax errors detected in ./tests/unit/BackgroundJob/UploadFragmentReaperJobTest.php
No syntax errors detected in ./tests/unit/BackgroundJob/SigningExpirationJobTest.php
No syntax errors detected in ./tests/unit/BackgroundJob/BatchCorrespondenceJobTest.php
No syntax errors detected in ./tests/unit/BackgroundJob/BatchPrintJobTest.php
No syntax errors detected in ./tests/unit/Controller/BatchAnonymizationControllerOutputFormatTest.php
No syntax errors detected in ./tests/unit/Controller/PolicyControllerTest.php
No syntax errors detected in ./tests/unit/Controller/AnonymizationControllerTest.php
No syntax errors detected in ./tests/unit/Controller/AnonymizationControllerPublicationClearanceTest.php
No syntax errors detected in ./tests/unit/Controller/CustomDictionaryControllerTest.php
No syntax errors detected in ./tests/unit/Controller/SigningFolderControllerTest.php
No syntax errors detected in ./tests/unit/Controller/PrintJobControllerTest.php
No syntax errors detected in ./tests/unit/Controller/MetadataControllerTest.php
No syntax errors detected in ./tests/unit/Controller/Pdfa3ConversionControllerTest.php
No syntax errors detected in ./tests/unit/Controller/DashboardControllerTest.php
No syntax errors detected in ./tests/unit/Controller/RedactionOutputDownloadPathTest.php
No syntax errors detected in ./tests/unit/Controller/EmlPreviewControllerTest.php
No syntax errors detected in ./tests/unit/Controller/PdfControllerTest.php
No syntax errors detected in ./tests/unit/Controller/DossierManagementControllerTest.php
No syntax errors detected in ./tests/unit/Controller/TemplateRequestHandlerTest.php
No syntax errors detected in ./tests/unit/Controller/BatchAnonymizationControllerProfileAuthTest.php
No syntax errors detected in ./tests/unit/Controller/RedactionOutputControllerTest.php
No syntax errors detected in ./tests/unit/Controller/BatchAnonymizationControllerSummaryFlagTest.php
No syntax errors detected in ./tests/unit/Controller/TemplateVersionsControllerTest.php
No syntax errors detected in ./tests/unit/Controller/DossierControllerTest.php
No syntax errors detected in ./tests/unit/Controller/IntakeControllerContractTest.php
No syntax errors detected in ./tests/unit/Controller/TemplatesControllerTest.php
No syntax errors detected in ./tests/unit/Controller/PreferencesControllerTest.php
No syntax errors detected in ./tests/unit/Controller/AnonymizationControllerContractTest.php
No syntax errors detected in ./tests/unit/Controller/AnonymiserWarningControllerTest.php
No syntax errors detected in ./tests/unit/Controller/SettingsControllerTest.php
No syntax errors detected in ./tests/unit/Controller/BatchAnonymizationControllerContractTest.php
No syntax errors detected in ./tests/unit/Controller/PrintControllerTest.php
No syntax errors detected in ./tests/unit/Controller/SignerIdentityControllerTest.php
No syntax errors detected in ./tests/unit/Controller/AnonymizationControllerOutputFormatTest.php
No syntax errors detected in ./tests/unit/Controller/VersionControllerTest.php
No syntax errors detected in ./tests/unit/Controller/ConsentControllerTest.php
No syntax errors detected in ./tests/unit/Controller/ReportRenderControllerTest.php
No syntax errors detected in ./tests/unit/Controller/PostRegisterControllerTest.php
No syntax errors detected in ./tests/unit/Controller/BatchAnonymizationControllerFolderTest.php
No syntax errors detected in ./tests/unit/Controller/MergePollAnswersTruthfullyTest.php
No syntax errors detected in ./tests/unit/Controller/PolicyControllerDeleteTest.php
No syntax errors detected in ./tests/unit/Controller/ExtractionControllerTest.php
No syntax errors detected in ./tests/unit/Controller/SignerIdentitySettingsControllerTest.php
No syntax errors detected in ./tests/unit/Controller/ScanIntakeControllerTest.php
No syntax errors detected in ./tests/unit/Controller/SigningControllerTest.php
No syntax errors detected in ./tests/unit/Controller/SigningControllerAuditTest.php
No syntax errors detected in ./tests/unit/Controller/CorrespondenceControllerTest.php
No syntax errors detected in ./tests/unit/Controller/PortalSigningReceiverControllerTest.php
No syntax errors detected in ./tests/unit/Controller/SetupControllerTest.php
No syntax errors detected in ./tests/unit/Controller/TemplatesControllerLockingTest.php
No syntax errors detected in ./tests/unit/Controller/CaseDocumentsControllerContractTest.php
No syntax errors detected in ./tests/unit/Controller/GlAccountSuggestionControllerTest.php
No syntax errors detected in ./tests/unit/Controller/DocumentControllerTest.php
No syntax errors detected in ./tests/unit/Controller/BatchAnonymizationControllerBasesTest.php
No syntax errors detected in ./tests/unit/Controller/DocumentProductionControllerContractTest.php
No syntax errors detected in ./tests/unit/Middleware/LanguageNegotiationMiddlewareTest.php
No syntax errors detected in ./tests/unit/Repair/MigrateUserPreferencesTest.php
No syntax errors detected in ./tests/unit/Repair/MigrateAppConfigKeysTest.php
No syntax errors detected in ./tests/unit/Repair/ConsolidateRegistersDecisionsTest.php
No syntax errors detected in ./tests/unit/Repair/MigrateSchemaApplicationIdTest.php
No syntax errors detected in ./tests/unit/Repair/ConsolidateRegistersTest.php
No syntax errors detected in ./tests/unit/Event/GlAccountSuggestedEventTest.php
No syntax errors detected in ./tests/unit/Event/SigningConcludedEventTest.php
No syntax errors detected in ./tests/unit/Event/FinancialExtractionCompletedEventTest.php
No syntax errors detected in ./tests/unit/Event/SigningEventsTest.php
No syntax errors detected in ./tests/unit/Flow/FilinqFlowNodeListenerTest.php
No syntax errors detected in ./tests/unit/Flow/GenerateDocumentNodeTest.php
No syntax errors detected in ./tests/unit/AppInfo/RouteNameUniquenessTest.php
No syntax errors detected in ./tests/unit/AppInfo/BootstrapOrderIndependenceTest.php
No syntax errors detected in ./tests/unit/AppInfo/DocumentGenerationWiringTest.php
No syntax errors detected in ./tests/unit/AppInfo/RetiredApprovalSurfaceTest.php
No syntax errors detected in ./tests/unit/Service/ScanBatchServiceTest.php
No syntax errors detected in ./tests/unit/Service/BatchStateServiceKeepAliveTest.php
No syntax errors detected in ./tests/unit/Service/DocumentDomainServiceTest.php
No syntax errors detected in ./tests/unit/Service/Pdfa3ConversionServiceTest.php
No syntax errors detected in ./tests/unit/Service/BatchExtractionServiceTest.php
No syntax errors detected in ./tests/unit/Service/CorrespondenceServiceTest.php
No syntax errors detected in ./tests/unit/Service/Signing/SigningProviderFactoryTest.php
No syntax errors detected in ./tests/unit/Service/Signing/ValidSignProviderTest.php
No syntax errors detected in ./tests/unit/Service/Signing/NativeSigningProviderTest.php
No syntax errors detected in ./tests/unit/Service/Signing/SigningCancellationServiceTest.php
No syntax errors detected in ./tests/unit/Service/Signing/GuardianConsentGuardTest.php
No syntax errors detected in ./tests/unit/Service/GlAccountSuggestionServiceTest.php
No syntax errors detected in ./tests/unit/Service/SlugContractReadPathTest.php
No syntax errors detected in ./tests/unit/Service/ExternalMountValidatorTest.php
No syntax errors detected in ./tests/unit/Service/FinalDocumentFailureMapperTest.php
No syntax errors detected in ./tests/unit/Service/SigningFolderServiceTest.php
No syntax errors detected in ./tests/unit/Service/ConsentServiceTest.php
No syntax errors detected in ./tests/unit/Service/FolderBatchServiceTest.php
No syntax errors detected in ./tests/unit/Service/UploadPolicyServiceTest.php
No syntax errors detected in ./tests/unit/Service/CustomDictionaryServiceTest.php
No syntax errors detected in ./tests/unit/Service/FinancialExtractionServiceTest.php
No syntax errors detected in ./tests/unit/Service/DomainFolderServiceTest.php
No syntax errors detected in ./tests/unit/Service/SigningAuditServiceTest.php
No syntax errors detected in ./tests/unit/Service/DocumentValidationServiceTest.php
No syntax errors detected in ./tests/unit/Service/FinalDocumentServiceTest.php
No syntax errors detected in ./tests/unit/Service/SigningMandateServiceTest.php
No syntax errors detected in ./tests/unit/Service/LanguageClassifierTest.php
No syntax errors detected in ./tests/unit/Service/EmlPdfAssemblyServiceTest.php
No syntax errors detected in ./tests/unit/Service/MetadataServiceTest.php
No syntax errors detected in ./tests/unit/Service/DomainFolderReconcilerTest.php
No syntax errors detected in ./tests/unit/Service/DocumentReviewServiceTest.php
No syntax errors detected in ./tests/unit/Service/SigningServiceGuardianConsentTest.php
No syntax errors detected in ./tests/unit/Service/ReportRenderServiceTest.php
No syntax errors detected in ./tests/unit/Service/PdfServiceTest.php
No syntax errors detected in ./tests/unit/Service/ConsentScopeValidatorTest.php
No syntax errors detected in ./tests/unit/Service/BatchStateServicePersistenceTest.php
No syntax errors detected in ./tests/unit/Service/DomainDirectoryTest.php
No syntax errors detected in ./tests/unit/Service/FinalDocumentWritePathsTest.php
No syntax errors detected in ./tests/unit/Service/PeriodicDocumentServiceTest.php
No syntax errors detected in ./tests/unit/Service/BatchReportServiceTest.php
No syntax errors detected in ./tests/unit/Service/Redaction/AnonymizationServiceReviewGateTest.php
No syntax errors detected in ./tests/unit/Service/Redaction/RedactionIrreversibilityVerifierTest.php
No syntax errors detected in ./tests/unit/Service/Redaction/RedactionVerdictRecorderTest.php
No syntax errors detected in ./tests/unit/Service/Redaction/DownloadAgreementGateTest.php
No syntax errors detected in ./tests/unit/Service/Redaction/RedactionMessagesAreTranslatedTest.php
No syntax errors detected in ./tests/unit/Service/Redaction/RedactionReviewGateTest.php
No syntax errors detected in ./tests/unit/Service/Redaction/RedactionOutputGuardTest.php
No syntax errors detected in ./tests/unit/Service/Redaction/PublicationListComposerTest.php
No syntax errors detected in ./tests/unit/Service/PdfConversionServiceTest.php
No syntax errors detected in ./tests/unit/Service/AnonymizationResultParserTest.php
No syntax errors detected in ./tests/unit/Service/DataResolverServiceTest.php
No syntax errors detected in ./tests/unit/Service/FinalDocumentUnfreezeServiceTest.php
No syntax errors detected in ./tests/unit/Service/OpenRegisterAvailabilityServiceTest.php
No syntax errors detected in ./tests/unit/Service/DocumentGenerationRequestServiceTest.php
No syntax errors detected in ./tests/unit/Service/Editing/PackageMetadataCodecTest.php
No syntax errors detected in ./tests/unit/Service/Editing/SpreadsheetCodecTest.php
No syntax errors detected in ./tests/unit/Service/Editing/EditSessionAgentSurfacesTest.php
No syntax errors detected in ./tests/unit/Service/Editing/XlsxSpreadsheetCodecTest.php
No syntax errors detected in ./tests/unit/Service/Editing/BlockStyleCodecTest.php
No syntax errors detected in ./tests/unit/Service/Editing/DocumentGuardTest.php
No syntax errors detected in ./tests/unit/Service/Editing/PackagePartIoTest.php
No syntax errors detected in ./tests/unit/Service/Editing/EditSessionServiceTest.php
No syntax errors detected in ./tests/unit/Service/Editing/PptxPresentationCodecTest.php
No syntax errors detected in ./tests/unit/Service/Editing/AgentArtefactMarkerTest.php
No syntax errors detected in ./tests/unit/Service/Editing/RoundTripFidelityTest.php
No syntax errors detected in ./tests/unit/Service/Editing/BlockStyleCodecsTest.php
No syntax errors detected in ./tests/unit/Service/Editing/OdpPresentationCodecTest.php
No syntax errors detected in ./tests/unit/Service/Editing/DocumentGuardFormatTest.php
No syntax errors detected in ./tests/unit/Service/Editing/OdsSpreadsheetCodecTest.php
No syntax errors detected in ./tests/unit/Service/Editing/XmlBlockScannerTest.php
No syntax errors detected in ./tests/unit/Service/Editing/PackageCodecTest.php
No syntax errors detected in ./tests/unit/Service/Editing/DocumentAgentServiceTest.php
No syntax errors detected in ./tests/unit/Service/Editing/ChartCodecTest.php
No syntax errors detected in ./tests/unit/Service/Editing/PresentationCodecTest.php
No syntax errors detected in ./tests/unit/Service/Editing/GuardedWriterTest.php
No syntax errors detected in ./tests/unit/Service/ConsentNotesHelperTest.php
No syntax errors detected in ./tests/unit/Service/AnonymizationLinkServiceTest.php
No syntax errors detected in ./tests/unit/Service/AnonymizationServiceOutputFormatTest.php
No syntax errors detected in ./tests/unit/Service/PolicyRuleNormaliserTranslatableTest.php
No syntax errors detected in ./tests/unit/Service/SigningServiceMandateGuardTest.php
No syntax errors detected in ./tests/unit/Service/Extraction/KvkExtractorTest.php
No syntax errors detected in ./tests/unit/Service/Extraction/AmountExtractorTest.php
No syntax errors detected in ./tests/unit/Service/Extraction/DateExtractorTest.php
No syntax errors detected in ./tests/unit/Service/Extraction/TotalsReconcilerTest.php
No syntax errors detected in ./tests/unit/Service/Extraction/VatIdExtractorTest.php
No syntax errors detected in ./tests/unit/Service/Extraction/IbanExtractorTest.php
No syntax errors detected in ./tests/unit/Service/ListReferenceResolverTest.php
No syntax errors detected in ./tests/unit/Service/OpenRegisterResolverTest.php
No syntax errors detected in ./tests/unit/Service/LegalBasesSummaryServiceTest.php
No syntax errors detected in ./tests/unit/Service/TemplateServiceTest.php
No syntax errors detected in ./tests/unit/Service/Conversion/LibreOfficeHeadlessBackendTest.php
No syntax errors detected in ./tests/unit/Service/Conversion/OfficeAppBackendTest.php
No syntax errors detected in ./tests/unit/Service/Conversion/OutputLayoutResolverTest.php
No syntax errors detected in ./tests/unit/Service/Conversion/PhpWordBackendTest.php
No syntax errors detected in ./tests/unit/Service/Conversion/MpdfBackendTest.php
No syntax errors detected in ./tests/unit/Service/Conversion/EmlBackendTest.php
No syntax errors detected in ./tests/unit/Service/LegalBasisProposalServiceTest.php
No syntax errors detected in ./tests/unit/Service/DocumentTextExtractorTest.php
No syntax errors detected in ./tests/unit/Service/AnonymizationServiceTest.php
No syntax errors detected in ./tests/unit/Service/DocumentVersionServiceTest.php
No syntax errors detected in ./tests/unit/Service/ConsentUpdateHandlerTest.php
No syntax errors detected in ./tests/unit/Service/AnonymiserBackendStateClientTest.php
No syntax errors detected in ./tests/unit/Service/AnonymizationServiceSingleFileRegressionTest.php
No syntax errors detected in ./tests/unit/Service/TemplateSlugResolverTest.php
No syntax errors detected in ./tests/unit/Service/WooProfileServiceTest.php
No syntax errors detected in ./tests/unit/Service/IntakeRoutingServiceTest.php
No syntax errors detected in ./tests/unit/Service/BasesResolverServiceTest.php
No syntax errors detected in ./tests/unit/Service/IntakeAuthorizationGateTest.php
No syntax errors detected in ./tests/unit/Service/DemoDataServiceTest.php
No syntax errors detected in ./tests/unit/Service/DocumentServiceTest.php
No syntax errors detected in ./tests/unit/Service/PolicyRetroactiveServiceTest.php
No syntax errors detected in ./tests/unit/Service/BatchAnonymizeServiceTest.php
No syntax errors detected in ./tests/unit/Service/BatchStateRepositoryTest.php
No syntax errors detected in ./tests/unit/Service/BuildsAnonymizationService.php
No syntax errors detected in ./tests/unit/Service/Intake/ScanFolderIntakeFeederTest.php
No syntax errors detected in ./tests/unit/Service/Intake/IntakeReadingProgressTest.php
No syntax errors detected in ./tests/unit/Service/Intake/IntakeNotificationReachTest.php
No syntax errors detected in ./tests/unit/Service/FileListingServiceTest.php
No syntax errors detected in ./tests/unit/Service/TextAnalysisServiceTest.php
No syntax errors detected in ./tests/unit/Service/TemplatePreviewServiceTest.php
No syntax errors detected in ./tests/unit/Service/CustomDictionaryMatchServiceTest.php
No syntax errors detected in ./tests/unit/Service/SeparatorSheetServiceTest.php
No syntax errors detected in ./tests/unit/Service/SubjectErasure/SubjectErasureRulesTest.php
No syntax errors detected in ./tests/unit/Service/SubjectErasure/SubjectErasurePreviewTest.php
No syntax errors detected in ./tests/unit/Service/SubjectErasure/SubjectErasureJobTest.php
No syntax errors detected in ./tests/unit/Service/BatchAnonymizeServiceOutputLayoutTest.php
No syntax errors detected in ./tests/unit/Service/AnonymizationServiceCustomDictionaryTest.php
No syntax errors detected in ./tests/unit/Service/TemplateLanguageServiceTest.php
No syntax errors detected in ./tests/unit/Service/PartySuggestionServiceTest.php
No syntax errors detected in ./tests/unit/Service/PrintJobServiceTest.php
No syntax errors detected in ./tests/unit/Service/TemplateVersionServiceTest.php
No syntax errors detected in ./tests/unit/Service/FileUploadServiceTest.php
No syntax errors detected in ./tests/unit/Service/PageLayoutServiceTest.php
No syntax errors detected in ./tests/unit/Service/PlainLanguageRenditionServiceTest.php
No syntax errors detected in ./tests/unit/Service/CaseArchiveServiceTest.php
No syntax errors detected in ./tests/unit/Service/DossierManagementServiceTest.php
No syntax errors detected in ./tests/unit/Service/IntakeServiceTest.php
No syntax errors detected in ./tests/unit/Service/RegisterDiscoveryServiceTest.php
No syntax errors detected in ./tests/unit/Service/BatchUploadServiceTest.php
No syntax errors detected in ./tests/unit/Service/ConfidentialityLabelServiceTest.php
No syntax errors detected in ./tests/unit/Service/DocumentFinalityRuleServiceTest.php
No syntax errors detected in ./tests/unit/Service/AnonymizationServiceProhibitionTest.php
No syntax errors detected in ./tests/unit/Service/EntityConsolidationServiceTest.php
No syntax errors detected in ./tests/unit/Service/SigningServiceTest.php
No syntax errors detected in ./tests/unit/Service/UploadFragmentReaperTest.php
No syntax errors detected in ./tests/unit/Service/BatchStateTestDoubles.php
No syntax errors detected in ./tests/unit/Service/EntityConsolidationProhibitionTest.php
No syntax errors detected in ./tests/unit/Service/PolicyCrudServiceDeleteTest.php
No syntax errors detected in ./tests/unit/Service/Charts/ChartSvgRendererTest.php
No syntax errors detected in ./tests/unit/Service/Charts/TableHtmlRendererTest.php
No syntax errors detected in ./tests/unit/Service/AnonymizationServicePublicationClearanceTest.php
No syntax errors detected in ./tests/unit/Service/PolicyMatchServiceTest.php
No syntax errors detected in ./tests/unit/Service/IntakeDefaultRuleServiceTest.php
No syntax errors detected in ./tests/unit/Service/IntakeDetachmentServiceTest.php
No syntax errors detected in ./tests/unit/Service/DocumentMergeServiceTest.php
No syntax errors detected in ./tests/unit/Service/DocumentStorageServiceTest.php
No syntax errors detected in ./tests/unit/Service/DossierObjectReaderTest.php
No syntax errors detected in ./tests/unit/Service/EmlPreviewServiceTest.php
No syntax errors detected in ./tests/unit/Service/Suggestion/SupplierIdentityResolverTest.php
No syntax errors detected in ./tests/unit/Service/Suggestion/HistoryRankerTest.php
No syntax errors detected in ./tests/unit/Service/Suggestion/CategoryKeywordMapperTest.php
No syntax errors detected in ./tests/unit/Service/DossierContextServiceTest.php
No syntax errors detected in ./tests/unit/Service/SettingsInitializerTest.php
No syntax errors detected in ./tests/unit/Service/SignerAuth/EvidenceMinimisationTest.php
No syntax errors detected in ./tests/unit/Service/SignerAuth/SignerAuthProviderFactoryTest.php
No syntax errors detected in ./tests/unit/Service/SignerAuth/OidcBrokerProviderContractTest.php
No syntax errors detected in ./tests/unit/Service/SignerAuth/OidcBrokerHarness.php
No syntax errors detected in ./tests/unit/Service/SignerAuth/SigningAssuranceGateTest.php
No syntax errors detected in ./tests/unit/Service/SignerAuth/EudiWalletFixtureProviderContractTest.php
No syntax errors detected in ./tests/unit/Service/SignerAuth/SignerStepUpServiceTest.php
No syntax errors detected in ./tests/unit/Service/SignerAuth/AssuranceLevelTest.php
No syntax errors detected in ./tests/unit/Service/SignerAuth/SignerAuthProviderContractTestCase.php
No syntax errors detected in ./tests/unit/Service/SignerAuth/NextcloudSessionProviderContractTest.php
No syntax errors detected in ./tests/unit/Service/SignerAuth/OidcBrokerProviderTest.php
No syntax errors detected in ./tests/unit/Service/SignerAuth/CredentialCustodyTest.php
No syntax errors detected in ./tests/unit/Service/SignerAuth/AssuranceGateHarness.php
No syntax errors detected in ./tests/unit/Service/AnonymizationServiceConfidentialityTest.php
No syntax errors detected in ./tests/unit/Service/RegisterBindingResolutionTest.php
No syntax errors detected in ./tests/unit/Service/FileEntityStatsServiceTest.php
No syntax errors detected in ./tests/unit/Service/EntityDetectionServiceTest.php
No syntax errors detected in ./tests/unit/Service/DossierFileServiceTest.php
No syntax errors detected in ./tests/unit/Service/SigningVerificationServiceTest.php
No syntax errors detected in ./tests/unit/Service/ObjectionDeadlineCheckerTest.php
No syntax errors detected in ./tests/unit/Service/DocumentDownloadRecorderTest.php
No syntax errors detected in ./tests/unit/Service/BatchStateServiceTest.php
No syntax errors detected in ./tests/unit/Service/TemplateRendererTest.php
No syntax errors detected in ./tests/unit/Service/DocumentServicePlainRenditionTest.php
No syntax errors detected in ./tests/unit/Service/SettingsServiceTest.php
No syntax errors detected in ./tests/unit/Service/FlatFileListServiceTest.php
No syntax errors detected in ./tests/unit/Service/DocumentComparisonServiceTest.php
No syntax errors detected in ./tests/unit/Service/Office/SupportedTypeProbeTest.php
No syntax errors detected in ./tests/unit/Service/Office/OfficeSuiteCapabilityServiceTest.php
No syntax errors detected in ./tests/unit/Service/Office/SuiteIndependenceTest.php
No syntax errors detected in ./tests/unit/Service/Office/AnchorRoundTripTest.php
No syntax errors detected in ./tests/unit/Service/PlainRenditionAcceptanceGateTest.php
No syntax errors detected in ./tests/unit/Service/ConsentCrudServiceTest.php
No syntax errors detected in ./tests/unit/Service/PostRegisterReaderTest.php
No syntax errors detected in ./tests/unit/Service/OcrServiceTest.php
No syntax errors detected in ./tests/unit/Service/FinalDocumentCorrectionServiceTest.php
No syntax errors detected in ./tests/unit/Service/ScanBatchSegmentationTest.php
No syntax errors detected in ./tests/unit/AppHost/ObservabilityManifestParityTest.php
No syntax errors detected in ./tests/unit/EventListener/RegistersContainerServices.php
No syntax errors detected in ./tests/unit/EventListener/DossierCheckedOnListenerTest.php
No syntax errors detected in ./tests/unit/EventListener/FakeEntityRelationDecisionUpdatedEvent.php
No syntax errors detected in ./tests/unit/EventListener/RegisterDocumentsLeafListenerTest.php
No syntax errors detected in ./tests/unit/EventListener/EntityRelationDecisionListenerTest.php
No syntax errors detected in ./tests/unit/EventListener/SigningTaskListenerTest.php
No syntax errors detected in ./tests/unit/EventListener/SignerEventTranslatorTest.php
No syntax errors detected in ./tests/unit/EventListener/FilinqEventHandlerTest.php
No syntax errors detected in ./tests/unit/EventListener/DocumentRegistrationWriteGuardTest.php
No syntax errors detected in ./tests/unit/EventListener/DocumentGenerationRequestedListenerTest.php
No syntax errors detected in ./tests/unit/EventListener/DocumentSigningRequestedListenerTest.php
No syntax errors detected in ./tests/unit/EventListener/FilinqEventListenerTest.php
No syntax errors detected in ./tests/unit/Command/OfficeProbeCommandTest.php
No syntax errors detected in ./tests/unit/Sections/FilinqAdminTest.php
No syntax errors detected in ./tests/unit/Exception/ConversionFailedExceptionTest.php
No syntax errors detected in ./tests/unit/Wave12SecurityRegressionTest.php
No syntax errors detected in ./tests/unit/Portal/PortalContributionProviderTest.php
No syntax errors detected in ./tests/unit/Portal/PortalAssertionVerifierTest.php
No syntax errors detected in ./tests/unit/RenameDutchColumnsTest.php
No syntax errors detected in ./tests/unit/Settings/UnifiedSearchConsistencyTest.php
No syntax errors detected in ./tests/unit/Settings/IntakeFailureNotificationTest.php
No syntax errors detected in ./tests/unit/Settings/RedactionReviewMarkSchemaTest.php
No syntax errors detected in ./tests/unit/Settings/ServiceWrittenCreateTest.php
No syntax errors detected in ./tests/unit/Settings/FilinqAdminSettingsTest.php
No syntax errors detected in ./tests/unit/Settings/ErasureRequestSchemaTest.php
No syntax errors detected in ./tests/unit/Settings/CaseDocumentSchemaTest.php
No syntax errors detected in ./tests/unit/Settings/FinalDocumentSchemaTest.php
No syntax errors detected in ./tests/unit/Settings/LeafIntegrationsConfigurationTest.php
No syntax errors detected in ./tests/unit/Settings/MergeJobSchemaTest.php
No syntax errors detected in ./tests/unit/Settings/SchemaAuthorizationCoverageTest.php
No syntax errors detected in ./tests/unit/Settings/DocumentRegistrationSchemaTest.php
No syntax errors detected in ./tests/unit/Settings/IntakeDocumentSchemaTest.php
No syntax errors detected in ./tests/unit/Settings/DocumentProductionSchemaTest.php
No syntax errors detected in ./tests/unit/Settings/DossierRegisterConfigTest.php
No syntax errors detected in ./tests/unit/Settings/SignerIdentitySchemaTest.php
No syntax errors detected in ./tests/unit/Settings/SchemaSlugIntegrityTest.php
No syntax errors detected in ./tests/unit/Settings/ProcessingActivityCatalogueTest.php
No syntax errors detected in ./tests/stubs/openregister-apphost.stub.php
No syntax errors detected in ./tests/stubs/OpenRegisterStubs.php
No syntax errors detected in ./tests/stubs/openregister-mcp.stub.php
No syntax errors detected in ./tests/stubs/GlobalStubs.php
No syntax errors detected in ./tests/stubs/NextcloudStubs.php
No syntax errors detected in ./tests/stubs/openregister-flow.stub.php
No syntax errors detected in ./tests/bootstrap-unit.php
No syntax errors detected in ./tests/e2e/ci-router.php
No syntax errors detected in ./tests/bootstrap-standalone.php
No syntax errors detected in ./templates/settings/admin.php
No syntax errors detected in ./templates/index.php
No syntax errors detected in ./scripts/coverage-guard.php
No syntax errors detected in ./appinfo/routes.php
No syntax errors detected in ./lib/BackgroundJob/DomainFolderReconciliationJob.php
No syntax errors detected in ./lib/BackgroundJob/FolderExtractionJob.php
No syntax errors detected in ./lib/BackgroundJob/MergeDocumentsJob.php
No syntax errors detected in ./lib/BackgroundJob/SigningExpirationJob.php
No syntax errors detected in ./lib/BackgroundJob/UploadFragmentReaperJob.php
No syntax errors detected in ./lib/BackgroundJob/BatchDocumentJob.php
No syntax errors detected in ./lib/BackgroundJob/BatchCorrespondenceJob.php
No syntax errors detected in ./lib/BackgroundJob/BatchPrintJob.php
No syntax errors detected in ./lib/Controller/HealthController.php
No syntax errors detected in ./lib/Controller/MergeController.php
No syntax errors detected in ./lib/Controller/SettingsController.php
No syntax errors detected in ./lib/Controller/PrintController.php
No syntax errors detected in ./lib/Controller/TemplatePreviewController.php
No syntax errors detected in ./lib/Controller/DashboardController.php
No syntax errors detected in ./lib/Controller/VersionController.php
No syntax errors detected in ./lib/Controller/Pdfa3ConversionController.php
No syntax errors detected in ./lib/Controller/ExtractionController.php
No syntax errors detected in ./lib/Controller/CaseDocumentsController.php
No syntax errors detected in ./lib/Controller/TemplateVersionsController.php
No syntax errors detected in ./lib/Controller/PreferencesController.php
No syntax errors detected in ./lib/Controller/ConsentController.php
No syntax errors detected in ./lib/Controller/AnonymiserWarningController.php
No syntax errors detected in ./lib/Controller/PostRegisterController.php
No syntax errors detected in ./lib/Controller/RedactionOutputController.php
No syntax errors detected in ./lib/Controller/EmlPreviewController.php
No syntax errors detected in ./lib/Controller/ScanIntakeController.php
No syntax errors detected in ./lib/Controller/SignerIdentityController.php
No syntax errors detected in ./lib/Controller/PrintJobController.php
No syntax errors detected in ./lib/Controller/GlAccountSuggestionController.php
No syntax errors detected in ./lib/Controller/SignerIdentitySettingsController.php
No syntax errors detected in ./lib/Controller/ValidationController.php
No syntax errors detected in ./lib/Controller/DocumentController.php
No syntax errors detected in ./lib/Controller/ReportRenderController.php
No syntax errors detected in ./lib/Controller/FinalDocumentController.php
No syntax errors detected in ./lib/Controller/MetadataController.php
No syntax errors detected in ./lib/Controller/DossierController.php
No syntax errors detected in ./lib/Controller/StandingConsentController.php
No syntax errors detected in ./lib/Controller/PortalSigningReceiverController.php
No syntax errors detected in ./lib/Controller/DocumentProductionController.php
No syntax errors detected in ./lib/Controller/DossierManagementController.php
No syntax errors detected in ./lib/Controller/CustomDictionaryController.php
No syntax errors detected in ./lib/Controller/MetricsController.php
No syntax errors detected in ./lib/Controller/TemplateRequestHandler.php
No syntax errors detected in ./lib/Controller/ComparisonController.php
No syntax errors detected in ./lib/Controller/TemplatesController.php
No syntax errors detected in ./lib/Controller/BatchAnonymizationController.php
No syntax errors detected in ./lib/Controller/PolicyController.php
No syntax errors detected in ./lib/Controller/PdfController.php
No syntax errors detected in ./lib/Controller/SetupController.php
No syntax errors detected in ./lib/Controller/AnonymizationController.php
No syntax errors detected in ./lib/Controller/IntakeController.php
No syntax errors detected in ./lib/Controller/CorrespondenceController.php
No syntax errors detected in ./lib/Controller/SigningFolderController.php
No syntax errors detected in ./lib/Controller/SigningController.php
No syntax errors detected in ./lib/Middleware/LanguageNegotiationMiddleware.php
No syntax errors detected in ./lib/Repair/ConsolidateRegisters.php
No syntax errors detected in ./lib/Repair/ConsolidateRegistersDecisions.php
No syntax errors detected in ./lib/Repair/RenameDutchColumns.php
No syntax errors detected in ./lib/Repair/MigrateAppConfigKeys.php
No syntax errors detected in ./lib/Repair/MigrateUserPreferences.php
No syntax errors detected in ./lib/Repair/MigrateSchemaApplicationId.php
No syntax errors detected in ./lib/Repair/ConsolidateRegistersGateway.php
No syntax errors detected in ./lib/Event/SigningConcludedEventFactory.php
No syntax errors detected in ./lib/Event/DocumentGenerationRequestedEvent.php
No syntax errors detected in ./lib/Event/SignerStepRejectedEvent.php
No syntax errors detected in ./lib/Event/IntakeDocumentReceivedEvent.php
No syntax errors detected in ./lib/Event/SigningConcludedEvent.php
No syntax errors detected in ./lib/Event/DocumentGeneratedEvent.php
No syntax errors detected in ./lib/Event/GlAccountSuggestedEvent.php
No syntax errors detected in ./lib/Event/SignerStepApprovedEvent.php
No syntax errors detected in ./lib/Event/DocumentSigningRequestedEvent.php
No syntax errors detected in ./lib/Event/FinancialExtractionCompletedEvent.php
No syntax errors detected in ./lib/Event/SignerStepPendingEvent.php
No syntax errors detected in ./lib/Event/SignerChainCompletedEvent.php
No syntax errors detected in ./lib/Event/SigningProvenance.php
No syntax errors detected in ./lib/Flow/FilinqFlowNodeListener.php
No syntax errors detected in ./lib/Flow/GenerateDocumentNode.php
No syntax errors detected in ./lib/AppInfo/RegistrationBootstrap.php
No syntax errors detected in ./lib/AppInfo/OpenRegisterAutoloader.php
No syntax errors detected in ./lib/AppInfo/PdfConversionRegistrar.php
No syntax errors detected in ./lib/AppInfo/DocumentGenerationRegistrar.php
No syntax errors detected in ./lib/AppInfo/ObjectEventRegistrar.php
No syntax errors detected in ./lib/AppInfo/Application.php
No syntax errors detected in ./lib/AppInfo/IntegrationLeafRegistrar.php
No syntax errors detected in ./lib/AppInfo/SigningEventRegistrar.php
No syntax errors detected in ./lib/AppInfo/MetricsEngineFactory.php
No syntax errors detected in ./lib/AppInfo/ObservabilityRegistrar.php
No syntax errors detected in ./lib/Mcp/FilinqScannableServices.php
No syntax errors detected in ./lib/Service/SigningVerificationService.php
No syntax errors detected in ./lib/Service/DocumentGenerationRequestService.php
No syntax errors detected in ./lib/Service/UploadFragmentReaper.php
No syntax errors detected in ./lib/Service/DocumentFinalityRuleService.php
No syntax errors detected in ./lib/Service/ConsentRecordWriter.php
No syntax errors detected in ./lib/Service/AnonymizationResultParser.php
No syntax errors detected in ./lib/Service/LegalBasesSummaryService.php
No syntax errors detected in ./lib/Service/DossierContextService.php
No syntax errors detected in ./lib/Service/AnonymizeRequestValidator.php
No syntax errors detected in ./lib/Service/FolderFileEnumerator.php
No syntax errors detected in ./lib/Service/MergeJobRepository.php
No syntax errors detected in ./lib/Service/Signing/GuardianConsentGuard.php
No syntax errors detected in ./lib/Service/Signing/NativeSigningProvider.php
No syntax errors detected in ./lib/Service/Signing/ConsentBasisBuilder.php
No syntax errors detected in ./lib/Service/Signing/SigningProviderInterface.php
No syntax errors detected in ./lib/Service/Signing/SigningCancellationService.php
No syntax errors detected in ./lib/Service/Signing/ValidSignProvider.php
No syntax errors detected in ./lib/Service/Signing/GuardianAgePolicy.php
No syntax errors detected in ./lib/Service/Signing/GuardianEntryPreparer.php
No syntax errors detected in ./lib/Service/Signing/AssertionCanonicalizer.php
No syntax errors detected in ./lib/Service/Signing/SigningProviderFactory.php
No syntax errors detected in ./lib/Service/DomainFolderService.php
No syntax errors detected in ./lib/Service/DocumentMergeService.php
No syntax errors detected in ./lib/Service/EmlEnvelopeRenderer.php
No syntax errors detected in ./lib/Service/DocumentDownloadRecorder.php
No syntax errors detected in ./lib/Service/MetadataService.php
No syntax errors detected in ./lib/Service/RelationSkipDecisionService.php
No syntax errors detected in ./lib/Service/SigningMandateService.php
No syntax errors detected in ./lib/Service/TemplateService.php
No syntax errors detected in ./lib/Service/DossierObjectRepository.php
No syntax errors detected in ./lib/Service/PdfStreamReaderFactory.php
No syntax errors detected in ./lib/Service/BatchRequestService.php
No syntax errors detected in ./lib/Service/EmlStructureReader.php
No syntax errors detected in ./lib/Service/PartySuggestionService.php
No syntax errors detected in ./lib/Service/FinancialExtractionService.php
No syntax errors detected in ./lib/Service/ProhibitionPolicyService.php
No syntax errors detected in ./lib/Service/SigningConclusionEmitter.php
No syntax errors detected in ./lib/Service/ConsentScopeValidator.php
No syntax errors detected in ./lib/Service/SigningFolderService.php
No syntax errors detected in ./lib/Service/DocumentDomainService.php
No syntax errors detected in ./lib/Service/SignedArtifactProducer.php
No syntax errors detected in ./lib/Service/DocumentVersionService.php
No syntax errors detected in ./lib/Service/PolicyRuleNormaliser.php
No syntax errors detected in ./lib/Service/IntakeDefaultRuleService.php
No syntax errors detected in ./lib/Service/GlAccountSuggestionService.php
No syntax errors detected in ./lib/Service/SeparatorSheetService.php
No syntax errors detected in ./lib/Service/SigningRequestValidator.php
No syntax errors detected in ./lib/Service/TextAnalysisService.php
No syntax errors detected in ./lib/Service/AnonymizeRequestService.php
No syntax errors detected in ./lib/Service/DocumentObjectServiceResolver.php
No syntax errors detected in ./lib/Service/TemplateLanguageService.php
No syntax errors detected in ./lib/Service/ScanProfileService.php
No syntax errors detected in ./lib/Service/SigningActorResolver.php
No syntax errors detected in ./lib/Service/DossierObjectReader.php
No syntax errors detected in ./lib/Service/ConsentService.php
No syntax errors detected in ./lib/Service/FolderBatchService.php
No syntax errors detected in ./lib/Service/ExternalMountValidator.php
No syntax errors detected in ./lib/Service/EmlAttachmentRenderer.php
No syntax errors detected in ./lib/Service/TemplatePreviewService.php
No syntax errors detected in ./lib/Service/AnonymiserBackendStateClient.php
No syntax errors detected in ./lib/Service/IntakeFilePlacement.php
No syntax errors detected in ./lib/Service/EmlPdfAssemblyService.php
No syntax errors detected in ./lib/Service/DocumentService.php
No syntax errors detected in ./lib/Service/BatchStateRepository.php
No syntax errors detected in ./lib/Service/DocumentValidationService.php
No syntax errors detected in ./lib/Service/Redaction/RedactionOutputModes.php
No syntax errors detected in ./lib/Service/Redaction/RedactionReviewGate.php
No syntax errors detected in ./lib/Service/Redaction/RedactionOutputGuard.php
No syntax errors detected in ./lib/Service/Redaction/DownloadAgreementGate.php
No syntax errors detected in ./lib/Service/Redaction/DownloadAgreementRepository.php
No syntax errors detected in ./lib/Service/Redaction/PublicationListComposer.php
No syntax errors detected in ./lib/Service/Redaction/AnonymizationLinkReader.php
No syntax errors detected in ./lib/Service/Redaction/RedactionVerdictRecorder.php
No syntax errors detected in ./lib/Service/Redaction/DetectionRunIdentity.php
No syntax errors detected in ./lib/Service/Redaction/RedactionReviewMarkRepository.php
No syntax errors detected in ./lib/Service/Redaction/RedactionIrreversibilityVerifier.php
No syntax errors detected in ./lib/Service/Redaction/RedactionLeakRoute.php
No syntax errors detected in ./lib/Service/ConfidentialityLabelService.php
No syntax errors detected in ./lib/Service/TextNormaliser.php
No syntax errors detected in ./lib/Service/BatchExtractionService.php
No syntax errors detected in ./lib/Service/EmlPreviewService.php
No syntax errors detected in ./lib/Service/SigningAuditService.php
No syntax errors detected in ./lib/Service/DossierEntityCollector.php
No syntax errors detected in ./lib/Service/BasesResolverService.php
No syntax errors detected in ./lib/Service/LegalBasisProposalService.php
No syntax errors detected in ./lib/Service/BaseLabelResolver.php
No syntax errors detected in ./lib/Service/ObjectResultExtractor.php
No syntax errors detected in ./lib/Service/DemoDataService.php
No syntax errors detected in ./lib/Service/CustomDictionaryMatchService.php
No syntax errors detected in ./lib/Service/Editing/OdfBlockStyleCodec.php
No syntax errors detected in ./lib/Service/Editing/PackageCodec.php
No syntax errors detected in ./lib/Service/Editing/SpreadsheetFamilyCodec.php
No syntax errors detected in ./lib/Service/Editing/OdpPresentationCodec.php
No syntax errors detected in ./lib/Service/Editing/GuardedWriter.php
No syntax errors detected in ./lib/Service/Editing/EditSessionService.php
No syntax errors detected in ./lib/Service/Editing/DocumentGuard.php
No syntax errors detected in ./lib/Service/Editing/OoxmlBlockStyleCodec.php
No syntax errors detected in ./lib/Service/Editing/PptxPresentationCodec.php
No syntax errors detected in ./lib/Service/Editing/DocumentAgentService.php
No syntax errors detected in ./lib/Service/Editing/AgentArtefactMarker.php
No syntax errors detected in ./lib/Service/Editing/PresentationCodec.php
No syntax errors detected in ./lib/Service/Editing/PresentationFamilyCodec.php
No syntax errors detected in ./lib/Service/Editing/ChartCodec.php
No syntax errors detected in ./lib/Service/Editing/SpreadsheetCodec.php
No syntax errors detected in ./lib/Service/Editing/XlsxSpreadsheetCodec.php
No syntax errors detected in ./lib/Service/Editing/OdsSpreadsheetCodec.php
No syntax errors detected in ./lib/Service/Editing/DocumentCodecs.php
No syntax errors detected in ./lib/Service/Editing/PackageMetadataCodec.php
No syntax errors detected in ./lib/Service/Editing/PackagePartIo.php
No syntax errors detected in ./lib/Service/Editing/XmlBlockScanner.php
No syntax errors detected in ./lib/Service/Editing/BlockStyleFamilyCodec.php
No syntax errors detected in ./lib/Service/Editing/BlockStyleCodec.php
No syntax errors detected in ./lib/Service/LanguageClassifier.php
No syntax errors detected in ./lib/Service/EmlTemplateLoader.php
No syntax errors detected in ./lib/Service/CustomDictionaryDetectionRunner.php
No syntax errors detected in ./lib/Service/IntakeRepository.php
No syntax errors detected in ./lib/Service/PostRegisterReader.php
No syntax errors detected in ./lib/Service/ReplacementVerificationService.php
No syntax errors detected in ./lib/Service/Extraction/AmountExtractor.php
No syntax errors detected in ./lib/Service/Extraction/VatIdExtractor.php
No syntax errors detected in ./lib/Service/Extraction/IbanExtractor.php
No syntax errors detected in ./lib/Service/Extraction/DateExtractor.php
No syntax errors detected in ./lib/Service/Extraction/KvkExtractor.php
No syntax errors detected in ./lib/Service/Extraction/TotalsReconciler.php
No syntax errors detected in ./lib/Service/DossierPlaceholderRanker.php
No syntax errors detected in ./lib/Service/CorrespondenceService.php
No syntax errors detected in ./lib/Service/Validation/DocumentFileInspector.php
No syntax errors detected in ./lib/Service/Validation/ValidationProfileResolver.php
No syntax errors detected in ./lib/Service/Conversion/MpdfBackend.php
No syntax errors detected in ./lib/Service/Conversion/PhpWordIo.php
No syntax errors detected in ./lib/Service/Conversion/PhpWordBackend.php
No syntax errors detected in ./lib/Service/Conversion/OutputLayoutResolver.php
No syntax errors detected in ./lib/Service/Conversion/ConversionBackendInterface.php
No syntax errors detected in ./lib/Service/Conversion/OfficeAppBackend.php
No syntax errors detected in ./lib/Service/Conversion/LibreOfficeHeadlessBackend.php
No syntax errors detected in ./lib/Service/Conversion/EmlBackend.php
No syntax errors detected in ./lib/Service/Conversion/SofficeProcessRunner.php
No syntax errors detected in ./lib/Service/LegalBasisCatalog.php
No syntax errors detected in ./lib/Service/ConfidentialityLabel.php
No syntax errors detected in ./lib/Service/ScanBatchRepository.php
No syntax errors detected in ./lib/Service/CustomDictionaryAccessGate.php
No syntax errors detected in ./lib/Service/DocumentReviewService.php
No syntax errors detected in ./lib/Service/OpenRegisterResolver.php
No syntax errors detected in ./lib/Service/ConsentCrudService.php
No syntax errors detected in ./lib/Service/MergedPdfDocument.php
No syntax errors detected in ./lib/Service/DossierSummaryDataService.php
No syntax errors detected in ./lib/Service/SigningService.php
No syntax errors detected in ./lib/Service/PlainLanguageRenditionService.php
No syntax errors detected in ./lib/Service/FlatFileListService.php
No syntax errors detected in ./lib/Service/FinalDocumentFailureMapper.php
No syntax errors detected in ./lib/Service/PolicyMatchService.php
No syntax errors detected in ./lib/Service/SavedViewReader.php
No syntax errors detected in ./lib/Service/BatchUploadService.php
No syntax errors detected in ./lib/Service/ConsentPolicyReferentValidator.php
No syntax errors detected in ./lib/Service/CaseArchiveWriter.php
No syntax errors detected in ./lib/Service/UploadPolicyService.php
No syntax errors detected in ./lib/Service/FileListingService.php
No syntax errors detected in ./lib/Service/FileUploadService.php
No syntax errors detected in ./lib/Service/EmlAnonymizationService.php
No syntax errors detected in ./lib/Service/EntityDetectionService.php
No syntax errors detected in ./lib/Service/Intake/ScanFolderIntakeFeeder.php
No syntax errors detected in ./lib/Service/Intake/IntakeNotificationReach.php
No syntax errors detected in ./lib/Service/Intake/IntakeReadingProgress.php
No syntax errors detected in ./lib/Service/CustomDictionaryRepository.php
No syntax errors detected in ./lib/Service/TemplateSlugResolver.php
No syntax errors detected in ./lib/Service/DomainFolderGateway.php
No syntax errors detected in ./lib/Service/ObjectionDeadlineChecker.php
No syntax errors detected in ./lib/Service/ConsentNotesHelper.php
No syntax errors detected in ./lib/Service/PolicyCrudService.php
No syntax errors detected in ./lib/Service/FinalDocumentRepository.php
No syntax errors detected in ./lib/Service/PortalSigningDocumentResolver.php
No syntax errors detected in ./lib/Service/SubjectErasure/SubjectErasurePreview.php
No syntax errors detected in ./lib/Service/SubjectErasure/SubjectErasureJob.php
No syntax errors detected in ./lib/Service/SubjectErasure/SubjectErasureRules.php
No syntax errors detected in ./lib/Service/PageLayoutService.php
No syntax errors detected in ./lib/Service/AnonymizationPersistenceService.php
No syntax errors detected in ./lib/Service/PdfService.php
No syntax errors detected in ./lib/Service/DocumentTextExtractor.php
No syntax errors detected in ./lib/Service/IntakeService.php
No syntax errors detected in ./lib/Service/OpenRegisterAvailabilityService.php
No syntax errors detected in ./lib/Service/DocumentGenerationRequestRules.php
No syntax errors detected in ./lib/Service/ScanPageReader.php
No syntax errors detected in ./lib/Service/NextcloudMountCapabilityProbe.php
No syntax errors detected in ./lib/Service/ProhibitionOverrideCommitter.php
No syntax errors detected in ./lib/Service/SettingsService.php
No syntax errors detected in ./lib/Service/DomainDirectory.php
No syntax errors detected in ./lib/Service/TemplateVersionService.php
No syntax errors detected in ./lib/Service/GrondslagenPdfWriter.php
No syntax errors detected in ./lib/Service/FileEntityStatsService.php
No syntax errors detected in ./lib/Service/ScanBatchService.php
No syntax errors detected in ./lib/Service/Pdfa3ConversionService.php
No syntax errors detected in ./lib/Service/OcrService.php
No syntax errors detected in ./lib/Service/DocumentAnonymizeRunner.php
No syntax errors detected in ./lib/Service/PhpWordHtmlRenderer.php
No syntax errors detected in ./lib/Service/OpenRegisterServiceLocator.php
No syntax errors detected in ./lib/Service/UnredactedEntitiesValidator.php
No syntax errors detected in ./lib/Service/ProhibitionGateService.php
No syntax errors detected in ./lib/Service/GeneratedDocumentLogger.php
No syntax errors detected in ./lib/Service/Charts/BarChartRenderer.php
No syntax errors detected in ./lib/Service/Charts/ChartLegendRenderer.php
No syntax errors detected in ./lib/Service/Charts/SvgPrimitives.php
No syntax errors detected in ./lib/Service/Charts/TableDataNormalizer.php
No syntax errors detected in ./lib/Service/Charts/ChartLabelFormatter.php
No syntax errors detected in ./lib/Service/Charts/CartesianFrame.php
No syntax errors detected in ./lib/Service/Charts/ThousandsFormatter.php
No syntax errors detected in ./lib/Service/Charts/ChartDataNormalizer.php
No syntax errors detected in ./lib/Service/Charts/TableCellFormatter.php
No syntax errors detected in ./lib/Service/Charts/TableHtmlRenderer.php
No syntax errors detected in ./lib/Service/Charts/ChartSvgRenderer.php
No syntax errors detected in ./lib/Service/Charts/ChartRenderError.php
No syntax errors detected in ./lib/Service/Charts/ChartScale.php
No syntax errors detected in ./lib/Service/Charts/ChartPalette.php
No syntax errors detected in ./lib/Service/Charts/PieChartRenderer.php
No syntax errors detected in ./lib/Service/Charts/LineChartRenderer.php
No syntax errors detected in ./lib/Service/ProhibitionSkipTier.php
No syntax errors detected in ./lib/Service/PdfDocumentFactory.php
No syntax errors detected in ./lib/Service/PrintJobService.php
No syntax errors detected in ./lib/Service/PeriodicDocumentService.php
No syntax errors detected in ./lib/Service/CaseArchiveService.php
No syntax errors detected in ./lib/Service/ConsentUpdateHandler.php
No syntax errors detected in ./lib/Service/TemplateRenderer.php
No syntax errors detected in ./lib/Service/DocumentStorageService.php
No syntax errors detected in ./lib/Service/BatchReportService.php
No syntax errors detected in ./lib/Service/Suggestion/SupplierIdentityResolver.php
No syntax errors detected in ./lib/Service/Suggestion/HistoryRanker.php
No syntax errors detected in ./lib/Service/Suggestion/CategoryKeywordMapper.php
No syntax errors detected in ./lib/Service/PdfConversionService.php
No syntax errors detected in ./lib/Service/RegisterDiscoveryService.php
No syntax errors detected in ./lib/Service/CustomDictionaryPayloadNormaliser.php
No syntax errors detected in ./lib/Service/Comparison/WordDiffer.php
No syntax errors detected in ./lib/Service/Comparison/RedactionAnnotator.php
No syntax errors detected in ./lib/Service/FinalDocumentUnfreezeService.php
No syntax errors detected in ./lib/Service/Pdfa3MetadataAssembler.php
No syntax errors detected in ./lib/Service/IntakeDetachmentService.php
No syntax errors detected in ./lib/Service/FinalDocumentCorrectionService.php
No syntax errors detected in ./lib/Service/MergeCoverRenderer.php
No syntax errors detected in ./lib/Service/PlainRenditionAcceptanceGate.php
No syntax errors detected in ./lib/Service/SettingsInitializer.php
No syntax errors detected in ./lib/Service/SignerAuth/AssuranceLevel.php
No syntax errors detected in ./lib/Service/SignerAuth/SigningAssuranceGate.php
No syntax errors detected in ./lib/Service/SignerAuth/AuthChallenge.php
No syntax errors detected in ./lib/Service/SignerAuth/IdTokenValidator.php
No syntax errors detected in ./lib/Service/SignerAuth/NextcloudSessionProvider.php
No syntax errors detected in ./lib/Service/SignerAuth/IdentityEvidence.php
No syntax errors detected in ./lib/Service/SignerAuth/OidcPendingAuthentications.php
No syntax errors detected in ./lib/Service/SignerAuth/SubjectPseudonymiser.php
No syntax errors detected in ./lib/Service/SignerAuth/OidcTokenExchange.php
No syntax errors detected in ./lib/Service/SignerAuth/SignerStepUpService.php
No syntax errors detected in ./lib/Service/SignerAuth/SignerAuthSettings.php
No syntax errors detected in ./lib/Service/SignerAuth/SignerAuthContext.php
No syntax errors detected in ./lib/Service/SignerAuth/SignerAuthProviderFactory.php
No syntax errors detected in ./lib/Service/SignerAuth/BrokerCredentialResolver.php
No syntax errors detected in ./lib/Service/SignerAuth/OidcBrokerProvider.php
No syntax errors detected in ./lib/Service/SignerAuth/IdentityEvidenceStore.php
No syntax errors detected in ./lib/Service/SignerAuth/SignerAuthenticationProviderInterface.php
No syntax errors detected in ./lib/Service/AnonymisedPdfOutputService.php
No syntax errors detected in ./lib/Service/IntakeAuthorizationGate.php
No syntax errors detected in ./lib/Service/DossierManagementService.php
No syntax errors detected in ./lib/Service/BatchStateService.php
No syntax errors detected in ./lib/Service/ListReferenceResolver.php
No syntax errors detected in ./lib/Service/WooProfileService.php
No syntax errors detected in ./lib/Service/DomainFolderReconciler.php
No syntax errors detected in ./lib/Service/MountCapabilityProbe.php
No syntax errors detected in ./lib/Service/GrondslagenSummaryAttacher.php
No syntax errors detected in ./lib/Service/EntityConsolidationService.php
No syntax errors detected in ./lib/Service/BatchAnonymizeService.php
No syntax errors detected in ./lib/Service/DocumentComparisonService.php
No syntax errors detected in ./lib/Service/Office/SupportedTypeProbe.php
No syntax errors detected in ./lib/Service/Office/OfficeSuiteCapabilityService.php
No syntax errors detected in ./lib/Service/DossierFileService.php
No syntax errors detected in ./lib/Service/DataResolverService.php
No syntax errors detected in ./lib/Service/CustomDictionaryService.php
No syntax errors detected in ./lib/Service/AnonymizationService.php
No syntax errors detected in ./lib/Service/DocumentRenderPipeline.php
No syntax errors detected in ./lib/Service/PolicyRetroactiveService.php
No syntax errors detected in ./lib/Service/IntakeRoutingService.php
No syntax errors detected in ./lib/Service/FinalDocumentService.php
No syntax errors detected in ./lib/Service/ReportRenderService.php
No syntax errors detected in ./lib/EventListener/EnrichmentRunner.php
No syntax errors detected in ./lib/EventListener/FilinqEventListener.php
No syntax errors detected in ./lib/EventListener/EntityRelationDecisionListener.php
No syntax errors detected in ./lib/EventListener/RegisterDocumentsLeafListener.php
No syntax errors detected in ./lib/EventListener/FilinqEventHandler.php
No syntax errors detected in ./lib/EventListener/DocumentSigningRequestedListener.php
No syntax errors detected in ./lib/EventListener/IntakeDocumentReceivedListener.php
No syntax errors detected in ./lib/EventListener/ValidationRunner.php
No syntax errors detected in ./lib/EventListener/DossierCheckedOnListener.php
No syntax errors detected in ./lib/EventListener/SigningTaskListener.php
No syntax errors detected in ./lib/EventListener/DocumentGenerationRequestedListener.php
No syntax errors detected in ./lib/EventListener/DocumentRegistrationWriteGuard.php
No syntax errors detected in ./lib/EventListener/SignerEventTranslator.php
No syntax errors detected in ./lib/Command/OfficeProbeCommand.php
No syntax errors detected in ./lib/Sections/FilinqAdmin.php
No syntax errors detected in ./lib/Exception/MergeRefusedException.php
No syntax errors detected in ./lib/Exception/PolicyRejectedException.php
No syntax errors detected in ./lib/Exception/Pdfa3ConversionException.php
No syntax errors detected in ./lib/Exception/AgreementStoreUnreadableException.php
No syntax errors detected in ./lib/Exception/ConversionFailedException.php
No syntax errors detected in ./lib/Exception/DocumentFinalException.php
No syntax errors detected in ./lib/Exception/StepUpRequiredException.php
No syntax errors detected in ./lib/Exception/SigningCancellationNotSupportedException.php
No syntax errors detected in ./lib/Exception/UploadRefusedException.php
No syntax errors detected in ./lib/Exception/RegisterNotConfiguredException.php
No syntax errors detected in ./lib/Exception/MergeJobStoreUnreadableException.php
No syntax errors detected in ./lib/Exception/IntakeRefusedException.php
No syntax errors detected in ./lib/Exception/PlainRenditionRefusedException.php
No syntax errors detected in ./lib/Exception/RedactionNotReviewedException.php
No syntax errors detected in ./lib/Exception/ComparisonException.php
No syntax errors detected in ./lib/Exception/ProhibitionGateException.php
No syntax errors detected in ./lib/Dashboard/AnonymizationWidget.php
No syntax errors detected in ./lib/Dashboard/FileEntitiesWidget.php
No syntax errors detected in ./lib/Portal/PortalAssertionVerifier.php
No syntax errors detected in ./lib/Portal/PortalContributionProvider.php
No syntax errors detected in ./lib/Settings/FilinqAdmin.php
No syntax errors detected in ./.php-cs-fixer.dist.php
No syntax errors detected in ./.tmp/base/NativeSigningProvider.php
No syntax errors detected in ./.tmp/base/SigningService.php
No syntax errors detected in ./.tmp/base/PortalSigningReceiverController.php
No syntax errors detected in ./.tmp/base/SigningController.php
No syntax errors detected in ./.tmp/hydra-gates.5A6L0254/php-code-copies/lib_Service_Signing_NativeSigningProvider.php
No syntax errors detected in ./.tmp/hydra-gates.5A6L0254/php-code-copies/lib_Service_Signing_GuardianAgePolicy.php
No syntax errors detected in ./.tmp/hydra-gates.5A6L0254/php-code-copies/lib_Service_SignedArtifactProducer.php
No syntax errors detected in ./.tmp/hydra-gates.5A6L0254/php-code-copies/appinfo_routes.php
No syntax errors detected in ./.tmp/hydra-gates.5A6L0254/php-code-copies/lib_Service_Signing_GuardianConsentGuard.php
No syntax errors detected in ./.tmp/hydra-gates.5A6L0254/php-code-copies/lib_Service_SettingsService.php
No syntax errors detected in ./.tmp/hydra-gates.5A6L0254/php-code-copies/lib_Controller_PortalSigningReceiverController.php
No syntax errors detected in ./.tmp/hydra-gates.5A6L0254/php-code-copies/lib_Service_Signing_ConsentBasisBuilder.php
No syntax errors detected in ./.tmp/hydra-gates.5A6L0254/php-code-copies/lib_Service_Signing_GuardianEntryPreparer.php
No syntax errors detected in ./.tmp/hydra-gates.5A6L0254/php-code-copies/lib_Service_SigningService.php
No syntax errors detected in ./.tmp/hydra-gates.5A6L0254/route-auth-masked/lib_Controller_PortalSigningReceiverController.php
No syntax errors detected in ./.tmp/phpstan/resultCache.php
No syntax errors detected in ./.tmp/phpstan/cache/nette.configurator/Container_1826de2d2c.php
No syntax errors detected in ./.tmp/phpstan/cache/nette.configurator/Container_dd0edad824.php
No syntax errors detected in ./.tmp/phpstan/cache/nette.configurator/Container_66406f9447.php
No syntax errors detected in ./.tmp/phpstan/cache/PHPStan/49/21/492170143108fe434f8b0d0847c74d1e138b0b29f62d485b171bbf78cb526622.php
No syntax errors detected in ./.tmp/phpstan/cache/PHPStan/49/eb/49eba91c2f52ef9cd289fe3d856ec19e678892f18dc6443ff2a6a16a4902d84d.php
No syntax errors detected in ./.tmp/phpstan/cache/PHPStan/6d/fe/6dfe59f9fbb5c32b23f480944302a57cf0e62f05e946dec36b59d3e5937649d0.php
No syntax errors detected in ./.tmp/phpstan/cache/PHPStan/6d/14/6d141da858d577f403f5cc51c45815fad4e33d82530a28550969761ecef99206.php
No syntax errors detected in ./.tmp/phpstan/cache/PHPStan/6d/36/6d36b2fa383478bf2ef0ae5550848ea5a4505c02426b854eb3b82130a6d67bb1.php
No syntax errors detected in ./.tmp/phpstan/cache/PHPStan/6d/8a/6d8a6942f77b2a2d758c24fe698bad7a87dc67675ee72b1ecd39e213b1993f0e.php
No syntax errors detected in ./.tmp/phpstan/cache/PHPStan/6d/08/6d08ab66bf3cbd7abfcdca87092628d463db69bdd9dcc8d7937fff0cdfdd7333.php
No syntax errors detected in ./.tmp/phpstan/cache/PHPStan/6d/b6/6db6008eb4309279f7d4e6844676cdde547ee2051e7ac8bd3dd4028df0c4044d.php
No syntax errors detected in ./.tmp/phpstan/cache/PHPStan/6d/0c/6d0ce55b7f223b82072599de561c9438d0038f24718f77644d9a27f92918d1a1.php
No syntax errors detected in ./.tmp/phpstan/cache/PHPStan/6d/fa/6dfabb977599f35a2c1610734a61aaabc24226bb9f4f29e6665708c70e38c67e.php
No syntax errors detected in ./.tmp/phpstan/cache/PHPStan/6d/31/6d31a67a24c4ab429a666b42e3e1a25990d0c21d25db3d8be5c762e02023d86f.php
No syntax errors detected in ./.tmp/phpstan/cache/PHPStan/52/d6/52d6f9dd3a1e84e90c5f7bc02afd0f11c63518a66b0c324eb7819e9313ad5cba.php
No syntax errors detected in ./.tmp/phpstan/cache/PHPStan/52/86/5286e233443f48a239760cf76da89d6f34f077a4802cdefcd181f2891fea667f.php
No syntax errors detected in ./.tmp/phpstan/cache/PHPStan/52/fd/52fdabeb381645838176916d85267dad7c8f9a2d19500f8e50565da609a08454.php
No syntax errors detected in ./.tmp/phpstan/cache/PHPStan/52/8a/528a370d7498bbd0b58cf0431f8cc2055a3561c8d4e5bfe6e1528a0bd1bd3727.php
No syntax errors detected in ./.tmp/phpstan/cache/PHPStan/52/92/529251ff84d7187147ebcd1c0e61508e73b44127c188d52b468313f6187b00de.php
No syntax errors detected in ./.tmp/phpstan/cache/PHPStan/52/62/5262d3abf77f4133ff7760a23756ac32a49b1f7d282db96a5b5f6f73b5fe6e11.php
No syntax errors detected in ./.tmp/phpstan/cache/PHPStan/27/12/271232d3c2425cfaa874bf1449c62a9f96cc7554d15ff7f33337af4024787217.php
No syntax errors detected in ./.tmp/phpstan/cache/PHPStan/27/12/2712c2b5656dd4547475d31e5ff7135af6a777831f0c2951e8aeca13359c7ab9.php
No syntax errors detected in ./.tmp/phpstan/cache/PHPStan/27/bc/27bcb03e51929ff627d80fd680878c3c0cdf8dc727e6643ded4eb5e82e7269f5.php
No syntax errors detected in ./.tmp/phpstan/cache/PHPStan/27/33/2733174f5e36d562a636b94e5134f2ab47e1100761cc5e9c8248b3c77a9bc85f.php
No syntax errors detected in ./.tmp/phpstan/cache/PHPStan/27/cd/27cdabc3d299ccfe43d67b9f0d0f123b04ac59f49ff2d022c3c3238b8fa6ec69.php
No syntax errors detected in ./.tmp/phpstan/cache/PHPStan/27/4e/274e2a9ce421e4436db50b6e4bd8ee8924ecc0220914d95888327779363a89cf.php
No syntax errors detected in ./.tmp/phpstan/cache/PHPStan/27/04/27047fb30d6dfb10da73610a511bf9ba50b28d1a2d9172e4bc0db765a6c9bf23.php
No syntax errors detected in ./.tmp/phpstan/cache/PHPStan/27/59/27597acf05adff7c4c7e0125b2e6e67fa6e2d0082ab2dd2e4939d8e897fed07c.php
No syntax errors detected in ./.tmp/phpstan/cache/PHPStan/c5/e3/c5e3416fec8f5e43f0d7d09926e7fc8e8e2616e2f427ffb514f62c0ccba3766a.php
No syntax errors detected in ./.tmp/phpstan/cache/PHPStan/c5/37/c53765ad6150943adbb8c01659001715f1a2b21cd23e54f7f42db074dd74180d.php
No syntax errors detected in ./.tmp/phpstan/cache/PHPStan/c5/9e/c59e88ef4481f2b1208711b9c50e3d97b7a2e2024e8d0840d66e4fc328d01adb.php
No syntax errors detected in ./.tmp/phpstan/cache/PHPStan/c5/7a/c57a423910e179c2d81554f626ba6278f242210200ad3e2d9f4e42f63852aac6.php
No syntax errors detected in ./.tmp/phpstan/cache/PHPStan/c5/b2/c5b2593d59437a61b2d59ee7d719d8c494012b1c931ab87e167b97c8663ac775.php
No syntax errors detected in ./.tmp/phpstan/cache/PHPStan/1c/61/1c610da7fdab4c7888deb1b579af1c50442e2019656e85c3451e40a24ba0afd9.php
No syntax errors detected in ./.tmp/phpstan/cache/PHPStan/1c/3d/1c3db0a5f3ace5824ec1a58c043808c9b95ba481e97a540ae96555cc388c2675.php
No syntax errors detected in ./.tmp/phpstan/cache/PHPStan/1c/d3/1cd340ef2cd91e2dd0ab76b25efe164150b21943bb299a1fa135cde8ba041a2f.php
No syntax errors detected in ./.tmp/phpstan/cache/PHPStan/0a/35/0a35c7bfe1a4edf3009957ff0d6a87829317ba027614e609565930345c56cf79.php
No syntax errors detected in ./.tmp/phpstan/cache/PHPStan/0a/79/0a79ee67d57b011a62ab0c136ceb74bce4c863b3df9a20f87f52c6b185dbc388.php
No syntax errors detected in ./.tmp/phpstan/cache/PHPStan/0a/77/0a7765a3eefbece9c47777668432c191aa495a9ad8e4a0ec2d0b169638588569.php
No syntax errors detected in ./.tmp/phpstan/cache/PHPStan/0a/03/0a03ed0fbfb36b411318229076abfa7ae8a4e2cbff670f3052c78b0d29eefd1d.php
No syntax errors detected in ./.tmp/phpstan/cache/PHPStan/0a/d3/0ad352f9bf8db97aab18eb5906b579c88221159a8f75a0fc80030c611c6c88f9.php
No syntax errors detected in ./.tmp/phpstan/cache/PHPStan/0a/b7/0ab760a112cdebbfdaf70e1bbc9cc8edf088a148e8abeb582f1d12deda81fd6f.php
No syntax errors detected in ./.tmp/phpstan/cache/PHPStan/7d/82/7d82bf71d1ae7edb3a3dcbfb0f7c6e0be59fdc0728f6c55261dd35ca68929348.php
No syntax errors detected in ./.tmp/phpstan/cache/PHPStan/7d/e3/7de3ff89b31dccc8006d18ee0cd66d333d89bfb888fcf45d5d91105f64d0831a.php
No syntax errors detected in ./.tmp/phpstan/cache/PHPStan/7d/b0/7db0aed0c2d4eac0d35097f06f04a39f8db85474725b399a88380beba1787931.php
No syntax errors detected in ./.tmp/phpstan/cache/PHPStan/7d/b5/7db56e7723e18ea8ef32b76e35cf7c0d290f670dec7e0d2323ef67fd15560c34.php
No syntax errors detected in ./.tmp/phpstan/cache/PHPStan/7d/a7/7da70a194508d3f7be56b9259cfc8da4ace68dd06c2db6a723a79e936ab0548e.php
No syntax errors detected in ./.tmp/phpstan/cache/PHPStan/7d/21/7d218b9ed44da6e599d9cd7da83408c183da7cb9771d5145aae543c6344c5b54.php
No syntax errors detected in ./.tmp/phpstan/cache/PHPStan/7d/f1/7df1ff90cdc5c326ff57ec546223ae304feeab732ba463f5190cb589476a17f1.php
No syntax errors detected in ./.tmp/phpstan/cache/PHPStan/20/47/2047daacc8253c38cd428a00d86f5bd6b17a61d998e2efb683196213917b87ed.php
No syntax errors detected in ./.tmp/phpstan/cache/PHPStan/20/05/2005f63c2bf9422e7d97da07e87d5c786ddf2ed91004a93d8fb5889b8894176a.php
No syntax errors detected in ./.tmp/phpstan/cache/PHPStan/20/e7/20e7dd61e997cc6aba83133e7ae0beb8b23070e22f6b37805766ce883eef65f9.php
No syntax errors detected in ./.tmp/phpstan/cache/PHPStan/20/b3/20b32beb9738f7b25b63e93a21a5365a94df5c7c03711b9b70b9c0ef783adb51.php
No syntax errors detected in ./.tmp/phpstan/cache/PHPStan/82/82/8282eaf95c3aa60a2d38e4ee3f142595918e264f9bc398d16a88153dcd759e41.php
No syntax errors detected in ./.tmp/phpstan/cache/PHPStan/82/ec/82ec11066770e6a4345d0cd280d9836aa5dfcedcf6bb6f6944f327543fea686f.php
No syntax errors detected in ./.tmp/phpstan/cache/PHPStan/82/e0/82e0d19f5d7d298e6c3efe0c76e00fe16b385fd0bbf54b1915e1d67dbf506808.php
No syntax errors detected in ./.tmp/phpstan/cache/PHPStan/82/63/82638efa03ac3964e832790a47f462bb9fa7075a3d8a4dc541258c9ca416125b.php
No syntax errors detected in ./.tmp/phpstan/cache/PHPStan/82/18/82189c1f6d8dd3a74e88b3fa1843fd22b31bfcc31195383c9790e4ab5ddcb4bd.php
No syntax errors detected in ./.tmp/phpstan/cache/PHPStan/8e/8b/8e8b6958aa1d1910b2a3e791c45575cdf1d07d98ec99c40cd019ca7dae2c040f.php
No syntax errors detected in ./.tmp/phpstan/cache/PHPStan/8e/dc/8edca515972ff0a0c282be3e543a0fb71bdfbfd584e43a1549524afdbd0d4d18.php
No syntax errors detected in ./.tmp/phpstan/cache/PHPStan/06/37/0637723cb8fcc36cdfafeba4928ec374348586666259fc67c9adde2b0540bb85.php
No syntax errors detected in ./.tmp/phpstan/cache/PHPStan/06/87/068738c4fe47b586bc4c7c94d96b8b2d7e2cf3da269e31045ddc15e535bc379b.php
No syntax errors detected in ./.tmp/phpstan/cache/PHPStan/06/aa/06aaefa323341053251639f730e2e9abb1c1f7f417b2f35f4383445f7821a739.php
No syntax errors detected in ./.tmp/phpstan/cache/PHPStan/06/9d/069d46225564d2374e38b9e9b39972a76588bde3a14d92a1950518222ff13655.php
No syntax errors detected in ./.tmp/phpstan/cache/PHPStan/06/dd/06dd52e640bdd508b9e22b1f2573a50d1e6831cfdd2e7e70f9489b47ab8136d8.php
No syntax errors detected in ./.tmp/phpstan/cache/PHPStan/e3/51/e351c636a5d76fe3eabc4ff50dac9e7dabd75a89273c179fd7c7e4d32f00a1d8.php
No syntax errors detected in ./.tmp/phpstan/cache/PHPStan/e3/28/e328b23d02f45749a22f295288085c6565c4c8e9d8116b4a2c6f2b3d948c485c.php
No syntax errors detected in ./.tmp/phpstan/cache/PHPStan/e3/9c/e39cda1a3bc286ed4a7e28173d7edfb81438081ee4448760b86a0f42f1e27b9f.php
No syntax errors detected in ./.tmp/phpstan/cache/PHPStan/e3/9e/e39ea2285602683438219af162041020cb06817d0bae566b1980e47dd303c931.php
No syntax errors detected in ./.tmp/phpstan/cache/PHPStan/e3/c4/e3c4a383735edc8b17d6156b4d9d6ff166d6bea374b60a5d6871c3f87d3d4e08.php
No syntax errors detected in ./.tmp/phpstan/cache/PHPStan/e3/ef/e3ef95c09feea3411f5142e3942af5e5521bb5e4359427e764bc19a02a116e71.php
No syntax errors detected in ./.tmp/phpstan/cache/PHPStan/e3/16/e3160229dcb4892b93af8044131e0acd13700915db1956bdbc030c4318c760bf.php
No syntax errors detected in ./.tmp/phpstan/cache/PHPStan/e3/cb/e3cb1644e8c512046b131d6c711a2aa17481aa95f498980c7a5d8599ba678dfc.php
No syntax errors detected in ./.tmp/phpstan/cache/PHPStan/e3/b6/e3b62c3184b79ed6449b5e5213b2426a14fa49bfc7528b34e2fe3f7e9ab964fa.php
No syntax errors detected in ./.tmp/phpstan/cache/PHPStan/e3/f4/e3f4045a1c576ae8fe6309367064538815100be5f83860e0d2d8177ccf63ea0f.php
No syntax errors detected in ./.tmp/phpstan/cache/PHPStan/e3/6c/e36c95b09a460ae569327be2b26d8d4c79669a5d7bbc8886efffb5ecdc20a368.php
No syntax errors detected in ./.tmp/phpstan/cache/PHPStan/c3/0a/c30a98097dc1f96ab1cdd8b9d805a8c60760287fbff4dc2ddd0602f90ddf09fd.php
No syntax errors detected in ./.tmp/phpstan/cache/PHPStan/c3/20/c320a508d0ad1cd114f0c1f6762c3c6c253a9fb3bd151e90fe2f0c180374171d.php
No syntax errors detected in ./.tmp/phpstan/cache/PHPStan/c3/33/c3334eeb6c14bcfa23d6bf70fd54f39c3b621da1b21614926097c09b2d7062d2.php
No syntax errors detected in ./.tmp/phpstan/cache/PHPStan/c3/4e/c34ef07811a1b282a1fc596e7cacdab428368e56e283ca95a5a9ae52d6f727f0.php
No syntax errors detected in ./.tmp/phpstan/cache/PHPStan/c3/ac/c3ac22c629a33bdaaf8f20460a8d8c78ce0add029c7e3755f655b41fe19eb68a.php
No syntax errors detected in ./.tmp/phpstan/cache/PHPStan/c3/17/c317620e9111f9bf7207fa3b72492cfa275a603f589571839be725e896cb3448.php
No syntax errors detected in ./.tmp/phpstan/cache/PHPStan/c3/b9/c3b9f62d6731ef6b453d0d7b5a54613f3c13518e74b609ac2bfb92bcbdcc5bd8.php
No syntax errors detected in ./.tmp/phpstan/cache/PHPStan/cc/f3/ccf3e1b4ac7f8dbd925b3262ba5f9215385b433e2e43f1b1635eebe48b1f01dc.php
No syntax errors detected in ./.tmp/phpstan/cache/PHPStan/cc/72/cc72d3997c81b14dc698f51b69f1f021552b370cbc7b3e32975b1a364f3af206.php
No syntax errors detected in ./.tmp/phpstan/cache/PHPStan/cc/10/cc1010ccfc66e23695f997db11ce2ee1199898a749cc75c7e1200671ea79f44e.php
No syntax errors detected in ./.tmp/phpstan/cache/PHPStan/cc/68/cc68aa337891b80e20527ad4ec68d4b467dc3a364497f9ff0f42dbdbfb91dcc4.php
No syntax errors detected in ./.tmp/phpstan/cache/PHPStan/4c/ad/4cadd49e5cbd7de6a053eda43b01704d3eb10ce5ef3822d8cfc85c967271e567.php
No syntax errors detected in ./.tmp/phpstan/cache/PHPStan/4c/28/4c28537c526939a75fec067541bc7d4436aca78e61a575f837639011166e236a.php
No syntax errors detected in ./.tmp/phpstan/cache/PHPStan/4c/33/4c33e2df92c18fb6166ee8ac1e0dcf827eda9fc02a0f4f7275e728803f6dc4fe.php
No syntax errors detected in ./.tmp/phpstan/cache/PHPStan/4c/1f/4c1fdca4709180e1eedb89d03faa39aaf791f9f5b50742e87a8c8c3371cc4bdd.php
No syntax errors detected in ./.tmp/phpstan/cache/PHPStan/4c/1b/4c1bc818ba89084cdf2598d84aa5e8620612df9e7642f12c6a868f1951987468.php
No syntax errors detected in ./.tmp/phpstan/cache/PHPStan/7c/0a/7c0a1609b8bfc176150ccee39a1284a52dd0b69c1cc2cc55bf68476720f1922e.php
No syntax errors detected in ./.tmp/phpstan/cache/PHPStan/7c/7d/7c7d0464119b82636f9c9b31a5837ddf17daab96009ed534f42abbba84d25ba7.php
No syntax errors detected in ./.tmp/phpstan/cache/PHPStan/7c/7d/7c7d616b38e28a924cb4a7bdd2cec3814aee9c561383e2c5c6c65855954d1a05.php
No syntax errors detected in ./.tmp/phpstan/cache/PHPStan/7c/b5/7cb51e40c8af622ba28de49724e6dbad8c0ac80533465cfb2205537e8def4958.php
No syntax errors detected in ./.tmp/phpstan/cache/PHPStan/7c/9f/7c9f3a0aadddc4b78a61763933d8f5568a90f6c8ba3220219af33810bf74a2d1.php
No syntax errors detected in ./.tmp/phpstan/cache/PHPStan/7c/9f/7c9f51afd827121cfd9ed23cf6d826f64642bb2f4badc9180aa1933599ef5002.php
No syntax errors detected in ./.tmp/phpstan/cache/PHPStan/7c/21/7c21f3f3df8e70036641b945bd0ba5f248a5320dd0b4fe67dcdd0961e79c625a.php
No syntax errors detected in ./.tmp/phpstan/cache/PHPStan/7c/b6/7cb60aac65b0edfa13bce3eea8d79bb0789fb9a4ace9a05ab7007b92f9bbba23.php
No syntax errors detected in ./.tmp/phpstan/cache/PHPStan/7c/2f/7c2fbe25b68ecab29b3bad42c6f8fb5664488433430cfd2dbe4a0f8349780a89.php
No syntax errors detected in ./.tmp/phpstan/cache/PHPStan/96/5b/965bf8381b3038af3f69512dfe803c25ebda51cc6326404042beaa3b3dacbae3.php
No syntax errors detected in ./.tmp/phpstan/cache/PHPStan/96/6b/966b1ab878131f3b92f1680cc74361999be74ccbb6d70b899697e1ed9d039d97.php
No syntax errors detected in ./.tmp/phpstan/cache/PHPStan/96/df/96dfba984c844d42dc0d5ba5c8213678fd6671dda7085c43e1016425aa66cd3a.php
No syntax errors detected in ./.tmp/phpstan/cache/PHPStan/96/39/96397e3a61b53c177170d43d45bbcbfe0f578f3f2ff2588ff54e8d76744211cc.php
No syntax errors detected in ./.tmp/phpstan/cache/PHPStan/96/50/9650116dc803b6f86e2ae233223184e373343b772474267431ad3fee140e28d8.php
No syntax errors detected in ./.tmp/phpstan/cache/PHPStan/96/2b/962bdaf0dc5ed4b0be0790ac98330304713e5d338dbb9a22a499b723d6b5b87e.php
No syntax errors detected in ./.tmp/phpstan/cache/PHPStan/ad/30/ad3061b8b34b3aa5f312df1a6611724454b98be71bac8eea6e72419f433e838f.php
No syntax errors detected in ./.tmp/phpstan/cache/PHPStan/ad/fd/adfd7d7898e4a9f152ec8cb2832eb9c6472dcc72095bcdd6fdaee7a35d247a85.php
No syntax errors detected in ./.tmp/phpstan/cache/PHPStan/ad/b1/adb17ee87858bd65eca5933ba4e297ad16deddec052aaf537c18234140dc47c7.php
No syntax errors detected in ./.tmp/phpstan/cache/PHPStan/a5/11/a5113dc52174774462b86cb3e10f7940a662c98905b3ed35cb8b02c52724ad16.php
No syntax errors detected in ./.tmp/phpstan/cache/PHPStan/a5/62/a56215375e5b991ed194602d4214de6d788009de1a876b1ec5987edbae8c91ae.php
No syntax errors detected in ./.tmp/phpstan/cache/PHPStan/a1/29/a12948e5cea97e6eba6d6ec44ff724222e004c1ab7c22e5031b683922b7ddd78.php
No syntax errors detected in ./.tmp/phpstan/cache/PHPStan/a1/14/a114e0f7a855742a3d46507fd14894fcce84de692defc330a15f6ef896c528a1.php
No syntax errors detected in ./.tmp/phpstan/cache/PHPStan/a1/8a/a18aedcb0ec1a04d084ae840ba78ed51da3d485054f9ed2358dc59913d36949a.php
No syntax errors detected in ./.tmp/phpstan/cache/PHPStan/a1/de/a1de90b2ede98f3b88f631b591273f4ad67e21c04b42d61888d8c5bd296183d6.php
No syntax errors detected in ./.tmp/phpstan/cache/PHPStan/a1/68/a168354dcb5851467d1b79595041a64bb2fd5c007e73793cc0dbacd83f6aeae2.php
No syntax errors detected in ./.tmp/phpstan/cache/PHPStan/a1/c8/a1c852d81c4dcaf449ad8e94ade873c42c50665f62dfce74118869bf928512ad.php
No syntax errors detected in ./.tmp/phpstan/cache/PHPStan/be/7c/be7c2310614f76e7297decb06c55414f9a0915f07a0d6528810f8c2cfcafa93a.php
No syntax errors detected in ./.tmp/phpstan/cache/PHPStan/be/d6/bed6c84acf4b50f50189c6fb5338ccac63faece7ed310beac3ce02e9b6ca2ca7.php
No syntax errors detected in ./.tmp/phpstan/cache/PHPStan/be/33/be33881a0997edc7ee110cbc37b39b0e253b089c0a0a4b31baab46369dd1c749.php
No syntax errors detected in ./.tmp/phpstan/cache/PHPStan/be/04/be04c1ac81205d9534cf61f2748b3e24e7b81bf3ef9b36be8063b6a4a451d433.php
No syntax errors detected in ./.tmp/phpstan/cache/PHPStan/be/ca/beca41a53f4fb350a82e8bccf09b013d8a5adb7d6110fabfe5479249c3e1d812.php
No syntax errors detected in ./.tmp/phpstan/cache/PHPStan/a2/8e/a28e64360b9b82a547ee903785ae35edb2dd0bdbd91d0103b291f55cab5f9731.php
No syntax errors detected in ./.tmp/phpstan/cache/PHPStan/a2/4c/a24cb7e6b176d27bd12ddca3ab5895b073737ee4c0ea1d654d3e295a698e61e7.php
No syntax errors detected in ./.tmp/phpstan/cache/PHPStan/a2/25/a225f72dc261a45356ed30499b698dacf3b32f745879efd38a4c46ab9dd7200d.php
No syntax errors detected in ./.tmp/phpstan/cache/PHPStan/a2/58/a2588abeeb69c3a3773f94fdb9a11880fd040d280886066f00c6ce67c0cba42e.php
No syntax errors detected in ./.tmp/phpstan/cache/PHPStan/a2/85/a285beee16685812bc3bffaf3206451b1c67768733968be2a990591a806d5657.php
No syntax errors detected in ./.tmp/phpstan/cache/PHPStan/a2/03/a20327f7bfd3039dd2c67216363f6ed598de7d6d2e863a54b143dd70ce97d0e6.php
No syntax errors detected in ./.tmp/phpstan/cache/PHPStan/a2/ec/a2ecee420c69d7cc1d94986806b694547aa4c1e3154905631b7e5be3e216b960.php
No syntax errors detected in ./.tmp/phpstan/cache/PHPStan/a2/5e/a25e76e2bcade076604ca93400d7f0fa2a18ac89e0656d9810f4b0048c3d8ce3.php
No syntax errors detected in ./.tmp/phpstan/cache/PHPStan/ee/1c/ee1c2246eb8a58736a0a347392595fc571ade8fee7f40b04fc123c274ebb7287.php
No syntax errors detected in ./.tmp/phpstan/cache/PHPStan/ee/4c/ee4cea89fe82cbc4360d2021dcf50664900dd7c6c305d10ee3ed817f9a347458.php
No syntax errors detected in ./.tmp/phpstan/cache/PHPStan/ee/5f/ee5f93fe839f7fd15c42aac8760819fe0c3b93ab9f8bdb3641e9b85d2d8bd2f7.php
No syntax errors detected in ./.tmp/phpstan/cache/PHPStan/ee/07/ee0703bd09b1de5a7a0e28a2ef2717fbe8894616a82889983d38a01f24cc5352.php
No syntax errors detected in ./.tmp/phpstan/cache/PHPStan/ee/98/ee9883a47f65ab4b413bd086f92b1013979c8378a6b22d8b7cabe9fd63f255af.php
No syntax errors detected in ./.tmp/phpstan/cache/PHPStan/ee/29/ee293995c510babeb7220339ed9fa6c85d282d486e7c0674e8dc58d45eb02b67.php
No syntax errors detected in ./.tmp/phpstan/cache/PHPStan/ee/1f/ee1ff647d4fdad789f8484b3dacc4d74559282b2d051cb1416f245c90a17e27c.php
No syntax errors detected in ./.tmp/phpstan/cache/PHPStan/ee/d1/eed19319ac50c2c94e650f67483425d7cfa17b1a092e7c09b02edebd8b402123.php
No syntax errors detected in ./.tmp/phpstan/cache/PHPStan/ee/c4/eec42df5bfa3360e1ec28ee8f75eabf5d02d996b5306730219e46a6666e03767.php
No syntax errors detected in ./.tmp/phpstan/cache/PHPStan/ee/6f/ee6fc549e69ed7e312dc8940f845e8db4a94a1d8240f31193c1758b0593e894f.php
No syntax errors detected in ./.tmp/phpstan/cache/PHPStan/ee/99/ee99012d7baafd00f9fb3e7b990e4c2d63f8643d28e6d88036f850100e379f53.php
No syntax errors detected in ./.tmp/phpstan/cache/PHPStan/ee/d3/eed30ca64df4dbdd4f7303f31d8b532bfd202a2972ba01d97454be29b97cb6ec.php
No syntax errors detected in ./.tmp/phpstan/cache/PHPStan/ee/6e/ee6e02df0540634c0c23adb12b8187b8b0564623ebeff49e300a3dece3a4cf24.php
No syntax errors detected in ./.tmp/phpstan/cache/PHPStan/53/3d/533dff4f7c3f52503073aa66febd9c71e751399d09276251ad6972b7824659c6.php
No syntax errors detected in ./.tmp/phpstan/cache/PHPStan/53/d4/53d42a1e9bc915bcd72b8861d7e8a259983d6c01c4067b3bb9ec99793be9f5aa.php
No syntax errors detected in ./.tmp/phpstan/cache/PHPStan/53/a6/53a6b3573807babd15fcc389d75f3830ff6f9af7ad97c20715a335c6cd907bc0.php
No syntax errors detected in ./.tmp/phpstan/cache/PHPStan/d7/a3/d7a33c1ee2d08919ff6599b7688405f2a801784b4ef720768b720e6a90936f22.php
No syntax errors detected in ./.tmp/phpstan/cache/PHPStan/d7/8b/d78b4524627bc6c8350a7a3c11f1669a0652ed2fa080bc8a59e8896470026ab9.php
No syntax errors detected in ./.tmp/phpstan/cache/PHPStan/d7/08/d708b748836dcd3cb3d77581e0522494fefef0a9f1608ce9f9b4514dda4070e0.php
No syntax errors detected in ./.tmp/phpstan/cache/PHPStan/d7/34/d73485af062b29d982c91b2b860e2b58471c12e8a8d3c67a97ec59c023d7dec4.php
No syntax errors detected in ./.tmp/phpstan/cache/PHPStan/d7/78/d7785cea53edf32602ab1546ad2f7942f90cbf3b7bd8bc2f3a01a9e8e9dccfc6.php
No syntax errors detected in ./.tmp/phpstan/cache/PHPStan/d7/fa/d7fa3524d55480fca9db8a028e96159cfd21c344f9b7c3aab081388ff5bf88a2.php
No syntax errors detected in ./.tmp/phpstan/cache/PHPStan/d7/95/d7955d4c00efdc1e01e37239f50a3a823c224357373364fb9569bc4650cf687e.php
No syntax errors detected in ./.tmp/phpstan/cache/PHPStan/44/c9/44c997e653baee60660448d9ed02cc86a2615ef68ff2d9f4eb7d074c4b69471e.php
No syntax errors detected in ./.tmp/phpstan/cache/PHPStan/44/89/4489e0f487b43e991dfef46c77e00c2ae3ae7259fefab3f506862d6977e2ada9.php
No syntax errors detected in ./.tmp/phpstan/cache/PHPStan/44/0e/440e005075e4380d219f1daf53c64816db8b4df833d1f32b9d50481c304cf430.php
No syntax errors detected in ./.tmp/phpstan/cache/PHPStan/44/94/4494f169066dc86734f125d34168fd418233c9223e0cfae36cc204a00c6c419e.php
No syntax errors detected in ./.tmp/phpstan/cache/PHPStan/44/0c/440c7bc65c969c456b6fbb49e7fa865d5c7d19a153e0a716e1be456f2c2a974d.php
No syntax errors detected in ./.tmp/phpstan/cache/PHPStan/3e/5c/3e5c3e937885e4559f9d4bfec6474b5bbea340deb8328ad59ae3f738c37361e2.php
No syntax errors detected in ./.tmp/phpstan/cache/PHPStan/3e/32/3e32b518489cd5471ac899a792c7f8b7c96dfb82264b73e552fe5df45ef66307.php
No syntax errors detected in ./.tmp/phpstan/cache/PHPStan/3e/0d/3e0d846f321105e152feb7cbf8b5c0244f2af13b0ae3f09b0292e79399d9af5f.php
No syntax errors detected in ./.tmp/phpstan/cache/PHPStan/30/52/305271db3234d14cb60810ae67c3a4bf336419c125e2f016142c5cff11ef95f9.php
No syntax errors detected in ./.tmp/phpstan/cache/PHPStan/30/a5/30a592637d8c18630863c8e4fade979de44bb36215839441e88b423d3406c156.php
No syntax errors detected in ./.tmp/phpstan/cache/PHPStan/30/c0/30c02d4a2c518a39d384922fcfc6d4544184f60a4785a5883727af95fe1854ac.php
No syntax errors detected in ./.tmp/phpstan/cache/PHPStan/30/b3/30b38d4fef43e9886e2ad1ea248226fea998a360a92289af211f0edc8a6d49b2.php
No syntax errors detected in ./.tmp/phpstan/cache/PHPStan/30/b7/30b7cd7ad299bdf3c8ec211a86676bbdf076b9dcb4b3cd872374c749b6f0211f.php
No syntax errors detected in ./.tmp/phpstan/cache/PHPStan/a3/8e/a38e945cddd9c8434edd563e3be0483ed9a60655533643fc85a4bc6ff5ced7ef.php
No syntax errors detected in ./.tmp/phpstan/cache/PHPStan/a3/e2/a3e28b92fa7b38b44afb870ed398a729782718c28fa2eed16ad94b04db87823a.php
No syntax errors detected in ./.tmp/phpstan/cache/PHPStan/a3/e2/a3e27c2717d706430bb4e4f907d52af8b68b4fc0abd99038ac286d7b8c9e33b9.php
No syntax errors detected in ./.tmp/phpstan/cache/PHPStan/a3/1a/a31a767c9062f5580a00b1174424d3707a175a6bbee238098b5db7c7a1f4dcf4.php
No syntax errors detected in ./.tmp/phpstan/cache/PHPStan/73/5f/735f7493e4c39cafb268821932d120327c076e4592fea24994282c3d587b9713.php
No syntax errors detected in ./.tmp/phpstan/cache/PHPStan/73/3b/733b27bf9266970903b302559901d1c538970a40df4766579d948e3861fee76e.php
No syntax errors detected in ./.tmp/phpstan/cache/PHPStan/73/2d/732db57df0ff8e43ef7c080ebec645f82a3e5896a595b3f8bcbf8006d0911776.php
No syntax errors detected in ./.tmp/phpstan/cache/PHPStan/73/ac/73ac1b19a1e541e2f04fda0fd4f7500284b906ebfa2dd59e27e5acdfbf050c0a.php
No syntax errors detected in ./.tmp/phpstan/cache/PHPStan/73/69/7369e37933247f22ee0cff80818b2d676c23fd042e2fe0a1d90c5a3fd98796d5.php
No syntax errors detected in ./.tmp/phpstan/cache/PHPStan/73/f4/73f4fdcae50610ce2a11dafb0b7ba6d7d4be26be51f8cca53def9d6e223c55fe.php
No syntax errors detected in ./.tmp/phpstan/cache/PHPStan/d6/e3/d6e306e5e35d51c673f2af006342b9a396df234335174bcaae41a2c3aaaa8f4a.php
No syntax errors detected in ./.tmp/phpstan/cache/PHPStan/d6/92/d6927d54031837006fc4cb6969e18f81be57f25d9cf4d62e810189663ea42e06.php
No syntax errors detected in ./.tmp/phpstan/cache/PHPStan/5f/1a/5f1adc3bba8d19ef51937f765c0187310c5a9ff500fddeb0de14f57c8e0f0df2.php
No syntax errors detected in ./.tmp/phpstan/cache/PHPStan/f5/46/f546a77d0358549ea7abbe0f9d67c9f50623e20ef5939afc2a315f510622a24f.php
No syntax errors detected in ./.tmp/phpstan/cache/PHPStan/f5/25/f525d25a80b5858aca572eba1d662deeb91ec018bd495d2c67d08bbab96a66df.php
No syntax errors detected in ./.tmp/phpstan/cache/PHPStan/f5/9a/f59a9ffcdae2364d619e5dfdacf6287cc0e399cafce6a8543628ef21a8bfe22d.php
No syntax errors detected in ./.tmp/phpstan/cache/PHPStan/f5/01/f501b186bdf26d7b3773e46437fa3b48cb6c3be810883e55368bd137dc6f2143.php
No syntax errors detected in ./.tmp/phpstan/cache/PHPStan/f5/ec/f5ec8e5bb61424c9d8e50e40fc7cd060e5c86a3e618e90856eb8535077d0ea37.php
No syntax errors detected in ./.tmp/phpstan/cache/PHPStan/c9/0a/c90a8732a727ddefe6137b48e61b50b41a4ee432316297b978c4a7861f253d71.php
No syntax errors detected in ./.tmp/phpstan/cache/PHPStan/c9/a5/c9a56f5e3770ee9909550ad3f0e7a7e72967ac3dac8ac8e7390303a4cb230d9f.php
No syntax errors detected in ./.tmp/phpstan/cache/PHPStan/c9/b4/c9b4989564bf155b3a32fdae6e4be8d59bb98adefe9eaec8af3edcb9052d7448.php
No syntax errors detected in ./.tmp/phpstan/cache/PHPStan/c9/fb/c9fb643e3833eeb342ab53f38486b5417f99eecb0e96e5e5d172d5d09d07e267.php
No syntax errors detected in ./.tmp/phpstan/cache/PHPStan/c9/bb/c9bba5a2e8cda53ec74b5af03e327a71793045f11cf4203a965c732d478438de.php
No syntax errors detected in ./.tmp/phpstan/cache/PHPStan/c9/04/c9049e45248dad66b5245afddcc29a70666098884d14514ac3f5d60e7a918958.php
No syntax errors detected in ./.tmp/phpstan/cache/PHPStan/c9/6c/c96c80edd9c58985dc71f52f1a0445131f2357f5f2f1f6882d2bdffd5038d3ee.php
No syntax errors detected in ./.tmp/phpstan/cache/PHPStan/c9/b7/c9b71bce42da2d0451ca1edb9ba0c880366bff74d3abe2a2e97c90ede05e3491.php
No syntax errors detected in ./.tmp/phpstan/cache/PHPStan/5b/7d/5b7d984e698e6e92c2fdfe9cb56ef860a35b86e6e79809b2f490da6fb3f2709e.php
No syntax errors detected in ./.tmp/phpstan/cache/PHPStan/5b/c3/5bc37065b8ee885334328a9130b156a0df78c19592077036593cfe767e8b19ed.php
No syntax errors detected in ./.tmp/phpstan/cache/PHPStan/5b/79/5b79e56f76a8703f28e0b0682743b6c93dcd3b9a855e2decc4e4324c697001ab.php
No syntax errors detected in ./.tmp/phpstan/cache/PHPStan/5b/79/5b7910d143d0db5388191de87f1aac86e43b0fa4f4fca281ae3f04be971ac2b3.php
No syntax errors detected in ./.tmp/phpstan/cache/PHPStan/5b/93/5b934a8360795de57a0924f0552cfe1762422280d2473946b0f9e03a4943a25d.php
No syntax errors detected in ./.tmp/phpstan/cache/PHPStan/5b/74/5b746da87ba86f0ae5cf38aa5e86bb2e98d8cf8cc760ad7e61cd761eeb913c9e.php
No syntax errors detected in ./.tmp/phpstan/cache/PHPStan/5b/b1/5bb1f8726b9b31c8832ab4a7909804413708b7a8d7c9261eabe6b6b9243fc11d.php
No syntax errors detected in ./.tmp/phpstan/cache/PHPStan/47/ed/47ed904c292b43f31b953267627edf347db1e920d1b98b23203cd97ac96c9ec2.php
No syntax errors detected in ./.tmp/phpstan/cache/PHPStan/47/2e/472ee9b13b2dc5ee2edbb449664f5f2cc216830c7daf415edd7057996bf85f42.php
No syntax errors detected in ./.tmp/phpstan/cache/PHPStan/47/94/47948da096ee7c8b67fa2b6835325c95cb1366106b80e4d3b6594943473d99bf.php
No syntax errors detected in ./.tmp/phpstan/cache/PHPStan/f7/3e/f73eea7d620c1695b4b2ec96049f004129a36d6fa5d04ea9ab9373aec8a5bf93.php
No syntax errors detected in ./.tmp/phpstan/cache/PHPStan/f7/a8/f7a86259945d8edb78764f6722207558ca1feab40cf150a1720c954b73d7adf2.php
No syntax errors detected in ./.tmp/phpstan/cache/PHPStan/f7/66/f766a8df2199fbaf80fd491225fba830743a6822dc41cd5aa7ac0e463463acc1.php
No syntax errors detected in ./.tmp/phpstan/cache/PHPStan/f7/ff/f7ffd562bbc321b1040cca70b0c45b4e9c898acaa91ccde1c7e988668e3c7fb4.php
No syntax errors detected in ./.tmp/phpstan/cache/PHPStan/f7/05/f70561e746afc650decf1aecfb74cdd8de094c6ab2cba085ea1fb8343c350b7e.php
No syntax errors detected in ./.tmp/phpstan/cache/PHPStan/f7/cb/f7cb9f730c28aaba89c169bc05d7b48f8e41c82cd55c6ab20b52b9cc6a2ca5e1.php
No syntax errors detected in ./.tmp/phpstan/cache/PHPStan/f7/ac/f7acf502d1631f8e123e967eb712d233a9e45ad616a38667af98af7450710797.php
No syntax errors detected in ./.tmp/phpstan/cache/PHPStan/f7/0f/f70f0fb59de78a9048f544c22c10fa220d304a40dada7518dea6a09dddfd40ec.php
No syntax errors detected in ./.tmp/phpstan/cache/PHPStan/f7/e5/f7e5d97ae44e0993dbf52dc21b672f1dd0c583a81feea75ad29c304188c5b972.php
No syntax errors detected in ./.tmp/phpstan/cache/PHPStan/b4/53/b45376118617af50d4e237b4967ee1b1a94966f91e4a2b0c02d34f407c9d7406.php
No syntax errors detected in ./.tmp/phpstan/cache/PHPStan/b4/81/b481f7aa70b7359f5bc041c3d1f403f5e597bb4293b0a79fac8aa84eb0408ee9.php
No syntax errors detected in ./.tmp/phpstan/cache/PHPStan/b4/d0/b4d0e852d5d6c7a2373aa8c8387e1311551d6f2b02982b62f9ff64d4a4c713c2.php
No syntax errors detected in ./.tmp/phpstan/cache/PHPStan/b4/3d/b43dee75ce3a845a3159b8103b6a7634be2e0f0d4dc0812c6e640f0716b1c428.php
No syntax errors detected in ./.tmp/phpstan/cache/PHPStan/b4/16/b4167aec66b29edac3019b77132297e644f02c24d654a3310150ba07f8950c09.php
No syntax errors detected in ./.tmp/phpstan/cache/PHPStan/b4/60/b4604e79210eccb09578c77e5b3145d8e4b50a5096d49c3b0201c71a6612e7ce.php
No syntax errors detected in ./.tmp/phpstan/cache/PHPStan/b4/d2/b4d27c7c72b2f0f1a499c48c7ad667df659e003dfaf7d436f25623793683db22.php
No syntax errors detected in ./.tmp/phpstan/cache/PHPStan/b4/2b/b42bb599b2423d1a1c4c2c261a6dd84c448d989dc17ffc8e728cab1653ad4dfb.php
No syntax errors detected in ./.tmp/phpstan/cache/PHPStan/b4/54/b45425702f4f54f59ecd3cbe4541c459230ee10035f65f92e73010a49780a1bd.php
No syntax errors detected in ./.tmp/phpstan/cache/PHPStan/b4/22/b422d5cda72b60bb669a7617c533cd669622cdff8ab2ab038a5f2489c4007e98.php
No syntax errors detected in ./.tmp/phpstan/cache/PHPStan/b4/62/b462aa76ae845dadd44ba3277603a9f3bf12ccfef9d5e6438590b25e5e1eeff3.php
No syntax errors detected in ./.tmp/phpstan/cache/PHPStan/5a/1c/5a1c416c7edc3b033aa050066905092cdc6a967a7b841ad02cf565a5a9b12580.php
No syntax errors detected in ./.tmp/phpstan/cache/PHPStan/5a/cc/5acc84ba01b34c7f022038075a0cb1455afacc12b21c954642ca1878da29d6d9.php
No syntax errors detected in ./.tmp/phpstan/cache/PHPStan/5a/be/5abe6642e0a3f9d166e2d6c3518ba54de43a63d82f571577ba163bd8e5fe744b.php
No syntax errors detected in ./.tmp/phpstan/cache/PHPStan/5a/d7/5ad7c53644220665a7c508308e6bb5e7ce325d7abd526017d294129ccb0d3e46.php
No syntax errors detected in ./.tmp/phpstan/cache/PHPStan/5a/f5/5af511544eeb99a98c4ce5753573129e937b1dcb2aa734545e6c2964a3c8c49b.php
No syntax errors detected in ./.tmp/phpstan/cache/PHPStan/5a/14/5a140c805f9f2778eea440f2465381196f56911a194fadc917454cd9e1fcdeb7.php
No syntax errors detected in ./.tmp/phpstan/cache/PHPStan/5a/67/5a67091717d495eae99f24e45d2adbe8752da5039483ebdde0012ecbf1a217b2.php
No syntax errors detected in ./.tmp/phpstan/cache/PHPStan/5a/a6/5aa67b274f9710c8b595d602a30dd931a5758f627ef028219a0d3a8f1d725648.php
No syntax errors detected in ./.tmp/phpstan/cache/PHPStan/b0/82/b08294588a497d8f79d6064b2d128eb447d429ff913aee22309208c7363b6acb.php
No syntax errors detected in ./.tmp/phpstan/cache/PHPStan/b0/3b/b03bc833f2539029260748fb17a8af37ecefde03a2cca3ca7dacbd2ae4d9fabc.php
No syntax errors detected in ./.tmp/phpstan/cache/PHPStan/b0/5c/b05ca4c503feeabc512743b18434509373981c5191498736af37a36fb668e752.php
No syntax errors detected in ./.tmp/phpstan/cache/PHPStan/b0/4a/b04a751189744337103ded18b9734bd7114044396c38cb17b46b1121c38e6696.php
No syntax errors detected in ./.tmp/phpstan/cache/PHPStan/b0/d3/b0d37e85b98632db81423ea5bf4fb84700c152167707eded084873a2f050c077.php
No syntax errors detected in ./.tmp/phpstan/cache/PHPStan/b0/f1/b0f134d14f0fcb083d9b309161788d09be00fc583885bce1b16c56a0b580a8c8.php
No syntax errors detected in ./.tmp/phpstan/cache/PHPStan/b0/59/b0597ea75c98569364a1800081b99fc63a7e9ff8d0ae43f21d3b6e0b9cd921c8.php
No syntax errors detected in ./.tmp/phpstan/cache/PHPStan/8c/cc/8ccc803d71da0623c87a78fd93aae72866d0da863b1f59331b5579ea95354d85.php
No syntax errors detected in ./.tmp/phpstan/cache/PHPStan/8c/cd/8ccd42950cc019603215900f0ac86072b06ae7a95ac81cc223da8c43d6948b76.php
No syntax errors detected in ./.tmp/phpstan/cache/PHPStan/8c/4a/8c4a54bcae3068e587d8b8575180fd1f688333431287c61720fcf3694f720375.php
No syntax errors detected in ./.tmp/phpstan/cache/PHPStan/8c/e2/8ce2df62256466dda112aa1e84d25c37f2d3ad608810afaaaad4628bdd3e0e19.php
No syntax errors detected in ./.tmp/phpstan/cache/PHPStan/8c/2c/8c2cdefa3ddc04463abb5cc1429af203b499612f0d1c4eb0591680a1b1ef9389.php
No syntax errors detected in ./.tmp/phpstan/cache/PHPStan/8c/38/8c3824599d7107c6c0af9967263dc99f0516f9751e32c99536bf00a217dfa2cd.php
No syntax errors detected in ./.tmp/phpstan/cache/PHPStan/51/e3/51e3d6aadbdbf75b5a3a9d63a5bbdb520c83bb31e7b4091edabe6b5010533a31.php
No syntax errors detected in ./.tmp/phpstan/cache/PHPStan/51/7c/517c371cea67e1b7893320afae98e22e16499620cb75ec218d460d49bad0c8a2.php
No syntax errors detected in ./.tmp/phpstan/cache/PHPStan/51/3c/513c6b1e621ce33baf489d3a4466e58c34eb27f47200794ad6d6595f131e1dbd.php
No syntax errors detected in ./.tmp/phpstan/cache/PHPStan/51/a4/51a4062bedfd85d03341d36e61ccf392293a68fded6bda3bcb5118df23a4baaf.php
No syntax errors detected in ./.tmp/phpstan/cache/PHPStan/a8/ee/a8ee10d63d7ff1cd3b87276f878abdbd955ca6284b4048a6eb4a16cab71a9c7d.php
No syntax errors detected in ./.tmp/phpstan/cache/PHPStan/a8/15/a815d126a47c35c53c85d5c916e70ea1ecdb382b923fcdb8fb7818f2dd6c61d4.php
No syntax errors detected in ./.tmp/phpstan/cache/PHPStan/a8/14/a81433e040d82e9ac7814876e554bbb6916aff38896e2b49a9df94eaa88220d8.php
No syntax errors detected in ./.tmp/phpstan/cache/PHPStan/a8/cd/a8cd5a3b83703b66e77a292fe582868043b6f548fa2eacb302d692e644cbe389.php
No syntax errors detected in ./.tmp/phpstan/cache/PHPStan/a8/57/a857ae6bbd204eeeb47197eb164650e0111208f36177890cea11fa841851cb52.php
No syntax errors detected in ./.tmp/phpstan/cache/PHPStan/a8/c0/a8c066d48320255a556edf9dffdbedfd7a2b14abee57ef4468b6b0243edf1811.php
No syntax errors detected in ./.tmp/phpstan/cache/PHPStan/a8/c1/a8c139f965dc7fd6fd2a4f2c272c55b465ee9e5125089db3fb7d19019b429680.php
No syntax errors detected in ./.tmp/phpstan/cache/PHPStan/bd/e4/bde4a189fca66d020da05e2461a670d441ac95ae1cc3949245916415ebb12780.php
No syntax errors detected in ./.tmp/phpstan/cache/PHPStan/bd/6f/bd6fc602333c391ab9983cf71335b90ca8f9ab1e7f5e08266495a8277c62a8c9.php
No syntax errors detected in ./.tmp/phpstan/cache/PHPStan/bd/1d/bd1d7146c5a322580e880e4ee96869b06b01dabc719d5670481104b13b7de563.php
No syntax errors detected in ./.tmp/phpstan/cache/PHPStan/bd/1b/bd1b52cf73735c5d9fdd5676c31a52bfa2aac3b387b37b49a74e744ea121ef29.php
No syntax errors detected in ./.tmp/phpstan/cache/PHPStan/bd/62/bd622a4b424154859cb240813981b9b04e8bb3f2f3ed84608d7dab9733d6f76c.php
No syntax errors detected in ./.tmp/phpstan/cache/PHPStan/66/c5/66c514ca7851e830023245c64a2863b1be1a54379c3806480b15daccdacf2bfb.php
No syntax errors detected in ./.tmp/phpstan/cache/PHPStan/66/c9/66c9c3660753599f0629dd7a8c4abeaefe91420d5e8d79e18beb74931e0bfa4f.php
No syntax errors detected in ./.tmp/phpstan/cache/PHPStan/66/f7/66f7859347a3f7a2aeab5c721146d4909e7234e9ea938df1e86f8213c2dced8d.php
No syntax errors detected in ./.tmp/phpstan/cache/PHPStan/66/b8/66b813f3905990ec9e49185afa35ac966cfce2597d5cbbc4800069ba64a818ef.php
No syntax errors detected in ./.tmp/phpstan/cache/PHPStan/66/c4/66c4ce545eb44cba4068a3f60cda67b0c3de3a39be343bacb0be94e71164a039.php
No syntax errors detected in ./.tmp/phpstan/cache/PHPStan/66/93/669389579c1da9b6a3809e991ff52400fe27d79159ce3511e8f38779a49f1a82.php
No syntax errors detected in ./.tmp/phpstan/cache/PHPStan/66/91/669199bf8d9aba9832ac60b653af1047ebaae3113cd49236c91d5968113e97f6.php
No syntax errors detected in ./.tmp/phpstan/cache/PHPStan/66/08/66081475772fb8526581371ce4a7a8ebb7533c43de1f1d5b32d86b079986a364.php
No syntax errors detected in ./.tmp/phpstan/cache/PHPStan/66/99/669923c3d187078f2c88f2501ba849d9d4a65fc972fbb20fa4c6380cde14eb00.php
No syntax errors detected in ./.tmp/phpstan/cache/PHPStan/66/19/6619a7c91ba9d12e14c2a9c0e2df2b4e45b52d193912b95b6843f85e45190d04.php
No syntax errors detected in ./.tmp/phpstan/cache/PHPStan/66/31/663120d83aeddb51680f6a9e1ac38b266496330bb630099a78237b3be3d49e60.php
No syntax errors detected in ./.tmp/phpstan/cache/PHPStan/66/68/666839c13d148b3a0117f7a5456b5c47538e2b273e97f045f9f2cf921ea4d7f5.php
No syntax errors detected in ./.tmp/phpstan/cache/PHPStan/66/c8/66c87db9cbaf4dddd2e3ba6765bd0363d077fe264b912a4b10c2071e78631434.php
No syntax errors detected in ./.tmp/phpstan/cache/PHPStan/6b/d7/6bd79ec5014b043ff1d14a86efadd0a7ee3a9afbb5c094cd83c3b4956727b2df.php
No syntax errors detected in ./.tmp/phpstan/cache/PHPStan/6b/a3/6ba3a96d5ae65193c4cee269d89f72e69c01db6e074a4e3aff4183cf0af56975.php
No syntax errors detected in ./.tmp/phpstan/cache/PHPStan/6b/fb/6bfb144edabb5afe6a921c391394bc60a64cba26d6c9d074444321b4606789e2.php
No syntax errors detected in ./.tmp/phpstan/cache/PHPStan/6b/bc/6bbc7d5af11c70b43542ed6f8d299c465ae4850d729fc1012abd67af35e946e8.php
No syntax errors detected in ./.tmp/phpstan/cache/PHPStan/6b/76/6b76c2cc426265b2f61841650add1466496449a33380c6a75837100ffca01b5a.php
No syntax errors detected in ./.tmp/phpstan/cache/PHPStan/6b/3f/6b3fd411d0c8e0eeb1cddf4ebfe1e51c460cc73976be2f54aa93400be391553f.php
No syntax errors detected in ./.tmp/phpstan/cache/PHPStan/6b/3f/6b3fe10fee20a3f1ad89e0711098531f81fa59f06fb7576e9e2244994f5bccd5.php
No syntax errors detected in ./.tmp/phpstan/cache/PHPStan/6b/d4/6bd4e02c71c95522713940cc6290ff85e257f5592b4a5ea6be5abf2d1bbcc6ed.php
No syntax errors detected in ./.tmp/phpstan/cache/PHPStan/46/e4/46e4d411516d842f8630f0b4eed6dcbc787a874a2f01aa70d01fa74657a4ae77.php
No syntax errors detected in ./.tmp/phpstan/cache/PHPStan/46/31/4631322fe7efe3a397216af60668055ee937441501baea916b4455729371d242.php
No syntax errors detected in ./.tmp/phpstan/cache/PHPStan/46/54/4654bd188851f37b44f369c8e32a5ebee8bacd1b93f3efd4ca7b6aaf03bec107.php
No syntax errors detected in ./.tmp/phpstan/cache/PHPStan/48/61/4861791c7aad4071d1f5cbc7d53155408219c41b06e0353b745af093387ffeeb.php
No syntax errors detected in ./.tmp/phpstan/cache/PHPStan/48/e8/48e8c62255daa2c6c904e1177b5779c193889f84d47c72fe6ff7b4810e6b40f9.php
No syntax errors detected in ./.tmp/phpstan/cache/PHPStan/48/65/48657bb10a7677e52a7019e91a207ce6e89a001f617a7d3bd599eb18d361b61a.php
No syntax errors detected in ./.tmp/phpstan/cache/PHPStan/48/59/485904b0c6be9f54f835f85dd8b38a22f1f104de49a70f6ee552b841f4336556.php
No syntax errors detected in ./.tmp/phpstan/cache/PHPStan/fb/86/fb86a9c8f29b3bb66aad96de6aeabf74279cc407e9f5d65ea6ded1f7f20540c2.php
No syntax errors detected in ./.tmp/phpstan/cache/PHPStan/fb/07/fb07906ff0619f2a6310473449f0dcba8e0127056c7af274b66002bece12227b.php
No syntax errors detected in ./.tmp/phpstan/cache/PHPStan/fb/a9/fba9e065e2dfab659266375715c582bcb2e862119de9cbedd63a5bc3255c4fa5.php
No syntax errors detected in ./.tmp/phpstan/cache/PHPStan/fb/f8/fbf8728d290086c8ef9958acbbadad12c609cf16d20cd47f1d64d31ac1053f3d.php
No syntax errors detected in ./.tmp/phpstan/cache/PHPStan/fb/23/fb23a04cd167e04ab1821b355dc21924b942828941869f1f2f3138366391991c.php
No syntax errors detected in ./.tmp/phpstan/cache/PHPStan/fb/19/fb196561ff0046a965c42be91958ba4c0cee9854fd6968276561b30f31be19c2.php
No syntax errors detected in ./.tmp/phpstan/cache/PHPStan/55/7c/557c66808c19cba779f95059b89ef1543f5d941196d213826ccf6f1a92f7ff6e.php
No syntax errors detected in ./.tmp/phpstan/cache/PHPStan/55/55/555594aed30c8a93508a88b0a18cdfa5cb3cb571fc611a1d76a1bd7a089030c2.php
No syntax errors detected in ./.tmp/phpstan/cache/PHPStan/55/df/55df81d92ab5822de39e914a79d811ceaedcf8fcac5e1009aabddff88217e288.php
No syntax errors detected in ./.tmp/phpstan/cache/PHPStan/55/cf/55cfd2f9db9bce733b19ff8004349b689101ebe9e99210510db83f2d5c4cf1cc.php
No syntax errors detected in ./.tmp/phpstan/cache/PHPStan/7f/1c/7f1c0a66d8dd33e67610b7e7d81cdabc754a83ba6963ba54d19102807b595f90.php
No syntax errors detected in ./.tmp/phpstan/cache/PHPStan/7f/ee/7fee681d66024b22c0fb36bca1530495c8a696f56c8f4934a4489921bbdedb5a.php
No syntax errors detected in ./.tmp/phpstan/cache/PHPStan/7f/44/7f446c027695d55885c2583897df3af8357ae714d5a032c3c084eae9324419ec.php
No syntax errors detected in ./.tmp/phpstan/cache/PHPStan/7f/64/7f64d315b672feaf5faf7f15856d57c27bdc925e62bcdd0ad35b3f9748fbd766.php
No syntax errors detected in ./.tmp/phpstan/cache/PHPStan/7f/2e/7f2e76463881f32c373c3cd9ec2f16d7841ac4abff327497ae47178bcdc6d604.php
No syntax errors detected in ./.tmp/phpstan/cache/PHPStan/7f/9d/7f9da90c0c56c038699538523bb81ca1a3c87ee84c4a26cff4df620ff4d84fdb.php
No syntax errors detected in ./.tmp/phpstan/cache/PHPStan/7f/34/7f348b379b5a99ddfd997588fde3cba7a7e81a5bdc4f785367ac7afb9e7229ae.php
No syntax errors detected in ./.tmp/phpstan/cache/PHPStan/7f/b1/7fb13e590042a8add63b0be27d32f901ff7d58551aa30cb6f87d23e9acd0bdfb.php
No syntax errors detected in ./.tmp/phpstan/cache/PHPStan/7f/65/7f6557228917518a1629e6df7931a0412b24e6e04d38a3c6b3ece8798c65caf5.php
No syntax errors detected in ./.tmp/phpstan/cache/PHPStan/7f/22/7f22d03dee3be96d4cbf2ab8d8e0117a5f2845af877d41e193f9bec832a49f93.php
No syntax errors detected in ./.tmp/phpstan/cache/PHPStan/7f/b3/7fb34419f124529f413a3882bffcb1c772c274b1c03a8c93611721958abc4eb9.php
No syntax errors detected in ./.tmp/phpstan/cache/PHPStan/7f/b7/7fb76c5e946ea6d1cb76e411a4f6a14cddfb0aca523bb31397b792b93c1933a0.php
No syntax errors detected in ./.tmp/phpstan/cache/PHPStan/86/8e/868e0e4440a8fd21046cfcc9dacff1a1fc9bdd120aa36d5b3dd4daf774a546a3.php
No syntax errors detected in ./.tmp/phpstan/cache/PHPStan/86/5f/865f317ee42a34c566db569e78ec1bbdc7ecb2e7329862801d5383cb13cca709.php
No syntax errors detected in ./.tmp/phpstan/cache/PHPStan/86/5f/865f4296c8ac9eccb239d6fd8d3358f03b65af34ef993d23386d55c4b741b14d.php
No syntax errors detected in ./.tmp/phpstan/cache/PHPStan/86/5b/865b54bb63dd2bdf89b832c13b3a1f5821a647c6b9a1c1cf0b7d6a9148c2605c.php
No syntax errors detected in ./.tmp/phpstan/cache/PHPStan/86/dd/86dd8a0818f8edff04ff93391be665d171f9a7a5d7c6d66f07bee5c260bdee19.php
No syntax errors detected in ./.tmp/phpstan/cache/PHPStan/86/dd/86dd6ca87cc9d33e14a79d04be2f7df647b0922bf3cf721279d9b77e52d8468b.php
No syntax errors detected in ./.tmp/phpstan/cache/PHPStan/86/62/8662751e5cbc3e43ce3d37e23b55ccea37ab8803bf55ab7585242d08bf0e552a.php
No syntax errors detected in ./.tmp/phpstan/cache/PHPStan/35/52/35524e4c8a00fd29d44543a143df4d5fc6d9c1d93251907ae3b7688fe81511b5.php
No syntax errors detected in ./.tmp/phpstan/cache/PHPStan/35/9f/359f59354bc9e251eb6a814b5e81118a2a23ad792736c04d864c8b1796f5fdd2.php
No syntax errors detected in ./.tmp/phpstan/cache/PHPStan/35/11/3511cef25c71cb0c7c562b822658e21f3a30ad54c19e70c504385dff6cfa714a.php
No syntax errors detected in ./.tmp/phpstan/cache/PHPStan/35/50/3550ef75f3740b5020a00a4a36b3ed798eff88bc89c2dbb553c8e71f900a2f65.php
No syntax errors detected in ./.tmp/phpstan/cache/PHPStan/35/bf/35bf55183b3515278848d4db1734a3c8d926f9b46356b97233a3f3e219851b16.php
No syntax errors detected in ./.tmp/phpstan/cache/PHPStan/35/26/352664ade308051d37acae0e7224fd5f1d239c8eeae5f10eafa43f979ff07b81.php
No syntax errors detected in ./.tmp/phpstan/cache/PHPStan/35/e0/35e01f4a3cd96d158de5f758e792a8bb33bbca17461306b99535d46088e3a78f.php
No syntax errors detected in ./.tmp/phpstan/cache/PHPStan/35/2c/352c0fb32849b1d3855c3aff182b22e04bd8c8e3c42a9c6d81c193877d81279e.php
No syntax errors detected in ./.tmp/phpstan/cache/PHPStan/8d/6d/8d6d2ab7deb584e907be5a5e1955d4295510eacb69fee1d89e1f7c957296f301.php
No syntax errors detected in ./.tmp/phpstan/cache/PHPStan/8d/48/8d481611d0598cbea4941cd00cac4e146cf2872bbaff9eb0c87013e829cece0c.php
No syntax errors detected in ./.tmp/phpstan/cache/PHPStan/8d/64/8d64ec84ef3295c26eda947f7311fd401c20b9e5d6954d2977b1aed1bbb19538.php
No syntax errors detected in ./.tmp/phpstan/cache/PHPStan/8d/d5/8dd5c668af077107af93532b98ffe50c516c757483abf61ee4a5dab76be8eddc.php
No syntax errors detected in ./.tmp/phpstan/cache/PHPStan/8d/b7/8db77f8b8bcd19c1054296789c0b5821c5fe159e6e559a565fe6ce0adcbad375.php
No syntax errors detected in ./.tmp/phpstan/cache/PHPStan/df/15/df15ac663e8c1126912912ce48fd2a066c85030f1a4173d3f8eb7ef4b067303d.php
No syntax errors detected in ./.tmp/phpstan/cache/PHPStan/df/3c/df3c9b8a9e071b9e9ea0dfdaaac84c2a2e54639ed3d9f7ebc08f2cd420dcd59b.php
No syntax errors detected in ./.tmp/phpstan/cache/PHPStan/df/85/df85b7fa03a522ca1bd8afeffd2437fe4c543c5734b0250c8dc85e589f24efda.php
No syntax errors detected in ./.tmp/phpstan/cache/PHPStan/df/e0/dfe01fe399fab4c4dbbcdc2213a67acd3ee4ae30cc3446cd1a7bf7a7a1909e69.php
No syntax errors detected in ./.tmp/phpstan/cache/PHPStan/df/f1/dff17884c9d873539a8c9932ed9d2b935b1b65aab6da15c0b94622c100edebca.php
No syntax errors detected in ./.tmp/phpstan/cache/PHPStan/8b/a2/8ba28db27e7d9d366b8cf9c98f3f1326626dbc99970cdcfb160a5888217bb8b1.php
No syntax errors detected in ./.tmp/phpstan/cache/PHPStan/8b/44/8b44e01a65f8380fcb03e6250b4eeecaf8e9f71dee25315f0f0975256cdf4bc8.php
No syntax errors detected in ./.tmp/phpstan/cache/PHPStan/8b/c9/8bc9206fc577476e2781c96df1f3eea6ee61cef2a3ca78e27aa412d7ba625803.php
No syntax errors detected in ./.tmp/phpstan/cache/PHPStan/8b/ef/8bef83d405b0f4dc1b8c18d988e29a0f604fc25e6e21b00370b4a241edc44099.php
No syntax errors detected in ./.tmp/phpstan/cache/PHPStan/8b/ae/8bae737c35ed59095054ffcaaf12fa20f43b42966f93ad57066b379a7d6d08bf.php
No syntax errors detected in ./.tmp/phpstan/cache/PHPStan/8b/26/8b26ce78a7001f03e4e0b96ca90f495ab3a24e58ed3d8bdb5abf4bd98433c4d6.php
No syntax errors detected in ./.tmp/phpstan/cache/PHPStan/45/cc/45ccf584e4ea500a65ffb6e48f6ed17db8bd9822ead1420d70aa89d1df611962.php
No syntax errors detected in ./.tmp/phpstan/cache/PHPStan/45/33/4533cb95730eab4c3db7910ccd59bc2c8b3b9718c2c5d39ed878543e49d478f7.php
No syntax errors detected in ./.tmp/phpstan/cache/PHPStan/45/4e/454e1e5d4163f0614c81f434eb77b313f4f82cb4bc756df829ddb00606a77956.php
No syntax errors detected in ./.tmp/phpstan/cache/PHPStan/45/93/4593a4e53bdc044310e21ca9918a91e2c913f5e4f014717b39b322f4ac5d1834.php
No syntax errors detected in ./.tmp/phpstan/cache/PHPStan/45/78/45783588e55e339bdaf88771ff77c5c14b43e6ca066ebe2de52fad8f2d2a626c.php
No syntax errors detected in ./.tmp/phpstan/cache/PHPStan/45/e8/45e8189364c0686a2545c2b57739eabd23f4cbc588c237fddb9e9377c013229c.php
No syntax errors detected in ./.tmp/phpstan/cache/PHPStan/45/a0/45a06099cc5d419dcc7a958a94649ff4de700b2b334c03afa8576efd96660788.php
No syntax errors detected in ./.tmp/phpstan/cache/PHPStan/45/a0/45a0287e3a87a62233d004b9a20e98de21e09202c1122945e7664ee72bcd95a4.php
No syntax errors detected in ./.tmp/phpstan/cache/PHPStan/45/38/45381991bd1baad961b36bccd5d321040d5d23b78abfe8e6e17f9053cb726b81.php
No syntax errors detected in ./.tmp/phpstan/cache/PHPStan/45/22/4522b558b654ed1d4a33090d5862acee33e02365aabb962e7fbe28ecb00d5eda.php
No syntax errors detected in ./.tmp/phpstan/cache/PHPStan/07/f7/07f75e766f135d027daea8df7fcec858607f7c0b7708c4b4915e63a0304dc3a0.php
No syntax errors detected in ./.tmp/phpstan/cache/PHPStan/07/a8/07a831ea3b12c1f1f146c0d27f0bee4abedb9582d314e41efa69cb3cf6d5a070.php
No syntax errors detected in ./.tmp/phpstan/cache/PHPStan/07/35/0735f61bf9aa60b9aed93b87824e7f693798413899228a66a11ea981509383ff.php
No syntax errors detected in ./.tmp/phpstan/cache/PHPStan/07/d0/07d0eb137c57af501c23b7433484fbd4c401e1490c660a97db39887351dbe4a4.php
No syntax errors detected in ./.tmp/phpstan/cache/PHPStan/07/1f/071f32d13f5a83ac820d8cda5ece392e5a934ec6ee90aed68d8f05900d6a546d.php
No syntax errors detected in ./.tmp/phpstan/cache/PHPStan/07/c4/07c40ac8812facdfcd76365085dead71ac60067ef71f5e4bf88d97c79c2240be.php
No syntax errors detected in ./.tmp/phpstan/cache/PHPStan/07/af/07af044f5e56918f7d5c5949de327eb4acdfa0a4c9e5b7985082ae0abb7488ca.php
No syntax errors detected in ./.tmp/phpstan/cache/PHPStan/07/1d/071d0411a4e7a8d3d25b35295c7223ac3602bb3967b3409c5ad51f7306332f25.php
No syntax errors detected in ./.tmp/phpstan/cache/PHPStan/07/bf/07bf29f7e96ce7bda9b68acd5bf2d997bd1b7303fdaac50d389e28df31a90b0f.php
No syntax errors detected in ./.tmp/phpstan/cache/PHPStan/07/6e/076e92afa49f360ae6ebe825aae9de1beba448cc77e2a96d7ec2a2713dda3131.php
No syntax errors detected in ./.tmp/phpstan/cache/PHPStan/88/30/8830f971ca7b2bb879c6894b511eb96e3a2db75fa57294efa4e5cbbbe9305c2b.php
No syntax errors detected in ./.tmp/phpstan/cache/PHPStan/88/94/889490ca90547f679eaa21ce9327523cc0ef77a653cafedbc96fae9b3673c9a2.php
No syntax errors detected in ./.tmp/phpstan/cache/PHPStan/88/84/88847558a420019512848f71ab2a8ab5b53846d2969742d23b702ee84f900753.php
No syntax errors detected in ./.tmp/phpstan/cache/PHPStan/15/8e/158e8d069a6677fcc85961541ab496793248c707ef3e4559b52b16d62f35526b.php
No syntax errors detected in ./.tmp/phpstan/cache/PHPStan/15/c3/15c34482a909f58a6a90f57234a0e2a977e2845c0095209cb7a05b83346d4ec4.php
No syntax errors detected in ./.tmp/phpstan/cache/PHPStan/15/f2/15f2e207893101a83bc1c8215d7a3de6f60a8e748138834dfb28c24c6aac572a.php
No syntax errors detected in ./.tmp/phpstan/cache/PHPStan/15/58/155808a77acf29700de249658f78b229f2723c1fb38e3bc1390e8f653a1bc3e8.php
No syntax errors detected in ./.tmp/phpstan/cache/PHPStan/15/d5/15d594c33f8aee72de04ae4d981ba057b8f9ca798f3f0d8ad87600506a28bb76.php
No syntax errors detected in ./.tmp/phpstan/cache/PHPStan/15/cd/15cd33bf3e15dc98d09d2cbd2f1822a57e94c520a8ebc02b7b465733bea174bb.php
No syntax errors detected in ./.tmp/phpstan/cache/PHPStan/25/36/25364e1fb0ab82825c0fbfe2ac0f25ee04948a883729d5d2d06b134ab9eae3fe.php
No syntax errors detected in ./.tmp/phpstan/cache/PHPStan/25/f0/25f0d8ed2b200159b2e22574e4cb17d6218baabf43641f9c07f743286ffbc674.php
No syntax errors detected in ./.tmp/phpstan/cache/PHPStan/25/dc/25dcec45d68a64401d343cf75949765d5a147fe0fb494f645bfb612dc76f1cba.php
No syntax errors detected in ./.tmp/phpstan/cache/PHPStan/98/44/98447b41f4ff09de87fc9bc41b66517b63490576290f9a41dae4f4139ae66e63.php
No syntax errors detected in ./.tmp/phpstan/cache/PHPStan/98/66/9866b86cccc8a299cdc8264987218ec8aa6e3b281ed564c73fbd102b224425d1.php
No syntax errors detected in ./.tmp/phpstan/cache/PHPStan/98/2d/982df62bf1249cb8bca6fd6a479d1bc8232d483196480ab7a10ba308149b0cd4.php
No syntax errors detected in ./.tmp/phpstan/cache/PHPStan/98/fc/98fc7521e52e9809531a3430ddc17348df2c763f06b66b7a15ce045fad47b4c6.php
No syntax errors detected in ./.tmp/phpstan/cache/PHPStan/1e/27/1e275cbba0a555335790a5829aec16a0fc24fb2789fd144c7b7c4c8707c5fa10.php
No syntax errors detected in ./.tmp/phpstan/cache/PHPStan/1e/a3/1ea31dfc34e30afb54ed3a8c9f0ab28756c834d082b1dc7c21d38ed3cc67e9b7.php
No syntax errors detected in ./.tmp/phpstan/cache/PHPStan/1e/37/1e372951a67d1153b89936b354450ced4478f92a7b863e06b25c7817389bc867.php
No syntax errors detected in ./.tmp/phpstan/cache/PHPStan/1e/33/1e3334b3aa0dec1aab696c837302c91c9d337fe14744e6e2fd7af345f6313841.php
No syntax errors detected in ./.tmp/phpstan/cache/PHPStan/1e/40/1e40addabdc4c338e673cb42d9bd929b5dbe386567065eed5093ba3461a7ba50.php
No syntax errors detected in ./.tmp/phpstan/cache/PHPStan/1e/ae/1eae0c55f789cffc66ad76ca9604e1b337fca9dbd310b5566e4a816f4932deef.php
No syntax errors detected in ./.tmp/phpstan/cache/PHPStan/b8/1c/b81c1e00ebeee12e5413adf57b931e38cf921fea51cd68055224a2c906ae29ad.php
No syntax errors detected in ./.tmp/phpstan/cache/PHPStan/b8/cc/b8cc87bc17a7d0c3cec429b53128adf5ec11e15a681f9d44a365b8ff925b428a.php
No syntax errors detected in ./.tmp/phpstan/cache/PHPStan/b8/f7/b8f7645f50c7d58e150d59b02136d45621b41c6c13ecf195837ce5230f204d25.php
No syntax errors detected in ./.tmp/phpstan/cache/PHPStan/b8/da/b8da6cf8a827de910936a5657ae1ecb2f17b641d9de679b287b8512e35f912ec.php
No syntax errors detected in ./.tmp/phpstan/cache/PHPStan/b8/aa/b8aae0ea6e56b000441964208c3bc8a4b285282148c8374980323b65abc3ac15.php
No syntax errors detected in ./.tmp/phpstan/cache/PHPStan/b8/1d/b81d34a2ad3abddfa52757bea3f1b30a4cac9d18a8e98e5047371ea566e697ef.php
No syntax errors detected in ./.tmp/phpstan/cache/PHPStan/b8/32/b832854daa6faf5c6d875fa55e057dec4166be48a418b463efa00f324320d82e.php
No syntax errors detected in ./.tmp/phpstan/cache/PHPStan/b8/a6/b8a62571bbd30ccfe3ff0494c7c116b2f98dd1e6afbd0ebc53ff2d7d6bf1c4a1.php
No syntax errors detected in ./.tmp/phpstan/cache/PHPStan/b8/6e/b86e212eea2854e774690d0591cf945f8e7a777e561cdadc816024267777f96d.php
No syntax errors detected in ./.tmp/phpstan/cache/PHPStan/29/e3/29e30c0dd5d55d8f19e04034308dc985507f3fb12eb01e4be70c616af16efd07.php
No syntax errors detected in ./.tmp/phpstan/cache/PHPStan/29/cc/29ccd6af26bbfd78edaa854b3ea9b625545e9fbc1323f10f7348195e72d4c6ed.php
No syntax errors detected in ./.tmp/phpstan/cache/PHPStan/29/a9/29a9f16cea68ee148c79db96dad2d54beb48d857c0bac93fcd59e9acbfb3e1ef.php
No syntax errors detected in ./.tmp/phpstan/cache/PHPStan/29/71/2971692342e5e578b25b7f71a651b5d4dcf45293c2a904d9300f357a63b1b575.php
No syntax errors detected in ./.tmp/phpstan/cache/PHPStan/29/a7/29a7ef6212bb4105bada1a47c925e42af5504b7216cd509a21d6faf0725670a1.php
No syntax errors detected in ./.tmp/phpstan/cache/PHPStan/29/c8/29c83a039c71d360f717f372b19aad0ca9f3365cb670a7306ebbde6647b6ebfe.php
No syntax errors detected in ./.tmp/phpstan/cache/PHPStan/29/75/2975eb3e9affbb9eda4b7eac08e945576396641dc79498bbf28b79160a49323f.php
No syntax errors detected in ./.tmp/phpstan/cache/PHPStan/79/ff/79ff360a30053f37d4f2f8dcde639b1af3838c97f9102c060ea62302d2453db5.php
No syntax errors detected in ./.tmp/phpstan/cache/PHPStan/79/91/7991ef0543ccbd731b09036ff75108074ecb67b4c356ca7d0ac9863a3105ed0d.php
No syntax errors detected in ./.tmp/phpstan/cache/PHPStan/79/1a/791a981df3200012812ed3bd682133e48887dbb81801b1aa0fff903e55f774ed.php
No syntax errors detected in ./.tmp/phpstan/cache/PHPStan/79/62/7962956b79c8a25af78e3d68002dec6df4008a597c4bd82d9a9c1abbf8d287b5.php
No syntax errors detected in ./.tmp/phpstan/cache/PHPStan/81/c3/81c3e6d428b2e30a5a26ad599c3363d17ce19b153522e56fb5723b6f912c1641.php
No syntax errors detected in ./.tmp/phpstan/cache/PHPStan/81/4c/814c9f5a78efec859bed0f7ed0ffbdb5e5b64482d23ffd4927046d6f90fee00d.php
No syntax errors detected in ./.tmp/phpstan/cache/PHPStan/81/35/8135067680fc6a221278296a12c5b4097e7c87b9c1c9c20c53d2b658b7907986.php
No syntax errors detected in ./.tmp/phpstan/cache/PHPStan/81/ce/81ce7b273c74b422cf6e331469e80c73c54f936e1f30f15cc4a111fdd1d4a83c.php
No syntax errors detected in ./.tmp/phpstan/cache/PHPStan/81/09/8109abc78bb1fbd097843c903b73cf5f1fe6cb9cad8aa39eedf7718c7d670100.php
No syntax errors detected in ./.tmp/phpstan/cache/PHPStan/bb/49/bb495f195c69d06dadeaa987a96263f244940c2151f22882a5bd47e23e69a32b.php
No syntax errors detected in ./.tmp/phpstan/cache/PHPStan/bb/52/bb52be647fed7640fe2f5c9e30fe0b3813c1619602d9b20db97d23050b8f2044.php
No syntax errors detected in ./.tmp/phpstan/cache/PHPStan/bb/cc/bbcc50bd90f9de837c60258998408f37ebb37300bc3ae19f0229499a986aea28.php
No syntax errors detected in ./.tmp/phpstan/cache/PHPStan/bb/11/bb112288b71e7c404ba6685a9f91416c41e5de49b9a81d389c2f032bb9151d72.php
No syntax errors detected in ./.tmp/phpstan/cache/PHPStan/bb/0c/bb0c2280d7ac77eb6b92a577337de6cbf37b3425dd53a23077696b1b01ee9890.php
No syntax errors detected in ./.tmp/phpstan/cache/PHPStan/bb/fa/bbfaf23204cbacbcae52c9730cea76cb8e7e34e9b574878806ae53d25c474c4a.php
No syntax errors detected in ./.tmp/phpstan/cache/PHPStan/bb/68/bb68765d1604d7477da43b831b9707c97a3fdeadf84308a9dfce80c18c9ca19f.php
No syntax errors detected in ./.tmp/phpstan/cache/PHPStan/bb/18/bb18fbb71eef10443d5d94c20bb12f5e26c50f37cf31e775946200936752c03c.php
No syntax errors detected in ./.tmp/phpstan/cache/PHPStan/64/b0/64b0af206ae6128ce9d19de673339b3182d67c77230daed70a59f76ba521a370.php
No syntax errors detected in ./.tmp/phpstan/cache/PHPStan/64/9c/649cdbc843674bd37da9006ea8dd47dd949cf500198390e2a09037f0b0fceaab.php
No syntax errors detected in ./.tmp/phpstan/cache/PHPStan/24/77/2477319a6cbe7373c53618b63e85da98b5eddaa8a327c7f2fa88e05b5af31002.php
No syntax errors detected in ./.tmp/phpstan/cache/PHPStan/24/90/24900712e1a2302e2564d5716e6ef1d153a1b6f0f004d080ac80d6649811673c.php
No syntax errors detected in ./.tmp/phpstan/cache/PHPStan/24/c0/24c098ec6fba2179201302bc297dffc9e756f9680b1a285a9def0602dcfad1f9.php
No syntax errors detected in ./.tmp/phpstan/cache/PHPStan/24/75/2475d771409f8125c71b4e88e87eba37cce1d0760b62b81689c62c5566ccc981.php
No syntax errors detected in ./.tmp/phpstan/cache/PHPStan/6a/4c/6a4c114e585f6957b3a7f42fdd2eb36b951e3b7750e1643f3d5510254053f981.php
No syntax errors detected in ./.tmp/phpstan/cache/PHPStan/6a/a3/6aa3b360f3d662bbbaf4517400c6955f4199882307bba31c21a31c05de653dd1.php
No syntax errors detected in ./.tmp/phpstan/cache/PHPStan/6a/89/6a890103be0faa259525f235d62176d89717fee4a6f8555856ee261db2c1170f.php
No syntax errors detected in ./.tmp/phpstan/cache/PHPStan/6a/05/6a05d42fd6c6a14c02a06d6548069752393d1d8bcee61b6898ebbc71766b7ce5.php
No syntax errors detected in ./.tmp/phpstan/cache/PHPStan/6a/69/6a69b80e5dcfa28c0ce4eb9e99df87d2c07624b060435558870843f629d4bc97.php
No syntax errors detected in ./.tmp/phpstan/cache/PHPStan/6a/d3/6ad33e010d55816ee8a5079f975f19bf2af1f171e5f09812e9075f8914ac5124.php
No syntax errors detected in ./.tmp/phpstan/cache/PHPStan/3b/a2/3ba2833011598826e75e0ee6ebf266581e193ab5cebf25a7c0797b2ef1805208.php
No syntax errors detected in ./.tmp/phpstan/cache/PHPStan/3b/81/3b8104d7ef4dbac03ef103b62dc01e119ee71dbe0827da40557324160f614cec.php
No syntax errors detected in ./.tmp/phpstan/cache/PHPStan/3b/a4/3ba448d4b726f4f082ed4cd3b18ad9698cf412123d87f9329f6ff3b505c970b5.php
No syntax errors detected in ./.tmp/phpstan/cache/PHPStan/3b/16/3b16f748f0a11317d96eca0805d3a9d4cca727c09dbd32a4370c0afaf098226a.php
No syntax errors detected in ./.tmp/phpstan/cache/PHPStan/3b/34/3b3470cfcbd1e5399f0ad3b042548dea18b677c484f083e2b73b3aba9c6375d8.php
No syntax errors detected in ./.tmp/phpstan/cache/PHPStan/3b/a6/3ba6c531f0be2853ef5a36785ef3022909394e0d335953b11aa83f8605573dd9.php
No syntax errors detected in ./.tmp/phpstan/cache/PHPStan/12/7d/127d9691cc13b551f0ff45b666280b3e36b3c47f30bf2f7dbde124a46ecab6e1.php
No syntax errors detected in ./.tmp/phpstan/cache/PHPStan/12/df/12df1aaef910c44d4cfed49efa1b0686ba989fe179dadbb8660b4d3ec68c89fd.php
No syntax errors detected in ./.tmp/phpstan/cache/PHPStan/12/ed/12ed7fe595c5b410c8610e001f4ce13093219fcb47a598a736b2628cb285ff8c.php
No syntax errors detected in ./.tmp/phpstan/cache/PHPStan/12/cf/12cf916e00f9c2aac1c64b59836afd39806e77f4189c61c247107711042e6e19.php
No syntax errors detected in ./.tmp/phpstan/cache/PHPStan/12/d5/12d59ec2e9f48f4656a51b8e325bcf0fe40ffc25164d6f79b5e9d34899dc4bdf.php
No syntax errors detected in ./.tmp/phpstan/cache/PHPStan/12/3a/123ac7e111346c79ae1f84d2cb68a0417256cb5dfd0eaccdb87e05043a2ed61c.php
No syntax errors detected in ./.tmp/phpstan/cache/PHPStan/12/f4/12f4b12763b161132b7970c9cd02bff3014f915afffe3cfdb5987c240908e5ab.php
No syntax errors detected in ./.tmp/phpstan/cache/PHPStan/bc/1e/bc1e9d742332ce4c86ab2cf226224b0ca236efbf236d32d419d412eed3e52579.php
No syntax errors detected in ./.tmp/phpstan/cache/PHPStan/bc/79/bc79ef7dd030e12635b220f2e453b2b10c33002680372e8811d79d8752b1e3a8.php
No syntax errors detected in ./.tmp/phpstan/cache/PHPStan/bc/d5/bcd5c175af485c7d372cbfd5a65a595d40bc6a08203c2a80474fbc055bda69c6.php
No syntax errors detected in ./.tmp/phpstan/cache/PHPStan/bc/7e/bc7eb35dafcaf1e912bc4942c10ec1e6b59a8b6ddc23a24afd22132fb4ce6942.php
No syntax errors detected in ./.tmp/phpstan/cache/PHPStan/bc/ab/bcab81ae5d21e9c251440f489feb2be5bd384c4b4cea973db466eb09ec03f3af.php
No syntax errors detected in ./.tmp/phpstan/cache/PHPStan/bc/e8/bce8b02d214579fecb47f288e36f6b3a2289c48044e36e19ff73d85afea4e32d.php
No syntax errors detected in ./.tmp/phpstan/cache/PHPStan/bc/c2/bcc229ba650168e547672cb86b2af819d10f2258ff452434f00249790f2f3385.php
No syntax errors detected in ./.tmp/phpstan/cache/PHPStan/f2/81/f281779c4c0e7a5b3ec17dbdb7b7b86ed60fa731bc4d556f7d07350b600dcef5.php
No syntax errors detected in ./.tmp/phpstan/cache/PHPStan/f2/2b/f22b7315fa761d0ee0422608ad67df8ceef6e583e8b2559a8c3f326617cd2e01.php
No syntax errors detected in ./.tmp/phpstan/cache/PHPStan/f2/0d/f20d3ed3e7e4ca0af8f1c144ac7738a9f78d6ec511bc646dab74c57bad8ff407.php
No syntax errors detected in ./.tmp/phpstan/cache/PHPStan/ed/86/ed86bac6a5a997516a6cabb79313fd02769c66e56026f6ed7cb360966990cf7f.php
No syntax errors detected in ./.tmp/phpstan/cache/PHPStan/ed/3c/ed3c3cb98d167e7108b125803b6a5400a2e8a846aa4f063478d3a61c1d75315f.php
No syntax errors detected in ./.tmp/phpstan/cache/PHPStan/ed/3d/ed3d63c9e5e2fd3d0f1e864f43cf381f04f1b7c497dc5a76cc3eb11e16c6a4a3.php
No syntax errors detected in ./.tmp/phpstan/cache/PHPStan/ed/3f/ed3fef7bd9a335fbf4cde35353a82cac84676a934849ee3ee563f7b9bca4e687.php
No syntax errors detected in ./.tmp/phpstan/cache/PHPStan/ed/0f/ed0fe91ce61a742a6e5c8515de4e56b94b29166860c11d9092bf3c9ffdbf7f1a.php
No syntax errors detected in ./.tmp/phpstan/cache/PHPStan/ed/e7/ede70389bb06704ed719d49d4f37e672e0b29c530b683c708b90c181099ef45d.php
No syntax errors detected in ./.tmp/phpstan/cache/PHPStan/39/7d/397d63cb9c0dafb32b06c1ae982b006a745791171517cd90bd24b12b7519574c.php
No syntax errors detected in ./.tmp/phpstan/cache/PHPStan/39/a5/39a5db94b43f94dd20e7d660e7e612814be63faa6cf488e770961cb64d451b02.php
No syntax errors detected in ./.tmp/phpstan/cache/PHPStan/39/2a/392ab771d19ee1e039fa8dc33f3091ef26a3ae09a639488146263a3e4ede594f.php
No syntax errors detected in ./.tmp/phpstan/cache/PHPStan/39/71/3971bb541cb95866654f7440d4e0cb3ddb9ac78184709fd3c52b8f157d7cf8b1.php
No syntax errors detected in ./.tmp/phpstan/cache/PHPStan/39/4b/394b87144ce763c7bb2776ad391e02f73a8d2da5624e601d47b28c512064eb8d.php
No syntax errors detected in ./.tmp/phpstan/cache/PHPStan/39/18/39183958838734c50914e90482c24cd8a6ca6f24b5c5ec5f2a9fd0ceb151255c.php
No syntax errors detected in ./.tmp/phpstan/cache/PHPStan/2a/7c/2a7c27576623814613f3290e9fe670dd48e2c9d1e85f65da79778db2f5bf1e1d.php
No syntax errors detected in ./.tmp/phpstan/cache/PHPStan/2a/5c/2a5c46f1f03aecbbb5c75b5edcb77772de7a2b0e2a7f0b46dc11b1908d5545cd.php
No syntax errors detected in ./.tmp/phpstan/cache/PHPStan/2a/2e/2a2e1578e8c8b249f6afa49000e27c124d6b11c11fcc655c5d8d2518bff26b1e.php
No syntax errors detected in ./.tmp/phpstan/cache/PHPStan/2a/2d/2a2d6a2bf431325989579d65213a9aa9a51f1f2fec5a714f19ed68cf4de81b7c.php
No syntax errors detected in ./.tmp/phpstan/cache/PHPStan/2a/80/2a80ce62c2d509087c6c59724be4729d20ebf9eb94cc7042bf45b11637017383.php
No syntax errors detected in ./.tmp/phpstan/cache/PHPStan/2a/1d/2a1da54dbb173f5c339ccd5aabbfa3ce3d434b20f7d35da9a4822d1d7f4288a9.php
No syntax errors detected in ./.tmp/phpstan/cache/PHPStan/2a/43/2a43d0671a74d226d16dde5092564c5a3c01f5d2eef62396eb9eb767a2cfccb2.php
No syntax errors detected in ./.tmp/phpstan/cache/PHPStan/2a/d9/2ad9dc1ae04c08c02ebdd342f4d58100880aabfcd02f725e7a25204d4573bf44.php
No syntax errors detected in ./.tmp/phpstan/cache/PHPStan/2a/59/2a5948baeb19e47cca1600c4fd8a3fafca5c2ba621961d6ec16d1b89ded27ca6.php
No syntax errors detected in ./.tmp/phpstan/cache/PHPStan/fe/f2/fef29b4779bcea59eeadd8341feb48d2c826f7d430e6b4f043378a6e82a9829c.php
No syntax errors detected in ./.tmp/phpstan/cache/PHPStan/fe/f6/fef662b7e60f7a36986195d22d228d84f1ea2e9a19c42cfce61c3a2f2d0fd3bb.php
No syntax errors detected in ./.tmp/phpstan/cache/PHPStan/fe/fa/fefaed9559ba1b7f14bbb35f4c9e49b22ac8b04cac7c31998cf6e066042c7f32.php
No syntax errors detected in ./.tmp/phpstan/cache/PHPStan/ce/0a/ce0aab30bb9d585c04790a731820bdd91cedb0eb98e2fbe23c524c9538dda4b9.php
No syntax errors detected in ./.tmp/phpstan/cache/PHPStan/ce/06/ce06dc2901144fd03b006657c2f5eff13e73d231b3d4543bd77d2f00a4d263f6.php
No syntax errors detected in ./.tmp/phpstan/cache/PHPStan/ce/51/ce51b158c53cbfa8b05f7caa5776a657a4f01ea781d3514e8f9bb1fabe2c4bf0.php
No syntax errors detected in ./.tmp/phpstan/cache/PHPStan/ce/d0/ced0446a081fc7ca313637401a52e4d3d94170ea934c02d44b6ef82ed77d2dbc.php
No syntax errors detected in ./.tmp/phpstan/cache/PHPStan/ce/2e/ce2e09ea1b54b4d799694c4eebd6e3f846ece471f8d5dfbf47d3e888ed675f59.php
No syntax errors detected in ./.tmp/phpstan/cache/PHPStan/ce/57/ce570b32ebac3e794d28729d9ad60b21959a3dad29cc6bd016e7431c86cb24dc.php
No syntax errors detected in ./.tmp/phpstan/cache/PHPStan/ce/04/ce043f6bd12bbb04a0289499eeae48c3ec75ab60be4ec46a49df938f60a9cfd1.php
No syntax errors detected in ./.tmp/phpstan/cache/PHPStan/ce/92/ce9278267a75c817b2fe168253e9e1ad978d0d09a9f6d85d7cd7a6768725d109.php
No syntax errors detected in ./.tmp/phpstan/cache/PHPStan/ce/62/ce6230f677b6155ce2965f4d3286c07b34e2a8e7b089cddb0cdf10960ccbb3cf.php
No syntax errors detected in ./.tmp/phpstan/cache/PHPStan/14/bd/14bd6bc297e568b542ad8531a6e200819a92b7c462d221951c36a833b42b4dc6.php
No syntax errors detected in ./.tmp/phpstan/cache/PHPStan/14/df/14df0da79c79cd5e537779163276583e7410199c1fb249e97b974b1396767c5f.php
No syntax errors detected in ./.tmp/phpstan/cache/PHPStan/14/8f/148f3e655a816352a70f2bafe0e0a470c87805e306962d037ee4887f3de9810d.php
No syntax errors detected in ./.tmp/phpstan/cache/PHPStan/14/7a/147a4c4c87281765e33272fbc8d6f6fdd0734295aefd7e72eff423f32efd05b8.php
No syntax errors detected in ./.tmp/phpstan/cache/PHPStan/14/d4/14d4df772d7b447e0b8b4b0a821d8a0c07928852a3370f1d92012b19f25184fd.php
No syntax errors detected in ./.tmp/phpstan/cache/PHPStan/cf/01/cf014ba89409a48cad240bb14825ba9cff25f9a3f168bca5ccbbeaeda9a7b50d.php
No syntax errors detected in ./.tmp/phpstan/cache/PHPStan/cf/f3/cff3378d0d52b75566fa9e5505495df7f28a9e73b6092d627f9513617e3451e6.php
No syntax errors detected in ./.tmp/phpstan/cache/PHPStan/cf/90/cf909503c5a20567df6d84435b88c9ac83d6a6608f29e6bad9f2cc6a63dac3f0.php
No syntax errors detected in ./.tmp/phpstan/cache/PHPStan/cf/84/cf8472942316bf7341327b193bee9eb9aebe94d0b7a05b4a134aa1d4826357fd.php
No syntax errors detected in ./.tmp/phpstan/cache/PHPStan/cf/a6/cfa62d565904fcfab9de39ff139111ceb339480b7142767cc6a109610b04e36b.php
No syntax errors detected in ./.tmp/phpstan/cache/PHPStan/cf/b7/cfb793b6a1fa27bbfbf4784de0186fee33bd6d066de1faf321faec94d60d7810.php
No syntax errors detected in ./.tmp/phpstan/cache/PHPStan/28/0a/280ad0206892ae1f6cfada320f6ec5fb1f20e48b5d1fb7445d474e9a897dcccd.php
No syntax errors detected in ./.tmp/phpstan/cache/PHPStan/28/f2/28f2ed1b249ac93e2d9e5f0322cff42a3d11738802d369dec68540e21f1f3f3a.php
No syntax errors detected in ./.tmp/phpstan/cache/PHPStan/28/8a/288a328046f6119af43ae411ca675239ba585ade239a90ee022d38ad316e5068.php
No syntax errors detected in ./.tmp/phpstan/cache/PHPStan/28/ba/28baf0044af21079a1922a8928f4f26d846279b1a41649382a28c9c467bc39f3.php
No syntax errors detected in ./.tmp/phpstan/cache/PHPStan/28/1a/281aa641f526bec4341eddb8d83eb2edbd3699a81056681cc7b1258a55145040.php
No syntax errors detected in ./.tmp/phpstan/cache/PHPStan/89/5a/895a11d9f339b34d46e2152271172275d68bcc6146c6237c5e9e96d937358fef.php
No syntax errors detected in ./.tmp/phpstan/cache/PHPStan/89/a8/89a8b31d650e12645654c2054bbf4972cd47b153e77b1d01cbf8b2c939008a91.php
No syntax errors detected in ./.tmp/phpstan/cache/PHPStan/89/6b/896baae4d4cd16ba7aa170571708e0203564b30c2bf8d732e7e6f40f8b5b9552.php
No syntax errors detected in ./.tmp/phpstan/cache/PHPStan/89/29/8929d5237ee1c0bddae14a2f9e5333fd97af92f555132fa8f825f0427c53619a.php
No syntax errors detected in ./.tmp/phpstan/cache/PHPStan/89/81/8981aca4793736e929e74bbdf293c2988b783b1c8dc893f7d12445465de5178c.php
No syntax errors detected in ./.tmp/phpstan/cache/PHPStan/89/4a/894ad3a06d170fd10b05bfb0db6c5bc607a0f848437927865bf48f3f3f245ed2.php
No syntax errors detected in ./.tmp/phpstan/cache/PHPStan/89/f3/89f3168e914e9152d90da32ccf5a87eb11f11c464f7ddba23e6688bab6405405.php
No syntax errors detected in ./.tmp/phpstan/cache/PHPStan/89/6f/896f06f3e46c46fafc98a722b23d8cc7ac1957720d64c981866be2687045f366.php
No syntax errors detected in ./.tmp/phpstan/cache/PHPStan/89/26/89264eb8b35e6ce0f02a79ea24ff7b503c594c2de59c1f736227e170ac3e9e85.php
No syntax errors detected in ./.tmp/phpstan/cache/PHPStan/89/38/8938baba939e19c5a5f0251af6d73bb9827df23b2dd0db934a29869b4f80f0da.php
No syntax errors detected in ./.tmp/phpstan/cache/PHPStan/02/d7/02d7a3e878c34c27be535dae1cad2ac1faddd287ca07895f4c2e640cde2afccc.php
No syntax errors detected in ./.tmp/phpstan/cache/PHPStan/02/25/0225e0e6c7990c122f0b457ceb0f4ca558ff224cff59c27a2d6516f8f9e1cb4a.php
No syntax errors detected in ./.tmp/phpstan/cache/PHPStan/02/a9/02a967a2d6572641e9a6c2e1071293d872ef43d1e22b8a387b5bacd27f2a6cde.php
No syntax errors detected in ./.tmp/phpstan/cache/PHPStan/02/a4/02a493de1704df599faedee90bf3a2b51ce653554eb9042c68a646c3dc37591e.php
No syntax errors detected in ./.tmp/phpstan/cache/PHPStan/02/ef/02ef0f794193f1eb4853df74cbcd30bd950ea180fe3a7fbfb084fa4a799445c6.php
No syntax errors detected in ./.tmp/phpstan/cache/PHPStan/02/ba/02ba54ed28765c57f1ccff6efd519dd6855091d6a38e28a305c0532b19968fa8.php
No syntax errors detected in ./.tmp/phpstan/cache/PHPStan/37/0a/370a2b5151a64a95206c6c819106f7c2a164a472ebf9576837b3158908267458.php
No syntax errors detected in ./.tmp/phpstan/cache/PHPStan/37/bd/37bd187f1487fcdd66f966687ff0d052fa4de4e9f88cf292d6e230bbfbc2e59e.php
No syntax errors detected in ./.tmp/phpstan/cache/PHPStan/56/30/5630c540efaa81f95fa5da99d7ddd5b6fa51808d2019d070ddfb9eac692514bc.php
No syntax errors detected in ./.tmp/phpstan/cache/PHPStan/56/f5/56f58022ce3785fe6f4f720454c95d75647468ed842d7aa0125432a9262e6852.php
No syntax errors detected in ./.tmp/phpstan/cache/PHPStan/56/46/5646445b4e26e82d21a48d1178b1d4ab80b61d69bbade720da1e1658539054bf.php
No syntax errors detected in ./.tmp/phpstan/cache/PHPStan/56/bb/56bbf2be3a5106f6cb7409dcad2d6ff00d9bb115347544c6be0c6446672dc958.php
No syntax errors detected in ./.tmp/phpstan/cache/PHPStan/56/a9/56a9dadfc4e2d1152d13b81ecbae58acce21e825e2ceb321d2f067e8551e5446.php
No syntax errors detected in ./.tmp/phpstan/cache/PHPStan/56/dc/56dcc0e680ea61fe9ac3010ad0f5adaf7abacc47139b23cdec6052f8feb1b9b1.php
No syntax errors detected in ./.tmp/phpstan/cache/PHPStan/56/bf/56bfc2fb2cab7e8acd4b4f40267452c2edc5ea1e2227c00f527eb8bef6ea98ce.php
No syntax errors detected in ./.tmp/phpstan/cache/PHPStan/56/e6/56e639a41759cf1cb5464cf2a65f1c1a6a6917e32b71b216420ff044638ebda6.php
No syntax errors detected in ./.tmp/phpstan/cache/PHPStan/a9/55/a9555188f8abfe8781297769d2f05707d0269654f53800808a90cede182e78ae.php
No syntax errors detected in ./.tmp/phpstan/cache/PHPStan/a9/37/a93769a78f00fefcae34f12da17e012a445ef89420e42ef66e518b60c49c9964.php
No syntax errors detected in ./.tmp/phpstan/cache/PHPStan/a9/a4/a9a4562d35fe48143a625df40f0ba04f013e8a325b5fbd73d60b1c5a50a76b62.php
No syntax errors detected in ./.tmp/phpstan/cache/PHPStan/a9/5e/a95e700570f5189b3b330fdf09fe39faad48ba9995959608957413c8569ff5ea.php
No syntax errors detected in ./.tmp/phpstan/cache/PHPStan/a9/f1/a9f1446c36fc7921e984a342fb3ffeafdb46fcd4200dcf8638beafe80f55d49a.php
No syntax errors detected in ./.tmp/phpstan/cache/PHPStan/a9/68/a9686dd896b6635572e5a3045d287e131a8d7966dfeb64583a2844f135047906.php
No syntax errors detected in ./.tmp/phpstan/cache/PHPStan/9c/58/9c5884fc60b7a8ffafc0b3dae9b399d8698dfde3805ce6971b2caa6d6e0395d0.php
No syntax errors detected in ./.tmp/phpstan/cache/PHPStan/9c/76/9c76be042fb34ddab33793469cb050352b4acd57d9865def05dae3ca38eae1d0.php
No syntax errors detected in ./.tmp/phpstan/cache/PHPStan/9c/91/9c9176dbfcdfd189b5569b2bf98a8765f2075ea88ee1d4c1e3ed3e394a3dbaf3.php
No syntax errors detected in ./.tmp/phpstan/cache/PHPStan/9c/1a/9c1a7f1409102085f014df93d0c48bef207976b2dd4528bfaa9758760703b016.php
No syntax errors detected in ./.tmp/phpstan/cache/PHPStan/9c/43/9c436a10a936adc71032c4c0693fc33702a1f39bc81b51b3a7db4c13736cc56a.php
No syntax errors detected in ./.tmp/phpstan/cache/PHPStan/9c/ca/9cca626a43304e9861eca382231cb2fabb273ee3fe1c7b7c33829ef2a9b70d69.php
No syntax errors detected in ./.tmp/phpstan/cache/PHPStan/9c/59/9c59e7b3c78e08923d2d4e81dbac6e4d2564fda5c5f34111acb8e7688ecfa4f6.php
No syntax errors detected in ./.tmp/phpstan/cache/PHPStan/9c/59/9c5961c561b99c656f9c2fb64dec15c6590caef384178bb886eea26bd86c2766.php
No syntax errors detected in ./.tmp/phpstan/cache/PHPStan/3c/d7/3cd7a45ce73099084506c66ff65feed19e700077abb989e99f01d9d9e3e78b5a.php
No syntax errors detected in ./.tmp/phpstan/cache/PHPStan/3c/88/3c8879c02b7d61c5d4d00327adb9a28317a23d5b1c99a0f9516b27bd6aa9aaa5.php
No syntax errors detected in ./.tmp/phpstan/cache/PHPStan/3c/d0/3cd0c7f148deb0e1b8a99566cfc8c1a65a8d20c8e2b30c8d0d97eb77de5d8ae6.php
No syntax errors detected in ./.tmp/phpstan/cache/PHPStan/3c/d0/3cd0426771176fe082c1325cb0f3e92b6e8ba76bf3329bfe978fb7e2d6cbff81.php
No syntax errors detected in ./.tmp/phpstan/cache/PHPStan/3c/dc/3cdc5d7363397969b79fbedf1afc5e89f2477b21e3e8c8cb61bc234f1027ed20.php
No syntax errors detected in ./.tmp/phpstan/cache/PHPStan/5c/bd/5cbde4db38a91fcaf2cbad13f4d122976a308c931cf866275871afdfba790ee8.php
No syntax errors detected in ./.tmp/phpstan/cache/PHPStan/5c/81/5c816a57c2edac596ec4314fecf00d66a77f53fff8df3759557dd024bc57d409.php
No syntax errors detected in ./.tmp/phpstan/cache/PHPStan/5c/39/5c391bdcb6938bc9dbdbd4a1cb8b79a968f90ed917ecedc6503d75531cd23121.php
No syntax errors detected in ./.tmp/phpstan/cache/PHPStan/5c/58/5c58df5c5d4dd6f1ca2a8e9b879687dbc2ae510a0d1632d89986dc92f54f738b.php
No syntax errors detected in ./.tmp/phpstan/cache/PHPStan/5c/77/5c77553854217cba80f04b3d03f3f69064454215ba8460acdaa0ff19c82a16da.php
No syntax errors detected in ./.tmp/phpstan/cache/PHPStan/5c/3a/5c3a2b294b65671c485d010aca607b8baca73740125577434c0df926516be249.php
No syntax errors detected in ./.tmp/phpstan/cache/PHPStan/5c/b9/5cb95984b93a8c6f2b9c9cda2b676b04ca1e2c68b987191fd18a5b05fc401bd1.php
No syntax errors detected in ./.tmp/phpstan/cache/PHPStan/db/b4/dbb4c4d6898459381e6292e4431bf214f0bb134975a99f96b2f0baf6fb453b84.php
No syntax errors detected in ./.tmp/phpstan/cache/PHPStan/db/70/db709421dbe8631acf0f918ac0c28034e243bf1a6e5ebaa338349504974f446f.php
No syntax errors detected in ./.tmp/phpstan/cache/PHPStan/9b/35/9b353cc371b89dd9cebfc648412432a6d3cf13184f5eddd18e2e1f3cfd27cee3.php
No syntax errors detected in ./.tmp/phpstan/cache/PHPStan/9b/25/9b257373f131a50079d3a1364f0469c07dff2f9f9516ebe741c87f632976086a.php
No syntax errors detected in ./.tmp/phpstan/cache/PHPStan/9b/98/9b9837edd54c2797be677d1b260e8f3abd7179e926313e06ec5e226c08ed06b2.php
No syntax errors detected in ./.tmp/phpstan/cache/PHPStan/9b/fd/9bfd2888db170fbbdcf2dda4a6def943da3b659f9e98cf925dbd115420135742.php
No syntax errors detected in ./.tmp/phpstan/cache/PHPStan/9b/8a/9b8a5e1d92b4f3df40f4376e0e600b8c7701ca2d3b6ba67e9ef6018c1f74433b.php
No syntax errors detected in ./.tmp/phpstan/cache/PHPStan/9b/1f/9b1f8b7095b888ad8b5a104b918e0897d7c9d54551f9db565412cdbe6292b8ae.php
No syntax errors detected in ./.tmp/phpstan/cache/PHPStan/9b/ca/9bca86dbfc00df10b08baa09b9ad669a0c6206d679e89e97f18f6763f46c798b.php
No syntax errors detected in ./.tmp/phpstan/cache/PHPStan/9b/b7/9bb74f76a375eeb17d34824e9becefbcea2e506983219b767903b1b68466b64d.php
No syntax errors detected in ./.tmp/phpstan/cache/PHPStan/f8/f5/f8f5c44d09d96b4313ae58a93d3ddccabd68b1d6c7a6bd46f99c5d10c687d8ca.php
No syntax errors detected in ./.tmp/phpstan/cache/PHPStan/f8/7f/f87fef13e4c52663ec2967b7352127c4192043e0a27aebea6683ac43355a8e8f.php
No syntax errors detected in ./.tmp/phpstan/cache/PHPStan/f8/da/f8da927acaff81e8ab05d160fa355de69bd4bb8a4f33c7905f2529ed2b365bbd.php
No syntax errors detected in ./.tmp/phpstan/cache/PHPStan/f8/0b/f80b6755fd971de00886b39b096d74f30a2bafedaf468842515574578b4681c0.php
No syntax errors detected in ./.tmp/phpstan/cache/PHPStan/f8/c4/f8c421787f923bbb7f55607a5fe8a156c924b45d16d610f3681504f64e870068.php
No syntax errors detected in ./.tmp/phpstan/cache/PHPStan/f8/11/f811c57075fd26a005a7277809ca3604b3cc5de087c9ce3c3d2f1e1f945398af.php
No syntax errors detected in ./.tmp/phpstan/cache/PHPStan/f8/04/f80419c916d5de079ccdf090b90b35094fcebed4578b224695f566bbb169320c.php
No syntax errors detected in ./.tmp/phpstan/cache/PHPStan/f8/f3/f8f3e388ce0f24d3247693e45bd543979172d026d7b3fc9f8ee974ce15d5640f.php
No syntax errors detected in ./.tmp/phpstan/cache/PHPStan/f8/a0/f8a0fd6fa2d8c7989a110e3359485818870301c4b1f1d97c4f91dda6741070d5.php
No syntax errors detected in ./.tmp/phpstan/cache/PHPStan/f8/1a/f81ab11bf7863408f04d73b24a7326321ca05a9919509a1bad8d1c899fa316e6.php
No syntax errors detected in ./.tmp/phpstan/cache/PHPStan/f8/62/f8628bf99de02e205611a835bfa9cbfecbfb70992405ee1c037e17d0889d65cc.php
No syntax errors detected in ./.tmp/phpstan/cache/PHPStan/f8/2f/f82fa504495e7bc36d6fb6819eb4135547308aa68ac6b29c6b06017b46033c71.php
No syntax errors detected in ./.tmp/phpstan/cache/PHPStan/61/1c/611ca11b2f2a151c4ede90c03620db83010937369704865796f804b3d54d8b74.php
No syntax errors detected in ./.tmp/phpstan/cache/PHPStan/61/f2/61f2bd6a17e536f68c2b6b69195c1296f3f398756eb7112bc67602746a85606f.php
No syntax errors detected in ./.tmp/phpstan/cache/PHPStan/61/37/6137de5fb01a6e54d5387bbdc65169025c57f1058169bcc731c12950444e3181.php
No syntax errors detected in ./.tmp/phpstan/cache/PHPStan/61/ba/61bae65b76be7a543edb21212a31a239a197dd9983b6cc5eddd12aa9c5b328c3.php
No syntax errors detected in ./.tmp/phpstan/cache/PHPStan/61/5e/615e6ed031a65c92afa2d38cbb4430bb840531b39d4e85053109a9f44eef5d1e.php
No syntax errors detected in ./.tmp/phpstan/cache/PHPStan/8f/7c/8f7c922763b0a1347862cfeed51f486e67610b5d99189f61c00990c57e0e2d7f.php
No syntax errors detected in ./.tmp/phpstan/cache/PHPStan/8f/47/8f47d3bc0c347df98cf53297167071316d8fd2b50988ca71cef48f197b17b5cf.php
No syntax errors detected in ./.tmp/phpstan/cache/PHPStan/8f/8c/8f8ccba30f64b7ed7622e478c5d77aecf0f8b545129b8754fdaf848656f19fc2.php
No syntax errors detected in ./.tmp/phpstan/cache/PHPStan/8f/45/8f4515974758dc97be922e300ff3bd9e56fef07e8f238b0382ed98aebe27ecad.php
No syntax errors detected in ./.tmp/phpstan/cache/PHPStan/ff/2d/ff2d900bee1b9da5a74008c1721b5bb49f2d24bab562558a4d47b05bb4aeb1d9.php
No syntax errors detected in ./.tmp/phpstan/cache/PHPStan/ff/2d/ff2df5335dd2658164aba963de018b8ae3a6aa87c4cf2b2536fdc20ee1ba2a2a.php
No syntax errors detected in ./.tmp/phpstan/cache/PHPStan/ff/87/ff878742fbb527d37c17282a353d0df4711d900140bef8af17bd13dde9684376.php
No syntax errors detected in ./.tmp/phpstan/cache/PHPStan/ff/f1/fff130ec0b0aaa9dbebdc029b6707674c8019f09a1ed006b906a4e3f5726dacb.php
No syntax errors detected in ./.tmp/phpstan/cache/PHPStan/ff/c2/ffc205bc25889c8304b894bb625b538bc3450a3b9678c1520aea94c6bda753ca.php
No syntax errors detected in ./.tmp/phpstan/cache/PHPStan/42/27/42274cd9a54ee6d74237636b3d32adf9fc7bc43d54a3ec7883d7a749a9bfa226.php
No syntax errors detected in ./.tmp/phpstan/cache/PHPStan/42/8e/428e9c128a8a0bd25b9620e2ae3d3c7d33425b5cef3bf17a32029c4e2ca44680.php
No syntax errors detected in ./.tmp/phpstan/cache/PHPStan/42/48/4248cd1a7e2a64813b679ec271e94587b409457ea4c7cc5da2ee7accd9ab2d65.php
No syntax errors detected in ./.tmp/phpstan/cache/PHPStan/42/25/4225759edf7587f7d055f3a8e959a8e56353f7ec25af8a9a75803f2ea46c7ca8.php
No syntax errors detected in ./.tmp/phpstan/cache/PHPStan/42/98/4298abc005bf77afe852f165857bd0219d49b6b85a3af2bd731dc0980c294b0b.php
No syntax errors detected in ./.tmp/phpstan/cache/PHPStan/42/a4/42a4ffd21e542a6549d61997deb3e1cdcfffcdfa4ae980e6eefc84c925826297.php
No syntax errors detected in ./.tmp/phpstan/cache/PHPStan/42/6e/426e529a32b0bc9b1ed7a1b5597307c54297a7bb7d332e3253656fedd1a65bef.php
No syntax errors detected in ./.tmp/phpstan/cache/PHPStan/d0/96/d0969cface45bbde5e267c83ba97750366ed42b85c4b136315e084d481daaccd.php
No syntax errors detected in ./.tmp/phpstan/cache/PHPStan/d0/6b/d06b01cd9c61e99fc3d3376f6aa83db8078a7074d599ccb9e360d01135dca9c7.php
No syntax errors detected in ./.tmp/phpstan/cache/PHPStan/d0/86/d086fa5355ee9dc3cbc8a049a38a88297824bfce39a80dd358e38f51415cb79c.php
No syntax errors detected in ./.tmp/phpstan/cache/PHPStan/d0/9c/d09ce73a9c1c5dc63ce9d3f79602b4953b84f498133d7176f7b9d589ff7b89e4.php
No syntax errors detected in ./.tmp/phpstan/cache/PHPStan/d0/9b/d09b3520152d92da3baeb2f0b406356677b39000bab5d5e6712f7005461bd6f0.php
No syntax errors detected in ./.tmp/phpstan/cache/PHPStan/d0/91/d0917b83d90c72ca614424a6aa7ab877e57416d2d1b621613c3e071e4b8986d9.php
No syntax errors detected in ./.tmp/phpstan/cache/PHPStan/d0/f9/d0f955915455ef728dc966e56cc83899b822ebb34d8d2400d303c8bc7b2d99da.php
No syntax errors detected in ./.tmp/phpstan/cache/PHPStan/d0/94/d094a7f97c332d1ac2da7ac9c8c03a78850beb78dd5ef55cc20c1976ec44b96c.php
No syntax errors detected in ./.tmp/phpstan/cache/PHPStan/d0/d4/d0d4d764c8858e1294d688ae2f9e702a5932f0106cee533b2c10f936d839fa15.php
No syntax errors detected in ./.tmp/phpstan/cache/PHPStan/da/88/da88c6fd38eb7c3da9602075da3bb0130cfb2ab5725345242c7d98bf525b3ca4.php
No syntax errors detected in ./.tmp/phpstan/cache/PHPStan/da/4b/da4bdf44ffe0bd3be756bb32255f6760d17bbc11d93703c72465551ef349b1a8.php
No syntax errors detected in ./.tmp/phpstan/cache/PHPStan/da/d9/dad9944b9db9ee5987664f7d49c4e809c797adfed08caf979cf18a756958ee54.php
No syntax errors detected in ./.tmp/phpstan/cache/PHPStan/da/d4/dad40e591471019a18654a56a8c41d7bd532d42d1fe4a5300d9fc683cc2883f5.php
No syntax errors detected in ./.tmp/phpstan/cache/PHPStan/33/52/3352ac5c51e1adafd4e4aa981e2de3e6fdfbcc0970948c5a84732b26666895e0.php
No syntax errors detected in ./.tmp/phpstan/cache/PHPStan/33/88/33888fd8396467d41337fdb695afeab38eea5e157b2c37ccb66dd3c7ce7075e1.php
No syntax errors detected in ./.tmp/phpstan/cache/PHPStan/33/0b/330b49c5950ccfd2be5455d9fafc236c05a0b09f83138dfe3c51d7284c39d791.php
No syntax errors detected in ./.tmp/phpstan/cache/PHPStan/33/9f/339f90940d6e04f6f66dc24b9289ed8b1914b4c2ad9877edace6f069b7f0cce1.php
No syntax errors detected in ./.tmp/phpstan/cache/PHPStan/33/ef/33ef9a1fe080e285293167a0d879407848c26677a7a5658add1f50e99990fc97.php
No syntax errors detected in ./.tmp/phpstan/cache/PHPStan/33/aa/33aa4c89b9992c9bf834b72c143786c2a9a788059046e4f07092fc37c6d3c944.php
No syntax errors detected in ./.tmp/phpstan/cache/PHPStan/fd/78/fd78da5da03d6a0053127092b74c50c5390b3abf945a13ba55a19d82fbf5e6fa.php
No syntax errors detected in ./.tmp/phpstan/cache/PHPStan/fd/18/fd18add9b65913c4a0b9355fca0a1cc07ce57444c4cb8b63d9800a0d07e60fc9.php
No syntax errors detected in ./.tmp/phpstan/cache/PHPStan/0b/35/0b35aeb48dee8f715ef9399e5f460dfdec1f208506552fb6cbb3ff284091face.php
No syntax errors detected in ./.tmp/phpstan/cache/PHPStan/0b/81/0b8177276a24ac8604729a10902227eb8a9a73ae243de519ca0f5cf5bd025806.php
No syntax errors detected in ./.tmp/phpstan/cache/PHPStan/0b/de/0bde867c629f0b56c5522b9aa21da1605a74b031a0d6325847a76d41dbad8528.php
No syntax errors detected in ./.tmp/phpstan/cache/PHPStan/40/c3/40c393bf0c71b9e577732e975dae16e080f395eb294325d1ede957e7fa6ae87e.php
No syntax errors detected in ./.tmp/phpstan/cache/PHPStan/40/a3/40a3bd1a5ff86d5f2112fa2da16611ef8798cebca375541c28793288fb0f147e.php
No syntax errors detected in ./.tmp/phpstan/cache/PHPStan/40/41/4041c82ad337075fb3fef04686fde7d25df46b28bd978682f59305ebeba9956a.php
No syntax errors detected in ./.tmp/phpstan/cache/PHPStan/40/a0/40a0defbf361b3ad815c59cef357ab2a47d54253a7048d2c1eeefc3e9855bca6.php
No syntax errors detected in ./.tmp/phpstan/cache/PHPStan/40/c0/40c0567c7c849a26008b412912740dddcff3a3f51bad3e03c55417f569a27c3d.php
No syntax errors detected in ./.tmp/phpstan/cache/PHPStan/58/fe/58fe2eb3cda68c3053df6cb17c10b969896f9860257d7d474e48d82d5f86dddc.php
No syntax errors detected in ./.tmp/phpstan/cache/PHPStan/58/05/5805d48093b552307329f778f0238c05e2889a89a8b7ce2bce08f2b11752a456.php
No syntax errors detected in ./.tmp/phpstan/cache/PHPStan/58/7a/587a4576d32e84bd58b5cd1c3e19ebfa786c5acd6b6828bddc1865cb535c8c76.php
No syntax errors detected in ./.tmp/phpstan/cache/PHPStan/58/74/5874ac8e314fefd060809aaa2dab0f9b18261c9b07464830228b76125842864e.php
No syntax errors detected in ./.tmp/phpstan/cache/PHPStan/58/aa/58aa1df6b1babbbe244dfa26bc3c31c2e6bf8afa1ab359419471d5608e1cae7f.php
No syntax errors detected in ./.tmp/phpstan/cache/PHPStan/58/09/580986aff16598113dafc111fff72d67162f5b099d27e74a279edd02048f2e90.php
No syntax errors detected in ./.tmp/phpstan/cache/PHPStan/58/08/5808e6bc39e64033ed955e439254e7f72d437ebfa4014eeb5afe4c4778f26bcf.php
No syntax errors detected in ./.tmp/phpstan/cache/PHPStan/00/45/0045a38bab5e9474bad297d6c23dcec7f3f5999e6a9fe98a81c22490e6ba4b76.php
No syntax errors detected in ./.tmp/phpstan/cache/PHPStan/00/8f/008fcdb010bd97b8127f6aebea6c332c82f69748d6d328b793345557c765efb8.php
No syntax errors detected in ./.tmp/phpstan/cache/PHPStan/2e/73/2e736bcf89c265af6a7b682b2035ba42a9b4e8072d5d854ad0a344dd57079c81.php
No syntax errors detected in ./.tmp/phpstan/cache/PHPStan/2e/5a/2e5a6830c503482af695fb54f6d95970721fcb71a645dada1c064a86a27f9b59.php
No syntax errors detected in ./.tmp/phpstan/cache/PHPStan/2e/12/2e12b9255b6aaaaa4f9e951554306394d27abfc7f5aca32fb5e0d7463b82056d.php
No syntax errors detected in ./.tmp/phpstan/cache/PHPStan/2e/f2/2ef272ef95f59c736e74bcc8971bc7ec1053a61248706cf5c9ecdf1e03b2990f.php
No syntax errors detected in ./.tmp/phpstan/cache/PHPStan/2e/71/2e71a4d4dff4c8ec06d7f34582b3f2301ad139fdc6c348d606abf5db9749af5d.php
No syntax errors detected in ./.tmp/phpstan/cache/PHPStan/2e/31/2e31ac7b62660de675f28441a58389921bca765a004e6a3b7e7f44fb97958937.php
No syntax errors detected in ./.tmp/phpstan/cache/PHPStan/36/e3/36e368cf5e45a2087e2ea135cd9c58019754ee0d75edc9e93f67029f01d80ddd.php
No syntax errors detected in ./.tmp/phpstan/cache/PHPStan/36/a2/36a2356f0c591b09896d4f67b02b71e436bc1f1b4f2ff1c726188ad742781522.php
No syntax errors detected in ./.tmp/phpstan/cache/PHPStan/36/6b/366b2cbdf78f2690d63e4f1e447385b68caede4a58dbdcda38d41c0ffb3c6f7f.php
No syntax errors detected in ./.tmp/phpstan/cache/PHPStan/36/fd/36fd998f5543b5f132ba61028446220354d198220a27d3d15598c280364de7a6.php
No syntax errors detected in ./.tmp/phpstan/cache/PHPStan/36/a4/36a45bdc4ed44fc1069139ecef12689ede5421e692cf0dd719e20380a0b18d73.php
No syntax errors detected in ./.tmp/phpstan/cache/PHPStan/36/4d/364d865b1403c0ee6252a068c6b322251c2bee7e9abb830f0d700ba20bc1b509.php
No syntax errors detected in ./.tmp/phpstan/cache/PHPStan/36/ac/36ac10d179a90d6766e125fdf7d0a810343013e0cfbee8ff6876e5e5d5646d3e.php
No syntax errors detected in ./.tmp/phpstan/cache/PHPStan/36/fa/36fa0397103ab751fa851cf99c4b9471ecfb57ec3ef82d1a50d71da59fd5f02f.php
No syntax errors detected in ./.tmp/phpstan/cache/PHPStan/36/c7/36c7a3884fc4b170570315d15d0729183f8beb01dfff4001624312e3f8761845.php
No syntax errors detected in ./.tmp/phpstan/cache/PHPStan/77/be/77be7b41ee7773b0bfe5c8012aa586a797920c3dff3373f4544e5199753bd781.php
No syntax errors detected in ./.tmp/phpstan/cache/PHPStan/77/a3/77a386b53835fc61b812b54aeaa8000a6211b411ec1af773965eb77a09a35c08.php
No syntax errors detected in ./.tmp/phpstan/cache/PHPStan/77/3f/773fabdba145d3e5b5e0ba9ee0434517d6b42302ae2eb94b08d17e0366ae717c.php
No syntax errors detected in ./.tmp/phpstan/cache/PHPStan/77/f6/77f6190d5211d467d522e38157be6c1d5a5d4e009684a72f5bbf37a411885c1f.php
No syntax errors detected in ./.tmp/phpstan/cache/PHPStan/3d/fe/3dfe1ad2f8e34b63a9d0b7ad878f040d656dbd5496883cc1abcee471eaf959c5.php
No syntax errors detected in ./.tmp/phpstan/cache/PHPStan/3d/cd/3dcd74c40d526088965ad6c79cb7d1343667f1efe019a04e3798fd57c9b5e530.php
No syntax errors detected in ./.tmp/phpstan/cache/PHPStan/3d/92/3d92bd0247ec41a75ed03e33af289f802863e23a981077d226a6ad853736b77b.php
No syntax errors detected in ./.tmp/phpstan/cache/PHPStan/3d/67/3d67e61f4af088731f45dee4980c99f7c9f5f84df60ab55c3d703396552c0447.php
No syntax errors detected in ./.tmp/phpstan/cache/PHPStan/3d/0c/3d0cd59b233e6bf403f656f5238ec0b614f9aaa0a707586f84681a70c39048fb.php
No syntax errors detected in ./.tmp/phpstan/cache/PHPStan/4f/7c/4f7c9d4eff2062e91bae7b5691933eb6f51ae0ae36d81c4b49d6dd2066a6cdb2.php
No syntax errors detected in ./.tmp/phpstan/cache/PHPStan/4f/f5/4ff50c500017612315dae8739673531eb7bd80ed2a94027922fd51ca5f1d5bf2.php
No syntax errors detected in ./.tmp/phpstan/cache/PHPStan/4f/86/4f86907c7788b00655685411a40bae577754b7fff109b46eeef372cd889cb8dc.php
No syntax errors detected in ./.tmp/phpstan/cache/PHPStan/4f/2d/4f2d5b4ec93fceed77dededd15f5f5b781558bcc07377936b4f0d8f3148d805f.php
No syntax errors detected in ./.tmp/phpstan/cache/PHPStan/4f/dd/4fdd53a862f18e26cbddf4f8ad31d8dbb566c1ec9055b97eb827acae36ed1de9.php
No syntax errors detected in ./.tmp/phpstan/cache/PHPStan/d5/a7/d5a749653a9f5f4d87e5958d381dee49781e6185d194370292e9d216420a464a.php
No syntax errors detected in ./.tmp/phpstan/cache/PHPStan/d5/23/d523ccade80af3e8796de714016e6a9cfef3bfca2db2666eb6019e886d1a91b2.php
No syntax errors detected in ./.tmp/phpstan/cache/PHPStan/d5/0d/d50d270e250a2c23f658e6e3e333bd1ad912f7d10c0583f18b293cddc6faac83.php
No syntax errors detected in ./.tmp/phpstan/cache/PHPStan/e1/89/e1890c5f3ec689006f57573c49889dd104cb20ed8859aeb1a42d4c394ee506c0.php
No syntax errors detected in ./.tmp/phpstan/cache/PHPStan/e1/97/e197069ad9613be9423e8b2faf42d981c3213bc863e5759919b4a3a94134ad24.php
No syntax errors detected in ./.tmp/phpstan/cache/PHPStan/d8/a3/d8a3e9e2b95ae57c28eab1a8060b1a61ac09a22d82df25f16802885c6b9e68bb.php
No syntax errors detected in ./.tmp/phpstan/cache/PHPStan/d8/71/d8716283ccbe87211594cde17081c3856b70c86b69cdb921d701de372ecbfb21.php
No syntax errors detected in ./.tmp/phpstan/cache/PHPStan/d8/c4/d8c46d7c84eda927b0444c0db17aa78e14af06a76a5e35ba67a5c376935627ff.php
No syntax errors detected in ./.tmp/phpstan/cache/PHPStan/d8/4d/d84d7d0ee69efef6a62d2b0ebbe894855cb9c8d79d0e9c439f5fdd6f1315cc8b.php
No syntax errors detected in ./.tmp/phpstan/cache/PHPStan/d8/94/d894f1a77e9ae9a634003a43c1aad3a183c217cf9b919ab11b5f2179f11448f9.php
No syntax errors detected in ./.tmp/phpstan/cache/PHPStan/d8/e6/d8e6d4e522aaec884caab8e58a37d8f31b2713530b92d18b6308badf4ad7b361.php
No syntax errors detected in ./.tmp/phpstan/cache/PHPStan/76/42/76428606052c71c0e025b304f40d478f934c01449c1a8dee5bcffbbb03c2e23a.php
No syntax errors detected in ./.tmp/phpstan/cache/PHPStan/76/04/760411b3aac91d4a096310f09ef4f5f52d704f9402fb1cf4c6531ff186b00625.php
No syntax errors detected in ./.tmp/phpstan/cache/PHPStan/76/85/76857a5c1cd19c8fa28a3ff890931100974b5653a91a70ca0dc06ce240dd0001.php
No syntax errors detected in ./.tmp/phpstan/cache/PHPStan/76/72/7672f2c0102d97d164d66e67cbb78fb2c7c7e81842d01f616c4ec27b4440fdf6.php
No syntax errors detected in ./.tmp/phpstan/cache/PHPStan/76/08/7608352de4c0976518b5d56aef79496d86ff4c484d19350cbb2348047377a761.php
No syntax errors detected in ./.tmp/phpstan/cache/PHPStan/76/bf/76bf67c1f3b7caef0048fd7fe28a156ac0e2dfa50c33233d75dc4000375f8289.php
No syntax errors detected in ./.tmp/phpstan/cache/PHPStan/76/b1/76b10b7f40149223b6e80b7d46a21cd6dc85c7036afb102c50c5146ff4a2a63f.php
No syntax errors detected in ./.tmp/phpstan/cache/PHPStan/76/19/7619bb3c3f5abb1f580c56e0b5e34810f12a6ead61262cfb828c976125c82b0b.php
No syntax errors detected in ./.tmp/phpstan/cache/PHPStan/76/19/761988befdb3ef7f19d64cd41f524bf4a6aa5fd3f1de2705d6481293436a7de0.php
No syntax errors detected in ./.tmp/phpstan/cache/PHPStan/f0/71/f0715545094094a8e6cfa486468c6da6499f160b43db364249108ec4371e55ac.php
No syntax errors detected in ./.tmp/phpstan/cache/PHPStan/f0/93/f0933fc0b8f60e7905fc055a61763a9c3816e02211fffa73f843b03fe68adbae.php
No syntax errors detected in ./.tmp/phpstan/cache/PHPStan/f0/90/f090fbea9d240f88465e7cc11fa842b538b8c87775bf935bd78432dd2a3671ac.php
No syntax errors detected in ./.tmp/phpstan/cache/PHPStan/9e/c3/9ec395cb56f23b4cf9690aee8b5548e2be9ec4dd567564ad666ffd30a2dceeac.php
No syntax errors detected in ./.tmp/phpstan/cache/PHPStan/9e/ee/9eeed07427a07509b1e8f243bf37ff9b42d75ef96cb4ac47c1b4bab4eb89a614.php
No syntax errors detected in ./.tmp/phpstan/cache/PHPStan/9e/73/9e733da398dd4b65db85b3729a38551a92ac077dfedc75aebdd01c48d994b092.php
No syntax errors detected in ./.tmp/phpstan/cache/PHPStan/9e/f5/9ef5a309ab164d1b631e78b30a5e2d53634e8e1a1d55d30c5474cbb0f69f2ff7.php
No syntax errors detected in ./.tmp/phpstan/cache/PHPStan/9e/55/9e55bba50d4d08b10d2faaa9bcbd2247cdd5a194c88d7794cd95a81784bdb257.php
No syntax errors detected in ./.tmp/phpstan/cache/PHPStan/9e/7f/9e7f26c385034a267360ede8dbe188a1f2135f0a4bf768a4dbcc2e35f97d0bd9.php
No syntax errors detected in ./.tmp/phpstan/cache/PHPStan/9e/77/9e7758884c0c69842ea21f5d0963b0e74ad9428396776af21785497b0c92abab.php
No syntax errors detected in ./.tmp/phpstan/cache/PHPStan/9e/3d/9e3d6fdbdbcd5bcca2b375e5f0e2f72394038a87afedfc7d8dffe400adc33b02.php
No syntax errors detected in ./.tmp/phpstan/cache/PHPStan/9e/b2/9eb2cd89b4a8330a7a9f9248d109270a6913df4ba4c5f4c5335f7a18a8d8bc5f.php
No syntax errors detected in ./.tmp/phpstan/cache/PHPStan/9e/41/9e412ab83a0d15e7795baf415b199d82ded6e1000da2fc3b70008efe2e1e66ec.php
No syntax errors detected in ./.tmp/phpstan/cache/PHPStan/a4/51/a45180af21154e05afd93f8f392442e1971e948027dbbcf59ff7a2eda91b20ef.php
No syntax errors detected in ./.tmp/phpstan/cache/PHPStan/a4/15/a4155d665aa60cd6251562c93ab003c3c25b1673e5c33159bf5ecd7c5cec350e.php
No syntax errors detected in ./.tmp/phpstan/cache/PHPStan/a4/9c/a49c7fefa5b78cc03f637e9bb00be77a02efc96a4e1ecf645d13a95f7477fc2a.php
No syntax errors detected in ./.tmp/phpstan/cache/PHPStan/a4/70/a470d4177455bfb07d0c60149a355d382c6c1850eecf624b84b23c1e289712c7.php
No syntax errors detected in ./.tmp/phpstan/cache/PHPStan/a4/3f/a43fccf679fa237bf57994c80a8a27f98bde1ca70d90d37c6b2fc36b282530d9.php
No syntax errors detected in ./.tmp/phpstan/cache/PHPStan/a4/1d/a41d669ff42d25ed2471e7f2d60981e5981b54a9e5ca48f92325fe16ceeb74b3.php
No syntax errors detected in ./.tmp/phpstan/cache/PHPStan/a4/b1/a4b1c394e2ea3379a950c038eb1cac7e1bd45cd204b4678d80be81e5cbed575e.php
No syntax errors detected in ./.tmp/phpstan/cache/PHPStan/05/06/05067c7a7d2c1e656f9f846a8886f54ff364ae90c7566a744edadec9160b5b81.php
No syntax errors detected in ./.tmp/phpstan/cache/PHPStan/05/88/05884fdce17aaa19e1dde1a672c81923f954cfe4e9c8f4ecfd2edac39bc776b8.php
No syntax errors detected in ./.tmp/phpstan/cache/PHPStan/05/ed/05edfeec92ccd07931fe2ac9cd7be77c7709f325ac1fe73ce7002a3e87c107c7.php
No syntax errors detected in ./.tmp/phpstan/cache/PHPStan/05/4d/054dd85b20a8de1d45b2c6d0a00dd4b2bf7feb143fe53bf07e223e5c1812077f.php
No syntax errors detected in ./.tmp/phpstan/cache/PHPStan/05/aa/05aab3e0517fd6a6cf853a99f9d9154546d703a76a3fdc3fbb9a5a945333b583.php
No syntax errors detected in ./.tmp/phpstan/cache/PHPStan/05/60/0560da457d6fd42b68a6eefd8653232e4ed85cf0b54b8753d2e5abda1e66b738.php
No syntax errors detected in ./.tmp/phpstan/cache/PHPStan/05/5e/055e07f23ce3ad61cf008a90a857a2969c5cf606a1276bf72266c1c456006996.php
No syntax errors detected in ./.tmp/phpstan/cache/PHPStan/8a/45/8a45c19a2a009dd80553d22a402f8effac14ad26c22fa219505f4fa7a1dca936.php
No syntax errors detected in ./.tmp/phpstan/cache/PHPStan/8a/d0/8ad0ae2ba2222e059cf2cc3da9eefe5b6130afe181019a431133c8333b1587da.php
No syntax errors detected in ./.tmp/phpstan/cache/PHPStan/8a/1f/8a1f4a3b41e53dc8b62c6c9eed210b8ec85b81aecf2a5fba5dbd7c3032689e8b.php
No syntax errors detected in ./.tmp/phpstan/cache/PHPStan/8a/0e/8a0eba250936d43b10b834ec65b598cd57062e0cef7823df323bcd6ff93e754b.php
No syntax errors detected in ./.tmp/phpstan/cache/PHPStan/8a/16/8a16a367f90ecc4462cfd10cbf8c866a5d2a3199b369142f0962ed9919046714.php
No syntax errors detected in ./.tmp/phpstan/cache/PHPStan/8a/7b/8a7ba16c0a49c9ac93c6e2607cbf2afa80df5e12be4c44fa457c93efb35b87ec.php
No syntax errors detected in ./.tmp/phpstan/cache/PHPStan/cd/ee/cdee0fda3943c88decac8a4fe9fbcb1787988991924881767e75740ef72cb017.php
No syntax errors detected in ./.tmp/phpstan/cache/PHPStan/cd/8b/cd8b58931bcd81560c94b8b5a84df5cf5ff95637491c9a8c29f580179067e01a.php
No syntax errors detected in ./.tmp/phpstan/cache/PHPStan/cd/56/cd5699901944a6a1bd538b576e4e73855fa2522cbf80157c8c275df5afa4b0a8.php
No syntax errors detected in ./.tmp/phpstan/cache/PHPStan/cd/b2/cdb2583ef2d5f42f5e69385fc2b8181309df384081e19040103a26c80653ce18.php
No syntax errors detected in ./.tmp/phpstan/cache/PHPStan/cd/85/cd850bf299bb2a33962aba3afdf7298f19152e6ad5eed64d759f923297a69b7a.php
No syntax errors detected in ./.tmp/phpstan/cache/PHPStan/cd/68/cd6836e6718de1c78a5c488279bd663f39f03ebd177808800e88251daa13483e.php
No syntax errors detected in ./.tmp/phpstan/cache/PHPStan/b5/4c/b54c88f13786741804044ca38367ac8a01d8e2ae6f26a3aabc54996af373a825.php
No syntax errors detected in ./.tmp/phpstan/cache/PHPStan/b5/fb/b5fb912583064aa91e87d1acb04100b86608f0d777cb28ca2cd8d8f33267b033.php
No syntax errors detected in ./.tmp/phpstan/cache/PHPStan/b5/88/b5885e0827c7b953334a1e0a5b59075cf2bc0fd49137b5bfdb5af6ec0dfe4378.php
No syntax errors detected in ./.tmp/phpstan/cache/PHPStan/4e/20/4e2098247dcd5f1def97a449ae4f48949dbc62e3f4f7784868defa8c0e5a04dc.php
No syntax errors detected in ./.tmp/phpstan/cache/PHPStan/4e/53/4e53844164a7424ae765d84dbe71a08050de800ca373588859982a898f406881.php
No syntax errors detected in ./.tmp/phpstan/cache/PHPStan/4e/5f/4e5f3431eaf7710de5a210a9494eb83ede1cccb111a087dcd5a8e8fea1959af6.php
No syntax errors detected in ./.tmp/phpstan/cache/PHPStan/4e/8d/4e8d6236e3b7db9e5664c65dc0eceaabc5d51714e4b6b9739d909b76fe7985e9.php
No syntax errors detected in ./.tmp/phpstan/cache/PHPStan/4e/fe/4efecdcb4376e57bf1451edc73a82ceb615dfb1e3607e3cd20ac0baf43b6055c.php
No syntax errors detected in ./.tmp/phpstan/cache/PHPStan/4e/61/4e61142bb8992290f22dc3b241befc40b43a802fdd0cefda2f366a85700c1e44.php
No syntax errors detected in ./.tmp/phpstan/cache/PHPStan/4e/62/4e62743044b1f171b23d82c30d11813a12d503f3a80e2d0f254b3c0cb569a6ff.php
No syntax errors detected in ./.tmp/phpstan/cache/PHPStan/57/b0/57b08441159c9548b1bb5a5eb0efe310fa058404fcac6f0bf86a2cdc22ef4ffc.php
No syntax errors detected in ./.tmp/phpstan/cache/PHPStan/57/64/5764c855d3190429a2fc3cdec600fc93e680713f67e64e717b3c13764227e324.php
No syntax errors detected in ./.tmp/phpstan/cache/PHPStan/57/b2/57b287c3b95f176fd9acc176ed17c8ad5a4d8ad2120447c31ddf070b5ba1f16b.php
No syntax errors detected in ./.tmp/phpstan/cache/PHPStan/57/69/5769ca9b1390e35a49c4415e84281c7b96a88000078b54843700dc12a5795bc2.php
No syntax errors detected in ./.tmp/phpstan/cache/PHPStan/57/22/57220f98d7d539e2a565a2ab544f82f50866be7902156bc7ab6e081da2d05478.php
No syntax errors detected in ./.tmp/phpstan/cache/PHPStan/1f/8b/1f8ba61718e7fa1c134e2dc1cfca4370783f8d52d6b97047ae00413a08097507.php
No syntax errors detected in ./.tmp/phpstan/cache/PHPStan/1f/da/1fda8017e0b6f11afd6630a023413a27577140b78e2ef63100426bd5f3f802b2.php
No syntax errors detected in ./.tmp/phpstan/cache/PHPStan/1f/77/1f772d88fb3ad313a295eb8c7f198fc95d09574b838f7fef49ed423c59cff9ac.php
No syntax errors detected in ./.tmp/phpstan/cache/PHPStan/1f/41/1f415362a42d10f0bf17cef3eabb01e1dc7405655394322cffa63f177e6f4ec1.php
No syntax errors detected in ./.tmp/phpstan/cache/PHPStan/1f/65/1f650d17184f9e94e5e569acb75906ab2d316bfee7b3c09b9c2bee7e11dbba9f.php
No syntax errors detected in ./.tmp/phpstan/cache/PHPStan/9f/7c/9f7cb20035135d0d4041e1b686a858722c45a0b7b95c4ce9992407c228938577.php
No syntax errors detected in ./.tmp/phpstan/cache/PHPStan/9f/81/9f81b088f8b2dd3ce1988440dd9ffa328cbe94b2f975752f0d330746589cc4cf.php
No syntax errors detected in ./.tmp/phpstan/cache/PHPStan/9f/6f/9f6f0a059a7685d47fab80b59af89f2d50d63cef98e2f51f7617b3bc0882e286.php
No syntax errors detected in ./.tmp/phpstan/cache/PHPStan/9f/65/9f65eec90f2995ab3cb06e4048e3faa4af3f1a3944a7a77ed0522d8e0f053759.php
No syntax errors detected in ./.tmp/phpstan/cache/PHPStan/9f/e9/9fe9eed92572255398241ac08a2a5d96948f828bd6a2a3eb5b86f91e2633aef7.php
No syntax errors detected in ./.tmp/phpstan/cache/PHPStan/71/cc/71cc624b11c5d31c37202a3ff93c7fba7c5ce871c18682e341e0199189765f40.php
No syntax errors detected in ./.tmp/phpstan/cache/PHPStan/71/55/7155e44f362c82344f16e950599a422459523bfde04fe189f2dd39ae24bfe97d.php
No syntax errors detected in ./.tmp/phpstan/cache/PHPStan/71/7f/717fcc20c95311e09d501eb8b4429f6686fb84440d625ff2f40ce754153b8b89.php
No syntax errors detected in ./.tmp/phpstan/cache/PHPStan/71/07/7107038737e0a9c3503571395e5bc51581046c315123a8b4ccfbe8405039c3e4.php
No syntax errors detected in ./.tmp/phpstan/cache/PHPStan/71/ff/71ffc14b3952109c211676fd9c5f2904b944af4a07ea6cad9216f4a5eade7fd3.php
No syntax errors detected in ./.tmp/phpstan/cache/PHPStan/71/c4/71c47e62cf12fd21258afcf7c7f40bb3ba36cea9a3d14a9d6308c1dc30bff615.php
No syntax errors detected in ./.tmp/phpstan/cache/PHPStan/71/ae/71ae4b21a9d03519ae9f3195362c05a106d250777fda9496c7a4d9af20e6dbb0.php
No syntax errors detected in ./.tmp/phpstan/cache/PHPStan/71/cb/71cb8dcb91b828be2d051259ff20bf7d075b189b953ae32ce566475aab071aac.php
No syntax errors detected in ./.tmp/phpstan/cache/PHPStan/71/80/718006411a6c8aaef494e7844e9a4b9dc1b6c43be2d68ec1287c59b2982f2cbc.php
No syntax errors detected in ./.tmp/phpstan/cache/PHPStan/71/63/716384e9eeac2a2d8952f95269d1dd0f8ab4a7b5c85e4aa45e549ade8c6383bd.php
No syntax errors detected in ./.tmp/phpstan/cache/PHPStan/71/c0/71c078ea660ed532427dec942084a37fe058fb53bfe07cafc2b2b8484a4fdce7.php
No syntax errors detected in ./.tmp/phpstan/cache/PHPStan/71/65/716583382ab21e8cf011adf57933510a68c4747f1b81b5d4f909e21e2b776653.php
No syntax errors detected in ./.tmp/phpstan/cache/PHPStan/2d/3e/2d3ea184a763c51269b5833ae1485ab62df558afac47ac21bdd0449be8cc599c.php
No syntax errors detected in ./.tmp/phpstan/cache/PHPStan/2d/b8/2db8a3f59e9c41213fb229a12121c2aa707deba7eb75a545447c164d95bd3a63.php
No syntax errors detected in ./.tmp/phpstan/cache/PHPStan/2d/cd/2dcd311f6a5d05cb757ad2990b3e0819e3c122774ab38d5810c1c023139c1338.php
No syntax errors detected in ./.tmp/phpstan/cache/PHPStan/2d/60/2d60c776baa746ea98d44aef62b18c4aa60351592cb885fa1cefdc2e1383941e.php
No syntax errors detected in ./.tmp/phpstan/cache/PHPStan/2d/78/2d78827d4d8b457ae040f70d68e7bfbe713b8e32a965ab1d724d3a1f39d5ac2a.php
No syntax errors detected in ./.tmp/phpstan/cache/PHPStan/7a/49/7a49cd0898b2f32f4e8f4d80e2bbd0ba3b227829c797f8ed6085fbb7bc6a5ad3.php
No syntax errors detected in ./.tmp/phpstan/cache/PHPStan/7a/7c/7a7c95e91a67696441f69a8b32c6b1d8a6195223aa87e491d17be3d8be01d1bc.php
No syntax errors detected in ./.tmp/phpstan/cache/PHPStan/7a/e1/7ae19c835524f8693f2c989ae1fe78d55389bfc4e5d15d38029fcf96e84d7c41.php
No syntax errors detected in ./.tmp/phpstan/cache/PHPStan/7a/7e/7a7e99958542223395785595052e8bac59c34e7248d012b51544fd5357e040ee.php
No syntax errors detected in ./.tmp/phpstan/cache/PHPStan/7a/9d/7a9d6e92ece3ab33ca0b1774d6f482b068cb8ece24b6ad3886868120551a6fd4.php
No syntax errors detected in ./.tmp/phpstan/cache/PHPStan/7a/d9/7ad99fad791edfb6951ea34f84e8699d54b438d43ad4040d5777f0423067b5e3.php
No syntax errors detected in ./.tmp/phpstan/cache/PHPStan/7a/63/7a63fea1e18736c30fb10420fce792f579485fa342be59d5fb75945eda48bede.php
No syntax errors detected in ./.tmp/phpstan/cache/PHPStan/9a/06/9a069e89bbdb0d4eff5ae1dbdb87db1468e1beb081712378dcb720cdd85626e9.php
No syntax errors detected in ./.tmp/phpstan/cache/PHPStan/9a/be/9abe3a6e4191ea060b030a9f3eb06718433d07f882c9c7937189ed375dbe16b5.php
No syntax errors detected in ./.tmp/phpstan/cache/PHPStan/9a/35/9a351c6d7bbefe2705cddaed9fc26e3d063acefddf8902ee938ce143ae86dae4.php
No syntax errors detected in ./.tmp/phpstan/cache/PHPStan/9a/12/9a12c8faf04cae5b7ef9d22816c5d36d2be28cd8c68a596cc2d9d6e43cfc8f11.php
No syntax errors detected in ./.tmp/phpstan/cache/PHPStan/9a/41/9a41112d7ff0756105c6b8f4b7067e86d0bbcb046f8c2c0880c253758326cf1d.php
No syntax errors detected in ./.tmp/phpstan/cache/PHPStan/87/5f/875fe3c76e7396fb4332f7e4cf5d08ae14913372de9ef737350a455463c3bd70.php
No syntax errors detected in ./.tmp/phpstan/cache/PHPStan/87/b0/87b09740307ccea7d1a83dc316ace50a0920b69d21ff44ee748ac56668c07560.php
No syntax errors detected in ./.tmp/phpstan/cache/PHPStan/87/fe/87fe3cdf88dafc6ba7b185c92ba411920b04608524643abc9b9bf2347ac3266b.php
No syntax errors detected in ./.tmp/phpstan/cache/PHPStan/87/2d/872d27abb9c32b84154349756a40c1b0e9804d8e64fb6a2909799f0e7e837808.php
No syntax errors detected in ./.tmp/phpstan/cache/PHPStan/87/7e/877e4773b78f0e090174bf413bc9b390001121954f39ca8dd220b686d5c30eed.php
No syntax errors detected in ./.tmp/phpstan/cache/PHPStan/87/50/875040aa05c79a2b916c90f1f919e7f2850c6810f90cfe6e77ed2485b87afa68.php
No syntax errors detected in ./.tmp/phpstan/cache/PHPStan/87/fc/87fcf0b8d7984e5abcafd4a6b46149642818e352414e5afc78afbdfe5c4343a8.php
No syntax errors detected in ./.tmp/phpstan/cache/PHPStan/87/e9/87e95875e58f1a5d34727f9e45e0e0d9296713188fe1312421346f39805374a7.php
No syntax errors detected in ./.tmp/phpstan/cache/PHPStan/d1/0a/d10a727e7f36c5d99996bea854f62a5eebb12270a40f9fd26dafe1e94c897030.php
No syntax errors detected in ./.tmp/phpstan/cache/PHPStan/d1/5f/d15f63d2635925fbf9237e47bcc09727d016d9c5ffc72655f7c7ca06301d4b6e.php
No syntax errors detected in ./.tmp/phpstan/cache/PHPStan/d1/8f/d18f0eb666ef33adca12aaa6d2654a9a0de910f98717f1317e3d807cadc7d6fc.php
No syntax errors detected in ./.tmp/phpstan/cache/PHPStan/d1/1f/d11f352e94acd80dfeb237f4c54aadeddb4eaca3c1adbbf009b1f660021e36f1.php
No syntax errors detected in ./.tmp/phpstan/cache/PHPStan/d1/03/d103e5b37f4c3c5a729f9a60f1577c965d19208ee2273050de3eb4d9550023dc.php
No syntax errors detected in ./.tmp/phpstan/cache/PHPStan/c4/39/c43926284438ee7bf08ee5713a6a1b5c6b2e370426106ec689bbc04b8498f300.php
No syntax errors detected in ./.tmp/phpstan/cache/PHPStan/c4/9e/c49ee06a2ed76dfede889712d5b782c56016d92538b8668ae27c7f302605263a.php
No syntax errors detected in ./.tmp/phpstan/cache/PHPStan/c4/72/c4721fa6035652de7fcf217c6e1c74b1c0c227fc3d6237d8b30fb8d8ac3d5da8.php
No syntax errors detected in ./.tmp/phpstan/cache/PHPStan/11/0a/110a1924cedf52f3b1aaefe18a5d7e5603cc5453d41e2482bac881ead0aefa32.php
No syntax errors detected in ./.tmp/phpstan/cache/PHPStan/11/a1/11a1b611bd808336ebf9cf9f4a41b6ceec7dba719e911d056d6b49fb3f0887c8.php
No syntax errors detected in ./.tmp/phpstan/cache/PHPStan/11/3a/113a8fe6b9a9713746e633fe42d29635fc41289e83ba04d6392459deeb94d0cb.php
No syntax errors detected in ./.tmp/phpstan/cache/PHPStan/11/32/1132c023eed252de9e9d3a876dd056ec4973d93a49fee3befbc6ad2501778f1b.php
No syntax errors detected in ./.tmp/phpstan/cache/PHPStan/11/34/113455e22062ce7809120a713ca0edd6901f141162d8f6d6ecbb21751c28c332.php
No syntax errors detected in ./.tmp/phpstan/cache/PHPStan/11/0d/110d4edbd12b9e301847fd53f9da1a7bc250cb886ed769791c36a958cd092103.php
No syntax errors detected in ./.tmp/phpstan/cache/PHPStan/11/e5/11e5e6c6fd1173445264c55a0a84990ee35f8317fb4c86686603a2f7a09a6924.php
No syntax errors detected in ./.tmp/phpstan/cache/PHPStan/4a/be/4abe6972adb9b86b44c49202b51ad2dae06c452614e532aed5fbefb4cae9ab6a.php
No syntax errors detected in ./.tmp/phpstan/cache/PHPStan/4a/fb/4afbc144f6dff41abbffea78663351501b55fa9e6626ee353e97f15168de1324.php
No syntax errors detected in ./.tmp/phpstan/cache/PHPStan/4a/fd/4afdd3d6b080b0d9fb77743feab3d9eba8cba5d71b7cc8e7f14398d4ec1042d2.php
No syntax errors detected in ./.tmp/phpstan/cache/PHPStan/4a/93/4a937c7c9bd95b903c4ff0ffa04f081658efcf5345c1e71c37ce1f6fa1f29486.php
No syntax errors detected in ./.tmp/phpstan/cache/PHPStan/4a/34/4a34cf60541345e03d96820179c3932a5560deec6aca13de45c042d2f09a6044.php
No syntax errors detected in ./.tmp/phpstan/cache/PHPStan/e2/f7/e2f7ecb9cfd4ab77d0fcf95e0af43f13f8c238233a8d971d2bd07f00d70ca475.php
No syntax errors detected in ./.tmp/phpstan/cache/PHPStan/e2/91/e291b0714535c69271f32e6679d74ce991abeb195cc97e528d4033777212f072.php
No syntax errors detected in ./.tmp/phpstan/cache/PHPStan/e2/ae/e2aea9a8ed7d987b7f524f452a5dcec8380ce0567028697cc8d4c1f952a17887.php
No syntax errors detected in ./.tmp/phpstan/cache/PHPStan/e2/0e/e20e0a9264fe32e0f20a63c0722fd0998048b274f1ed1d81268dc436ac771357.php
No syntax errors detected in ./.tmp/phpstan/cache/PHPStan/e2/09/e20913b5ab045729d0b198fc7b2eca61108c23aff602c644a0f07614c53bb03c.php
No syntax errors detected in ./.tmp/phpstan/cache/PHPStan/e2/34/e2341a71acd64b0df888166daeba818622a00c7e7d360a528626b9e10cea2bab.php
No syntax errors detected in ./.tmp/phpstan/cache/PHPStan/e2/23/e223da4bb491d9b35970b8bf76b41684ff445f69b1b317e06de7cd3638178c10.php
No syntax errors detected in ./.tmp/phpstan/cache/PHPStan/04/c9/04c9de1f0a17a65f3b4d09794f46ca22badef0ff52d929bd0bd27eb0ff233109.php
No syntax errors detected in ./.tmp/phpstan/cache/PHPStan/04/8b/048b9fbc3d849d1f0f1015535010f5aec855d7135077ed1a65b7347e88507b4a.php
No syntax errors detected in ./.tmp/phpstan/cache/PHPStan/04/a9/04a9545c6ad39f46158be53edc35508a03aa8616436803e1e80bdf2b94477ea2.php
No syntax errors detected in ./.tmp/phpstan/cache/PHPStan/04/2b/042b06cb4886ef9a13ab5404440ac99109793f0c27ca602ed71d596e3549f3c2.php
No syntax errors detected in ./.tmp/phpstan/cache/PHPStan/93/cf/93cf7707aa13b43eeabbbdda678e893c93126c5e877280d7fd56486f9fd70230.php
No syntax errors detected in ./.tmp/phpstan/cache/PHPStan/93/b6/93b63c73bcc2de02c33dee25de9281bca19492f2a0857f3ea627d94648141283.php
No syntax errors detected in ./.tmp/phpstan/cache/PHPStan/93/7b/937b9174d4c541bb3ab72e1de68d995badf970d7989e2e764ce48b547e536fe1.php
No syntax errors detected in ./.tmp/phpstan/cache/PHPStan/93/97/939797fda9cec52f1c47512515055925be39156a0872fa994d6d99053ee2288c.php
No syntax errors detected in ./.tmp/phpstan/cache/PHPStan/93/d4/93d446bbcf19a9461a6b9313e70688180d589d2dc968e2d791d211e62f38554f.php
No syntax errors detected in ./.tmp/phpstan/cache/PHPStan/ef/3e/ef3e3c39dcc3747853b7863b7fd7d1e8df732f4a473889fdd5c95e104961a6c3.php
No syntax errors detected in ./.tmp/phpstan/cache/PHPStan/ef/6b/ef6b58d7f64943e3c7d88bfdd1f37d83716a76ecba52fd5ec6685c8529702523.php
No syntax errors detected in ./.tmp/phpstan/cache/PHPStan/ef/4e/ef4e9c422e6a4358af1bc078769afb9d42d6fd02f1a820bf0fdfae048ba4840a.php
No syntax errors detected in ./.tmp/phpstan/cache/PHPStan/ef/cb/efcb7e78593d7883f139d3b3d17ff842de98eee80033e250ebf03ba4c2d709cb.php
No syntax errors detected in ./.tmp/phpstan/cache/PHPStan/ef/08/ef087998d024e77dc895829b53f2b2d502b71a3b5edbfc8ede83a0e457817ca1.php
No syntax errors detected in ./.tmp/phpstan/cache/PHPStan/ef/a0/efa09e07ca8fdbb4773dfda3cd7e3c488a131e6054d62a92ddc5340e611c0259.php
No syntax errors detected in ./.tmp/phpstan/cache/PHPStan/ef/1a/ef1a28da353d153a417657b192684958c0187f0e48b3cbf0a8178b02292bb82f.php
No syntax errors detected in ./.tmp/phpstan/cache/PHPStan/91/29/912949db10733430172c88621d8135538b2b430f0e9b47202bf43bbc9c6582fb.php
No syntax errors detected in ./.tmp/phpstan/cache/PHPStan/91/37/9137b0797debd61907f4958f28a0ebaccc440eede8d8d075847b5f6fd6c4b979.php
No syntax errors detected in ./.tmp/phpstan/cache/PHPStan/91/9e/919e73ca5427658e9cff565c6e0eb696ba98357a81e0560018dfaf43b7c8bb43.php
No syntax errors detected in ./.tmp/phpstan/cache/PHPStan/91/d4/91d479f7ace0936647a9399b572aa66afff6947e2ffdd0f0ed1b86469a414820.php
No syntax errors detected in ./.tmp/phpstan/cache/PHPStan/e4/f5/e4f5e6b7451b7eff8d57e7997e4076b6a8261c091f82928a2b004cccf6f7e02f.php
No syntax errors detected in ./.tmp/phpstan/cache/PHPStan/e4/d0/e4d08a79324c7f262a7c0ed86564a55ebeeb471883807a81d74c428db1efded0.php
No syntax errors detected in ./.tmp/phpstan/cache/PHPStan/e4/2d/e42d57f87360b6cec7c4dfa3c86b8369db5cab2704698db4742aa9ed3a48c2f5.php
No syntax errors detected in ./.tmp/phpstan/cache/PHPStan/e4/c0/e4c02fc699287ac408f45882dddeefef46f003cffce168a12955c5a77aca88ca.php
No syntax errors detected in ./.tmp/phpstan/cache/PHPStan/ae/7d/ae7d9f1852581eafbebf1714a28af4aff311be0d9569195ecbb28a4b3f066d91.php
No syntax errors detected in ./.tmp/phpstan/cache/PHPStan/ae/ea/aeeaeec50456227ee3fe127b97c4adc453cf87df68284a6d6f381ca0a354d6a2.php
No syntax errors detected in ./.tmp/phpstan/cache/PHPStan/ae/0d/ae0d112857f9215490324132ecabc03f34bbb97605e7349e873d463a6f454886.php
No syntax errors detected in ./.tmp/phpstan/cache/PHPStan/ae/a6/aea63682779fb7208af3529772d22e31e1e714f082d2616dfa6b0a72e909c04a.php
No syntax errors detected in ./.tmp/phpstan/cache/PHPStan/af/a8/afa8deef8a1fbbac4d8836c0e6366cc68d73c14493ea50c9b261ac1551a2f6e1.php
No syntax errors detected in ./.tmp/phpstan/cache/PHPStan/af/f2/aff2ebf5e45bf1aa69046104ccb0b7323bdb282e14f3af57b9f7f8096d6981d8.php
No syntax errors detected in ./.tmp/phpstan/cache/PHPStan/af/2a/af2a3953b28d075f2ac039b41db0b4b5b9a405bb76f81f86990ffd55cd2eeeac.php
No syntax errors detected in ./.tmp/phpstan/cache/PHPStan/af/ce/afcee57f635c5b27c9588ac99cafefb76fed9e12f6817d3d0e0e1010f83c2cb3.php
No syntax errors detected in ./.tmp/phpstan/cache/PHPStan/af/3c/af3c0ec15dc353880be935c4e820156d2d8f9e28f6428e73ade5155c63b7a74d.php
No syntax errors detected in ./.tmp/phpstan/cache/PHPStan/af/db/afdb9fb20857e52a29845fb88ae19e6c5ac0046226ec5e87e3a867e6e3fc234b.php
No syntax errors detected in ./.tmp/phpstan/cache/PHPStan/af/af/afaf4460cb55964919cee1df49e1b52468ba6dfae4acb7a0d1d37cbb6bcdf8c9.php
No syntax errors detected in ./.tmp/phpstan/cache/PHPStan/af/74/af74078136eb204e58b66f4f2e62d12477c2c3566c2b9ce7548a72ccbee9b3a7.php
No syntax errors detected in ./.tmp/phpstan/cache/PHPStan/af/9d/af9d5dee3a9401a4f08b40b04b2f18ccbc603c4e30dbda7bb2fef86426f4c95d.php
No syntax errors detected in ./.tmp/phpstan/cache/PHPStan/01/8b/018bb9aea2b3f84635962c581a9762eb46e14eb73d240c54d90749dda355e7c0.php
No syntax errors detected in ./.tmp/phpstan/cache/PHPStan/01/3b/013b51b8473f022663cdf7e314d4c20a3e849f8aca9f88f983eec680ff9dcead.php
No syntax errors detected in ./.tmp/phpstan/cache/PHPStan/70/8e/708ed215ee6a21acaf8a848e69d4c1197c02d580eb97788fa7fb9549b15b3bbb.php
No syntax errors detected in ./.tmp/phpstan/cache/PHPStan/70/96/7096d0dc496f6c2cd97d27d0ab6c5923af72e50c1d3e8ad72787757a72146eb0.php
No syntax errors detected in ./.tmp/phpstan/cache/PHPStan/70/8f/708f09333c3a4169fc0cb04665a98d254413e58c074e0cc576148083e28266e8.php
No syntax errors detected in ./.tmp/phpstan/cache/PHPStan/70/a4/70a4aa103e45904ec2144093ecdd6ffda9ebde9c5c1283d5a4d512b37d40e2b4.php
No syntax errors detected in ./.tmp/phpstan/cache/PHPStan/70/11/7011055d83e6dc39596ab93588ce7522748789dcd0d0b43ae5def41934aaf2fe.php
No syntax errors detected in ./.tmp/phpstan/cache/PHPStan/70/69/7069a68cbdfe82a833bea4ebefedc29809a5449ad91dfbbaf849031d5b07ad9d.php
No syntax errors detected in ./.tmp/phpstan/cache/PHPStan/70/e0/70e0b96d1d675df3eee296dd9f39025ef580fd65bf6239451e6cc43a5241f2fa.php
No syntax errors detected in ./.tmp/phpstan/cache/PHPStan/70/75/707501fef0729632637c8dbb049ef55389034a41b7c989153e5a62dda8f642c8.php
No syntax errors detected in ./.tmp/phpstan/cache/PHPStan/70/59/7059696972cdf0fe5a0f343fecf5b076793ff138b450918dae6400bb46f852ef.php
No syntax errors detected in ./.tmp/phpstan/cache/PHPStan/f9/4c/f94c3054d67ca281b6cfcfc99b0899c441be25ddfafdd2008862271eb1afea68.php
No syntax errors detected in ./.tmp/phpstan/cache/PHPStan/f9/7c/f97c4fe8a840e58abf764e58d7268bea577a98e5479cffa81544ac111b22b185.php
No syntax errors detected in ./.tmp/phpstan/cache/PHPStan/f9/04/f904846bff5da5d4d64a638988376b8df3aec29764a85729a858a8d51ad892e0.php
No syntax errors detected in ./.tmp/phpstan/cache/PHPStan/f9/4d/f94d86b8334649962601d3621b50389cb446958fbd1d73300a106ec640da32a4.php
No syntax errors detected in ./.tmp/phpstan/cache/PHPStan/f9/6f/f96fff95147174ef8532fd41df5e5d41a9016d5160e4e0e2aa56ec5f19fdc0ac.php
No syntax errors detected in ./.tmp/phpstan/cache/PHPStan/f9/d4/f9d4a67176a55a71da3d385249a2ab080097bb2224901b3b6f9f6235e185cfbd.php
No syntax errors detected in ./.tmp/phpstan/cache/PHPStan/7e/79/7e7952de53ce1db7ef1e2ee41fe62f2300f4249388c0f5b4fe4badd962e8dc13.php
No syntax errors detected in ./.tmp/phpstan/cache/PHPStan/7e/2a/7e2ad6529cf0003829619b8e79b24a3ded1b88268e1d33c30950ecc522be8f42.php
No syntax errors detected in ./.tmp/phpstan/cache/PHPStan/7e/fd/7efd5f77f0a930f1e7efbb030a1d4f0508ecb0bab15e9874e8e7de3dc687290b.php
No syntax errors detected in ./.tmp/phpstan/cache/PHPStan/7e/9f/7e9f7886c23f5c55efdf03abaa891f637c96cc4df371a2f49d8a855d5f8507fd.php
No syntax errors detected in ./.tmp/phpstan/cache/PHPStan/7e/eb/7eeb1dd89e0598496b6f474756586bc7d4d207dae37492ba199498fb17c2b51a.php
No syntax errors detected in ./.tmp/phpstan/cache/PHPStan/7e/18/7e18ad8d4b40f49e7c1f76eaae3fc36928be5e47a17afee9bd8c40e7160995c0.php
No syntax errors detected in ./.tmp/phpstan/cache/PHPStan/92/25/9225b7094e882ce654fc27e226973cd2558e49e5916a915f22edfe25dc17cd65.php
No syntax errors detected in ./.tmp/phpstan/cache/PHPStan/3f/e3/3fe3d69136c3f0d838021fba12e55f5d5af982158af0a09f1df1bbe215d6eac7.php
No syntax errors detected in ./.tmp/phpstan/cache/PHPStan/3f/73/3f7343d917d5f84e7272c8178b9610ae0ad030c765705c5bc7734b9552788de5.php
No syntax errors detected in ./.tmp/phpstan/cache/PHPStan/3f/1e/3f1e8b72528263d7e33a4668ccfbf9af937222033c7c3606b4dcddc6dafefc80.php
No syntax errors detected in ./.tmp/phpstan/cache/PHPStan/3f/92/3f92b3bbfe2c43285c5b76fc59edc762b609aabc0031e1bcfb9f954f75ee5e7d.php
No syntax errors detected in ./.tmp/phpstan/cache/PHPStan/3f/26/3f26bf3485aa01ff092597660f01c4a9d1e111019eb643f17a0d40be92ac572a.php
No syntax errors detected in ./.tmp/phpstan/cache/PHPStan/3f/f1/3ff14fdbb3042f8e03276ef25607e49971f9b35ef94b99e59b14b21e2cc5e964.php
No syntax errors detected in ./.tmp/phpstan/cache/PHPStan/74/d7/74d76c144909a6702fd051c5f83ed186236fd65336ccaf1ef30a49cf965ef733.php
No syntax errors detected in ./.tmp/phpstan/cache/PHPStan/74/f7/74f700d5f6dd52658b94ae649d709244d8d71835edc83cc3e5a8cd08a994a08c.php
No syntax errors detected in ./.tmp/phpstan/cache/PHPStan/74/4d/744d4660a638b2a42c5fa71637751361ab2f8317365be80a03513ba95f8895e2.php
No syntax errors detected in ./.tmp/phpstan/cache/PHPStan/74/e6/74e6a5bd7bcfb114e1084e576676ec1161481682edc14add5e4f18b63c8e2b2d.php
No syntax errors detected in ./.tmp/phpstan/cache/PHPStan/74/38/7438315c18fadec57cb7b06b84b9690327b784abbc4cea5fd36858fcb766b2d3.php
No syntax errors detected in ./.tmp/phpstan/cache/PHPStan/de/ad/dead0347098004c5ce25ddb4398429e71a9f3e244abc2d2717082f716a4d58bd.php
No syntax errors detected in ./.tmp/phpstan/cache/PHPStan/de/6a/de6a070bea5773f2988953c0312cfab667c9a837c562276d0938fe2de8426d7c.php
No syntax errors detected in ./.tmp/phpstan/cache/PHPStan/de/56/de56bec272b1d18630c89231d70e927d8a2cb4816109bc3ebe41312b5e7bbd28.php
No syntax errors detected in ./.tmp/phpstan/cache/PHPStan/de/04/de04c7d354680bd91a0ad29ac4d54a061708daeed1b01ef18d1c5081ae3bbc4b.php
No syntax errors detected in ./.tmp/phpstan/cache/PHPStan/de/ea/deeaeec1d3bd719484d767f0899c44daf7c2787d170a1ac2d61b76557a8940fa.php
No syntax errors detected in ./.tmp/phpstan/cache/PHPStan/de/1d/de1d80b1267951cc5d92aff8a582a74eb0f7ff6400aeac1033cd9e227a8f552c.php
No syntax errors detected in ./.tmp/phpstan/cache/PHPStan/de/65/de65ad3e8962e361970febcb7c04ad4d8dc4c03fb32865e282046297092a8b28.php
No syntax errors detected in ./.tmp/phpstan/cache/PHPStan/de/c2/dec293e23b37426c152efa62883e70d73ffe63e0870440deb340fa25edc2178c.php
No syntax errors detected in ./.tmp/phpstan/cache/PHPStan/f6/6b/f66b03af125233122f62a1180eafd6dbf3ab9b5b5f39316b7b9f205b85037199.php
No syntax errors detected in ./.tmp/phpstan/cache/PHPStan/f6/46/f646c2a9d093c591e7128a6db82369b8f4a6671c42182cccbe2d02ae1c1a8a3a.php
No syntax errors detected in ./.tmp/phpstan/cache/PHPStan/f6/07/f607e70f1c15b2b3db8672d3421d450ed946546093568ff93ed27a937e0f8128.php
No syntax errors detected in ./.tmp/phpstan/cache/PHPStan/f6/bb/f6bbfdc58d2afa5000fb5a583bce8daf1e8368aeec8d213ba0cbf62f08a4e5e0.php
No syntax errors detected in ./.tmp/phpstan/cache/PHPStan/f6/70/f6705dfd578561eb55b927514b4118a84dc3339b4229fc3cc07461051807f2da.php
No syntax errors detected in ./.tmp/phpstan/cache/PHPStan/f6/cb/f6cbfb43494f91c25a37b86b3203a6e8c0c171487f6b7d434dbd96d96a710a14.php
No syntax errors detected in ./.tmp/phpstan/cache/PHPStan/f6/32/f6321d80f622f7bab5238575cf80d418e0c7916430da0d49c9cf297b65baab3d.php
No syntax errors detected in ./.tmp/phpstan/cache/PHPStan/f6/2b/f62be83661a0d0dc7dae02233ff8cb6ed7e6aa019284e06069e94d0e139d45c5.php
No syntax errors detected in ./.tmp/phpstan/cache/PHPStan/f6/e7/f6e73d7fb36907d4a78773c30e9471c9522550fcf157f9709f51709d46417eb3.php
No syntax errors detected in ./.tmp/phpstan/cache/PHPStan/f6/2c/f62c98e083854be61e23c04fa9d66a0929aadc354d293a133c981084c79dd206.php
No syntax errors detected in ./.tmp/phpstan/cache/PHPStan/50/44/5044540ba556e7869e5a4f064fc885d5929f7fc4447e16f6211cd5791069b927.php
No syntax errors detected in ./.tmp/phpstan/cache/PHPStan/50/6a/506a457ff18664fbf5d63eaac5e214ee6365d9568896956ffd702a5e1e8c3726.php
No syntax errors detected in ./.tmp/phpstan/cache/PHPStan/50/fd/50fd823850850ce42c16f0a11634e753fae59fffe79b5e2bc064e24cef02ff75.php
No syntax errors detected in ./.tmp/phpstan/cache/PHPStan/50/e1/50e193fd0ceaba2f0d58ff4c6b3adfd838b2693fe546e4160651460d08743c4a.php
No syntax errors detected in ./.tmp/phpstan/cache/PHPStan/0e/6b/0e6b313f6feee0584cfeb0132c92c47ab675170e73d0c70dd8696f9bba2560dd.php
No syntax errors detected in ./.tmp/phpstan/cache/PHPStan/0e/63/0e631f2aa6b960ef27b0f4f96797077a65ba1ece9331a4723575e39a70b6b57a.php
No syntax errors detected in ./.tmp/phpstan/cache/PHPStan/c6/85/c685246ad298e4b978f880024121e08479993307c9f7e9c68415ec1b00398f07.php
No syntax errors detected in ./.tmp/phpstan/cache/PHPStan/c6/5e/c65e6d092fd4b1feea4d6e54e0445069884cf7bdfed83b20596eb8f2719e1cad.php
No syntax errors detected in ./.tmp/phpstan/cache/PHPStan/4d/b0/4db0eae8246d1188d000e6d728565e162711d5abad5bcd11b6b672a6e6aa64ab.php
No syntax errors detected in ./.tmp/phpstan/cache/PHPStan/4d/8f/4d8f60577979312412346e1aec6b9fa3cc8e93369ef2df22c8b979d56991c4ce.php
No syntax errors detected in ./.tmp/phpstan/cache/PHPStan/4d/0b/4d0b47fb874375275383e8ab5aacaae6363870120a74178a9b5243937c717d7a.php
No syntax errors detected in ./.tmp/phpstan/cache/PHPStan/4d/d3/4dd34233d75241ecd644f28a259294209971af566cca168a60316b5ff7d83c68.php
No syntax errors detected in ./.tmp/phpstan/cache/PHPStan/16/be/16bee7239471ea4791ca1aaefcf4f4e72ac1b808e743c743ca281dcddf8ed91b.php
No syntax errors detected in ./.tmp/phpstan/cache/PHPStan/16/d6/16d6583a12f2020b6b9f20a19f808298f04b01ba5ff063e8610b99611e6c78ba.php
No syntax errors detected in ./.tmp/phpstan/cache/PHPStan/16/15/161563978f951eced147d1bfcb5987f596245a8100367aaa0cdc755f42820610.php
No syntax errors detected in ./.tmp/phpstan/cache/PHPStan/16/78/16786d15cd505ef8425900eb94a8b4d03c8ae9de70d33c73f7c3727b98b81559.php
No syntax errors detected in ./.tmp/phpstan/cache/PHPStan/16/0f/160f911936a6fee8829188324752129fbbfaa8c4e04d0bd3f214f7af73581faa.php
No syntax errors detected in ./.tmp/phpstan/cache/PHPStan/16/e0/16e03f30ca527a763c0f0fe1d6f014acd311bc5785fc91f08331866e2004d86d.php
No syntax errors detected in ./.tmp/phpstan/cache/PHPStan/16/2b/162b14de92eb71051a5b1e204f23744a12693b48fcc32e9f5c866aecab792427.php
No syntax errors detected in ./.tmp/phpstan/cache/PHPStan/f3/29/f3299109eb9b2f80a4d4b1425181cb9e08a5e609abfcad24549ecc51952def21.php
No syntax errors detected in ./.tmp/phpstan/cache/PHPStan/f3/14/f314fbd2da5f825f444e1ceb5e3a5f7786e08e652518c7dffd46822ea06ff6fd.php
No syntax errors detected in ./.tmp/phpstan/cache/PHPStan/f3/d8/f3d8244a2c4bab1830ecc7a93aa78977d14ec4eca2eeaa69103ea3b0856dc871.php
No syntax errors detected in ./.tmp/phpstan/cache/PHPStan/f3/11/f3116db6f30819d052a8f03792f8aa47632ed0eee7803f414a8ccb13daf81b78.php
No syntax errors detected in ./.tmp/phpstan/cache/PHPStan/f3/93/f393ba6fbf2216199e9bcd3e220e1fb3ce27598bf34644151131adc0373ce366.php
No syntax errors detected in ./.tmp/phpstan/cache/PHPStan/f3/50/f350d54754dbd777f1b6a482498b5967e774fd565ba3b0d024bf82cabf1b47c5.php
No syntax errors detected in ./.tmp/phpstan/cache/PHPStan/f3/6f/f36fa064e65d540efee99c97336442eceb4bcc4faa089f16b8ba4096883fc339.php
No syntax errors detected in ./.tmp/phpstan/cache/PHPStan/f3/ac/f3ac8526a97d63a9b3fc47aab84f3514797fccf1e1edd4448e85f1589020f810.php
No syntax errors detected in ./.tmp/phpstan/cache/PHPStan/f3/67/f36737ad8cb6dbb0eddfcf63a463d87c17d36525059c000d35b16a6107739053.php
No syntax errors detected in ./.tmp/phpstan/cache/PHPStan/f3/f4/f3f462d07df9240f94716b75e7c61b21b2c2becc33c530973709bf4d9e765dda.php
No syntax errors detected in ./.tmp/phpstan/cache/PHPStan/f3/d9/f3d9c373d342cd16bf7b2905bdb8e09e02e56253488f142e7a3fc367f0d96957.php
No syntax errors detected in ./.tmp/phpstan/cache/PHPStan/dc/9b/dc9bf852c5a96cc85e05fd2ace58902912399999f99b18e0fc3ef6e296a937e3.php
No syntax errors detected in ./.tmp/phpstan/cache/PHPStan/dc/da/dcdad300e58f2e3e1f98d6693c592f16dd02b3b8bcc497db03aa31d163a64337.php
No syntax errors detected in ./.tmp/phpstan/cache/PHPStan/dc/0b/dc0b350edc3d7e23ed78db78f5b412ad68a36a2b7de66fbb9ddd9123f979e2e2.php
No syntax errors detected in ./.tmp/phpstan/cache/PHPStan/dc/8a/dc8a47815c3e0b3753699b73cbf644fd77e6dad7f977a3e6ddcab5591e70d662.php
No syntax errors detected in ./.tmp/phpstan/cache/PHPStan/dc/90/dc90ec4674b1981737a7ca650967d45bba9977b97c039dd36ce8a17fe9afa205.php
No syntax errors detected in ./.tmp/phpstan/cache/PHPStan/dc/e6/dce6712beb51d5ac9f0b6b453b7aea06aa4e4d99b90d0034472ac03a49b2f585.php
No syntax errors detected in ./.tmp/phpstan/cache/PHPStan/b2/dc/b2dcbd08a655a0ea8b1aee25b055a2b73804352cc32e76dc6d1f1b1a5fb7c09d.php
No syntax errors detected in ./.tmp/phpstan/cache/PHPStan/b2/ec/b2ec9210dda889474012aa28ccc6a19c0e6f60f56d23a68d3cb0d79943e64c20.php
No syntax errors detected in ./.tmp/phpstan/cache/PHPStan/b2/26/b226973b7c5a00b39dcae0858dc08da7bf2091f8e9ca6cb19356e7197416b273.php
No syntax errors detected in ./.tmp/phpstan/cache/PHPStan/cb/bb/cbbb13cf4f580f2cfe811d1d018bd70ba6072bc68989486a23ae972c13b28ce9.php
No syntax errors detected in ./.tmp/phpstan/cache/PHPStan/cb/40/cb4003b0f3e9d095c04539f6cd883a67f16a274c78ced586a245bc5fc3929cee.php
No syntax errors detected in ./.tmp/phpstan/cache/PHPStan/cb/71/cb71eb80c2312c08a12ecb3e3b21987cfb86b00d1219d4fa732a80cbd0e17354.php
No syntax errors detected in ./.tmp/phpstan/cache/PHPStan/cb/69/cb6961fabcc4af6bc0a67b49b0fb8cf83acfc922ca2b833350da3913d64d15f1.php
No syntax errors detected in ./.tmp/phpstan/cache/PHPStan/cb/1b/cb1b6cfae1b85d7da5e22ca86423b2b4d343d112391383be6eeb6ca5c4a7bc2d.php
No syntax errors detected in ./.tmp/phpstan/cache/PHPStan/3a/47/3a475fb187ffe4c5057f274053d4fb169b29406ccc6fb3b2ae4193039f83867b.php
No syntax errors detected in ./.tmp/phpstan/cache/PHPStan/3a/ce/3ace274e10de952508d32eb194197420f697aa44f6e70f7c352dfcac83fffd25.php
No syntax errors detected in ./.tmp/phpstan/cache/PHPStan/3a/cf/3acf984261766c2f1654e8c356ed524db2d81c116c7d0bfde6b08fd5065169ae.php
No syntax errors detected in ./.tmp/phpstan/cache/PHPStan/3a/61/3a61dac8633d3269066fba428c8dad4c58831e132e1c190c7df820d7b309e1e8.php
No syntax errors detected in ./.tmp/phpstan/cache/PHPStan/3a/87/3a87f0b9cef9ea6435c5e8ed1739921d18fdc3f13d38b29426013d01ef8affbd.php
No syntax errors detected in ./.tmp/phpstan/cache/PHPStan/3a/c4/3ac4e486aaa1f93910cfdfc7049e7935b46aa4ad1e3ac7e22732e44c64c2e4e4.php
No syntax errors detected in ./.tmp/phpstan/cache/PHPStan/3a/62/3a620bd4c7cc7b63dbf87d4f69f68044c422995357c9a01a4e0b00f96c03ac90.php
No syntax errors detected in ./.tmp/phpstan/cache/PHPStan/85/8c/858cd11210b453145c2e30047dde341b180f60108e636a995c86c0ed4a87c038.php
No syntax errors detected in ./.tmp/phpstan/cache/PHPStan/85/46/854614817ee6dde9909bd2db1ffeebb40f97dd399be1e77666211266c5eb2d4a.php
No syntax errors detected in ./.tmp/phpstan/cache/PHPStan/85/07/85079f90e562b89f771f1a4b4a3366811a77ca3f8d130b9a14a3a391430b7944.php
No syntax errors detected in ./.tmp/phpstan/cache/PHPStan/85/2a/852a7c0718b56d6624d9ae1fe454ba7a0138cf2b9c755e3ed44aa9a11d20fae7.php
No syntax errors detected in ./.tmp/phpstan/cache/PHPStan/85/a9/85a9a55b858e66ed7b2bc7334ea8ae7244040a38475745d8a8619320d106ef9a.php
No syntax errors detected in ./.tmp/phpstan/cache/PHPStan/85/d1/85d1cd8cebdfbfe9fa0281a963e5302dbeafe72459a3eeace1204b4a9ae6116d.php
No syntax errors detected in ./.tmp/phpstan/cache/PHPStan/85/80/858025d7941c80dac05e7d19b4f6f718344dad1e676781e7b9dd3beb5fd2fc5d.php
No syntax errors detected in ./.tmp/phpstan/cache/PHPStan/aa/bd/aabd457a88d6b3283d2374e935008fa3e4c9c88c592b24afd75067fe9528e999.php
No syntax errors detected in ./.tmp/phpstan/cache/PHPStan/aa/87/aa87ff790725de467cc5c9019def6c897e16b00d62600b54c1c4d9d10411229f.php
No syntax errors detected in ./.tmp/phpstan/cache/PHPStan/aa/74/aa748dce90ee5acfa94907e3eb5c693cac108ec546fe03882eee9092740bc196.php
No syntax errors detected in ./.tmp/phpstan/cache/PHPStan/aa/85/aa851b04a33692dc2813ccd4314faa27b8705f5cc9330aed760dbd8c0fd4661d.php
No syntax errors detected in ./.tmp/phpstan/cache/PHPStan/aa/34/aa34db4afc04b267d8d891e2c54c107666226b072fd070848ad515baec1af07a.php
No syntax errors detected in ./.tmp/phpstan/cache/PHPStan/aa/6c/aa6c4ab303517fa72a94f571b97be0c9239420336984a771d4ac6dc038e35d89.php
No syntax errors detected in ./.tmp/phpstan/cache/PHPStan/aa/e9/aae98939e1f21d3654fbee3591a89d5578ff4d90e9955944e10ea32331f4caa3.php
No syntax errors detected in ./.tmp/phpstan/cache/PHPStan/03/61/0361339ba1a21b15aaa8c6ab3c59d9ceb7742c387bbd92a78500cbca7fc9a613.php
No syntax errors detected in ./.tmp/phpstan/cache/PHPStan/03/87/038793d70a55ebbca64097de71fefbb78a30b57e2e99b0bb570ab0d09c06df27.php
No syntax errors detected in ./.tmp/phpstan/cache/PHPStan/03/87/038724168afd6c4b727de9522579337a83082bc9d8ccc0374bf2b7942d5a9e47.php
No syntax errors detected in ./.tmp/phpstan/cache/PHPStan/03/0f/030f046cd7d83954b3c40658d687f7c19ca246661f5263a351a159ca6791ad04.php
No syntax errors detected in ./.tmp/phpstan/cache/PHPStan/03/d3/03d39de9443cd3e998f9675921f9f71c57da1151b5f146459919df46e4b1fcb0.php
No syntax errors detected in ./.tmp/phpstan/cache/PHPStan/60/81/60811aff43f31610f84d20e48d7f4acae071d5182ca4a9c4bebcbbc6fba4ecc2.php
No syntax errors detected in ./.tmp/phpstan/cache/PHPStan/60/bc/60bc2d48a6198c2f60b36505b835b7ffc72ba6b355d6138d7534625e4a27d2f8.php
No syntax errors detected in ./.tmp/phpstan/cache/PHPStan/60/ff/60ff37df25417888491b8ba09854d42878075ade78bb2c61ef57b80e925e75e9.php
No syntax errors detected in ./.tmp/phpstan/cache/PHPStan/60/4a/604ac14bd9805a2ac2883dc2d7826996a23b0bf3fd12475df57f0521e8146e8e.php
No syntax errors detected in ./.tmp/phpstan/cache/PHPStan/ba/a1/baa115ad60de1046ac81efd5e7f2c4f92456ab072e15c2f853b1f02d6650b285.php
No syntax errors detected in ./.tmp/phpstan/cache/PHPStan/ba/66/ba66786d9e4c9ec8a703389a9df64b80ad327022a7a0c748f8e114996f053ed3.php
No syntax errors detected in ./.tmp/phpstan/cache/PHPStan/ba/cd/bacdbd03cbf91b9077604130923278faa7129583e9a6f26db302a48338898302.php
No syntax errors detected in ./.tmp/phpstan/cache/PHPStan/ba/87/ba87e53ae9f31d36c6c1d0c73bdf8e4f2257fcdb8e4982ee328b1343063fb421.php
No syntax errors detected in ./.tmp/phpstan/cache/PHPStan/ba/1d/ba1db1fa9cf74c087fcc8032eef383b48c089b7928238ead857522336a16a7ae.php
No syntax errors detected in ./.tmp/phpstan/cache/PHPStan/ba/65/ba65f63da1b544152f433e07d49020b7b302578a3ee7eb5a7e6bbfb56d4da6b3.php
No syntax errors detected in ./.tmp/phpstan/cache/PHPStan/ba/c2/bac2baa7643d395db4103083369f680bd0d119a922a5b77581663fdf002c5f07.php
No syntax errors detected in ./.tmp/phpstan/cache/PHPStan/ec/79/ec79a34d23d1fe7544fd20902f10e3bdf0071f282e71e51e42af49a943966c82.php
No syntax errors detected in ./.tmp/phpstan/cache/PHPStan/ec/3b/ec3bd676f25ff1e27b8ca4e89e8f6a1a999508e2995e1631d75d743566d7a2ce.php
No syntax errors detected in ./.tmp/phpstan/cache/PHPStan/ec/d5/ecd5f6a307526089f18f5d60b4734c477ba860013a7d04d586786fff99261cc3.php
No syntax errors detected in ./.tmp/phpstan/cache/PHPStan/ec/7a/ec7ae297008e575e252e6e5c97ba8d00955ea229b91776826fd00d63764c421a.php
No syntax errors detected in ./.tmp/phpstan/cache/PHPStan/ec/cb/eccb593908e2cb760dd1d9588896710fbf36cb76dbf2e104ef6c5bce170fd308.php
No syntax errors detected in ./.tmp/phpstan/cache/PHPStan/ec/1a/ec1a54445d6dbc98647eba3460e34e7b51f306e7edb015fb1015d647b2939ba1.php
No syntax errors detected in ./.tmp/phpstan/cache/PHPStan/6f/42/6f42cbb98438020ae8623f5efe6788b918cd28d09a7aacb29a063c7dcfd68ce1.php
No syntax errors detected in ./.tmp/phpstan/cache/PHPStan/6f/fd/6ffdf4ed5ac4dcfbce5a877d0b01a24d05d2d79349f36be2738d496723d007e8.php
No syntax errors detected in ./.tmp/phpstan/cache/PHPStan/6f/e2/6fe29833d3508cf2a12437923cb6e6d7c01a31a22d87a70cc969f291f730697d.php
No syntax errors detected in ./.tmp/phpstan/cache/PHPStan/6f/7e/6f7e7c4330fddad2ebbb701e0f1f9109b31d3984b52010ae21dfc284651ce137.php
No syntax errors detected in ./.tmp/phpstan/cache/PHPStan/6f/0c/6f0c5b5514afcbda45fdb1cd17a8402f2e64ed58c3c693373e7b9bd582d3e2a6.php
No syntax errors detected in ./.tmp/phpstan/cache/PHPStan/6f/10/6f105a00a086e6594ae70886e52f7bdc0e28ffb098188f1d99d52f4eccfc83b7.php
No syntax errors detected in ./.tmp/phpstan/cache/PHPStan/6f/f1/6ff1f6f84b4619f91038cb7db5e4312f8e4a00d90a3204e5361c8613f2190f77.php
No syntax errors detected in ./.tmp/phpstan/cache/PHPStan/6f/c1/6fc1ed4fb04f86a4d55359db533e767f3e770574f96ab0ccd1965b0e9ecba64f.php
No syntax errors detected in ./.tmp/phpstan/cache/PHPStan/6f/6e/6f6e7543240b7b1f739fbe4d6bea7f2cbd9f2766005fbddf23359f0be479f3a2.php
No syntax errors detected in ./.tmp/phpstan/cache/PHPStan/72/fb/72fb5c865eedf5bb67b3e43a5769e28cd302de252d15f22951d18426f729fd8b.php
No syntax errors detected in ./.tmp/phpstan/cache/PHPStan/72/89/728921e2e2d1d9a899b2d6bf933b13aaa8b4f24be247a2f61fd781f31428baa9.php
No syntax errors detected in ./.tmp/phpstan/cache/PHPStan/72/37/723789d3bc96cbb1f95490b5492375ed576b90d0118a236f9f39dc31a6141504.php
No syntax errors detected in ./.tmp/phpstan/cache/PHPStan/72/4a/724a4d2821763f9fbe88e0e79507538bdc6c32e0e779297162ef3fd07746e570.php
No syntax errors detected in ./.tmp/phpstan/cache/PHPStan/72/01/7201499e31f7d647e362995da94f11bc9d773d5e4a0967347da76310bdc73a43.php
No syntax errors detected in ./.tmp/phpstan/cache/PHPStan/72/2b/722bcbab80039296fa92cc6f4b57536f435b700f8e1cdce6104d4bccf6a9febd.php
No syntax errors detected in ./.tmp/phpstan/cache/PHPStan/72/5e/725e79d489a191403cf3f9510ad2e1da2f15a1cf59eabdf6f21dbfbdab4bd2f5.php
No syntax errors detected in ./.tmp/phpstan/cache/PHPStan/72/6e/726e5dd4fc08ad99518142b6e9fc2e90b2d0a643c3c8a044a8f69696ca8b0cc9.php
No syntax errors detected in ./.tmp/phpstan/cache/PHPStan/ea/c5/eac5add1fe2e491ab2a15ac4ee40a338794dc3228dc1693ada17c71baa4f970b.php
No syntax errors detected in ./.tmp/phpstan/cache/PHPStan/ea/a2/eaa240d918bf6d8781a84839ee21d70b00fe72151d9733292c2bbeccb05ff078.php
No syntax errors detected in ./.tmp/phpstan/cache/PHPStan/ea/8b/ea8bfa8bb26b9d8f3e133b4dd51b028da1b097959044257ddaacdd930ef44d5f.php
No syntax errors detected in ./.tmp/phpstan/cache/PHPStan/ea/6a/ea6ad35214668d97f514a778cd2aec9fea219fac36984a1bc999834ea7747a2d.php
No syntax errors detected in ./.tmp/phpstan/cache/PHPStan/ea/02/ea020e628acd39d01e1a5c0bba1c745bf0000626caf32b8e7d5d57d2e2bc7e1a.php
No syntax errors detected in ./.tmp/phpstan/cache/PHPStan/ea/78/ea7897dc36c5f047a899647ce06c796e620a7ee47f5b52d25c4acada3de96e3f.php
No syntax errors detected in ./.tmp/phpstan/cache/PHPStan/ea/26/ea26fe4f633b130e68fc328262513ebef542772dd1595374a3c9870031b0f963.php
No syntax errors detected in ./.tmp/phpstan/cache/PHPStan/ea/d9/ead9cdc96175ff1d017e33483500d48d1aa9fc14d2904d7d668a2cf62f3ecf33.php
No syntax errors detected in ./.tmp/phpstan/cache/PHPStan/09/bc/09bc29e0752af682765d3b6a629c3e7d0bdaa5fc7860d5cae175308718195239.php
No syntax errors detected in ./.tmp/phpstan/cache/PHPStan/09/9b/099bedec0d123c3199c83914b68ed49138b057390c01f3b5f0084c7f9e48c3d3.php
No syntax errors detected in ./.tmp/phpstan/cache/PHPStan/09/50/09509909f5837cec132f8ff18afb7efd413f2c42ce5b8f11f7bcf919320d9fc2.php
No syntax errors detected in ./.tmp/phpstan/cache/PHPStan/09/aa/09aa7eb68d91f9400cfe54fc9b5495f32baf9a952bbb39e0d233e4ee1340c449.php
No syntax errors detected in ./.tmp/phpstan/cache/PHPStan/09/43/09431e0692e4f0a705d12c8081addd4e81b658f16cf6e8cfb6a511412c6691e1.php
No syntax errors detected in ./.tmp/phpstan/cache/PHPStan/80/f2/80f23d880b0115265ce85539f3c0b2d5ee42327b69dd218b71745c7bc7a09da0.php
No syntax errors detected in ./.tmp/phpstan/cache/PHPStan/80/02/8002715d186ff6329201cb1258d9d5e37a0a906be90a29f4b56d06e65e702f98.php
No syntax errors detected in ./.tmp/phpstan/cache/PHPStan/80/8f/808fcab5d7e0dfa116bf2b75e1a2f81b0a7105ce94ddadea24816d3d0c012ce9.php
No syntax errors detected in ./.tmp/phpstan/cache/PHPStan/80/4e/804ef744329377ab988933b7472dbed4faa8b13993cf4885c07aa0907799455b.php
No syntax errors detected in ./.tmp/phpstan/cache/PHPStan/80/04/80047580013289ccb59857fe6d5f6737ce6efacb7590c83eecaac21fac2ed055.php
No syntax errors detected in ./.tmp/phpstan/cache/PHPStan/80/cb/80cb1243738cf980db248a71ac3ae308221bf28edfcf8e181da29a327b41457b.php
No syntax errors detected in ./.tmp/phpstan/cache/PHPStan/80/fc/80fc8e6520664b22b3e953c2ef7d72f47af781ca7d4d2f6cd214d95d70143cb1.php
No syntax errors detected in ./.tmp/phpstan/cache/PHPStan/ac/c3/acc3d838e0996ad9781714b4390460af5ad7d758e976f5cb8dbc1d89f33258f4.php
No syntax errors detected in ./.tmp/phpstan/cache/PHPStan/ac/b8/acb8e8bf92f01698894a47813c5dc0390da2279cf1ad80e8aa5e21fda0da60fe.php
No syntax errors detected in ./.tmp/phpstan/cache/PHPStan/ac/00/ac00a36ba31668463b8565484b6a46cf563fc8cec267ec8a9ad34dab01f25331.php
No syntax errors detected in ./.tmp/phpstan/cache/PHPStan/ac/76/ac76e3de23f1bcb5329b243a95395379913f81485114e0fe242cdae758686dfb.php
No syntax errors detected in ./.tmp/phpstan/cache/PHPStan/ac/e2/ace2f7784b387487a8494797e869387b071473a02eb7ac82a2b09b008506b6b7.php
No syntax errors detected in ./.tmp/phpstan/cache/PHPStan/ac/0d/ac0d086399b34bb669dfd0fa561294a1c11621653f3005db59e57e91b4820bee.php
No syntax errors detected in ./.tmp/phpstan/cache/PHPStan/41/49/4149795ace92f7d6da57ded47760988e2f3525a3fc2a742b02f93bbfcbc24820.php
No syntax errors detected in ./.tmp/phpstan/cache/PHPStan/41/8f/418fb1bc93db75092b777d64d3637e40ef4ba2464a305167fda7a8d192861f20.php
No syntax errors detected in ./.tmp/phpstan/cache/PHPStan/41/8a/418ae3166de4f1aacc27b880131767a6d84c50e426761321b853e3ff49c8a47d.php
No syntax errors detected in ./.tmp/phpstan/cache/PHPStan/41/4b/414bbdbbe37cf4f3bbcd6095da6a5ff21543f7ece3012cc13a424cdcbbbdd6fb.php
No syntax errors detected in ./.tmp/phpstan/cache/PHPStan/67/51/6751e2dbf67f9269a54b4a53da6864626f83c8e21a16bd68453aac234b7e7fc4.php
No syntax errors detected in ./.tmp/phpstan/cache/PHPStan/67/55/67559f6455f626376a669250c7a4cbb0bb8430a8dbfaf476a7c3525e8cfaf5c1.php
No syntax errors detected in ./.tmp/phpstan/cache/PHPStan/67/15/67159ede91c3604c1bf550a1c5683f57b584050f49bbbd9194776f9cd8f2c7e4.php
No syntax errors detected in ./.tmp/phpstan/cache/PHPStan/67/6a/676ac9ce23ff0df93daaccb8ef543a52dbecd50a0673f23fa94869dc4c6d3d73.php
No syntax errors detected in ./.tmp/phpstan/cache/PHPStan/67/9c/679cafbdb75043920638fc1ced974dd0fa9dc75159ccd4b58d041e2dfc5f3df4.php
No syntax errors detected in ./.tmp/phpstan/cache/PHPStan/67/d8/67d821d4f0bf1738bf80c6a1521062982b241c193477379515feb79792beef5d.php
No syntax errors detected in ./.tmp/phpstan/cache/PHPStan/67/11/671126d6813e9f6b93b3f4f9497984df7229c3a4f9dcac5e4952a635bfcce9f7.php
No syntax errors detected in ./.tmp/phpstan/cache/PHPStan/67/1a/671acdb3e05884920cf5352c185d6b9acebddc8bf04f0895e1eb91131cc4593a.php
No syntax errors detected in ./.tmp/phpstan/cache/PHPStan/67/31/67318f6b288ce4cfdbd16787a7790276a35536d5c96cae1e407fa1e5666beb5a.php
No syntax errors detected in ./.tmp/phpstan/cache/PHPStan/67/a6/67a64b1e3add1390c9deb6c13f3361b822485f6f17e30ea59f986e0f64ef59bd.php
No syntax errors detected in ./.tmp/phpstan/cache/PHPStan/94/3b/943b62fee1f50a04a59456e07675031bedecd2dff2167106efae9251af237195.php
No syntax errors detected in ./.tmp/phpstan/cache/PHPStan/94/db/94db7adf92354c91d03e899a4afb2a49c1c3b20788eec5bcbc6bd35bd2d72fa9.php
No syntax errors detected in ./.tmp/phpstan/cache/PHPStan/94/f6/94f670b7a06a17696b4a1b4ce69cac3d988c4e91a65879f16a322848ac55dd16.php
No syntax errors detected in ./.tmp/phpstan/cache/PHPStan/94/03/940326e000ba4e34d0d4c519366ac0d5ea91925c3ef0c79a277135d9afd78828.php
No syntax errors detected in ./.tmp/phpstan/cache/PHPStan/94/ab/94aba440b1e69ace127e9c08f399e27798da21a173e9c311a2f8b72bd6a4d5c3.php
No syntax errors detected in ./.tmp/phpstan/cache/PHPStan/94/65/94658f4f994e1ce693f7d81a573fdf1e090d1568e6c40f77bf0924ac782c0c9a.php
No syntax errors detected in ./.tmp/phpstan/cache/PHPStan/94/83/9483b818fae5795aa480206c8daf805b50dcbeeeb2df221dd89abcb5104d532e.php
No syntax errors detected in ./.tmp/phpstan/cache/PHPStan/90/a2/90a2a0b4dc3c37a1c58d4af30ec41754bd7194fced5b49e8e0a6ca5550376b77.php
No syntax errors detected in ./.tmp/phpstan/cache/PHPStan/90/55/9055e88a8e58c3928d35a2b50e99236a259ea6a54405915e88215115d7509e14.php
No syntax errors detected in ./.tmp/phpstan/cache/PHPStan/90/07/900791f208889687f9ee0c272375bdcd6be6f46deeddc8b08f5bd5fa0f51365c.php
No syntax errors detected in ./.tmp/phpstan/cache/PHPStan/90/9b/909b57cac14c71896ab51c55bd5ae2f10d7d54ce0588e412d7652b88618238f7.php
No syntax errors detected in ./.tmp/phpstan/cache/PHPStan/90/7a/907aebf1889e8b78abeb88a0b66ccab6cedafa254146d0579b4aec97ad35efee.php
No syntax errors detected in ./.tmp/phpstan/cache/PHPStan/90/90/90902bb9877ccfb4d76546491157083253ab88333004c57295aa84c9554e1407.php
No syntax errors detected in ./.tmp/phpstan/cache/PHPStan/90/a0/90a0d5880bc29692fd5ea69ce4b74d740a85e979b8c6d09f2f9719048695f70e.php
No syntax errors detected in ./.tmp/phpstan/cache/PHPStan/90/17/9017588ce163516c268e12e2df18696e15794551fc2e34bcb85adb164493c41d.php
No syntax errors detected in ./.tmp/phpstan/cache/PHPStan/9d/0a/9d0a7c795364244ef01ee5fd3f7dafe198ff590b1859d0a0ff14b7903698c8c7.php
No syntax errors detected in ./.tmp/phpstan/cache/PHPStan/9d/d0/9dd0db6ef9cf33c91e554cf16105a371c6f3d29ba4e7c93db8c6cb66a2a4653a.php
No syntax errors detected in ./.tmp/phpstan/cache/PHPStan/9d/71/9d7193272f6bb0c05e4388e9217c2097e13543c18f2ec3ca5ad55988404c2e27.php
No syntax errors detected in ./.tmp/phpstan/cache/PHPStan/9d/7b/9d7b6e21a905eb0a2343b8526cb330faaff23ae5f5e31f41523a1193db398ccc.php
No syntax errors detected in ./.tmp/phpstan/cache/PHPStan/9d/97/9d97599ebfd281f88faa1ca3f19db547105315f92a299bfc1c981ef7d25ee258.php
No syntax errors detected in ./.tmp/phpstan/cache/PHPStan/9d/a6/9da6e39b967003a365f79c3645fb9f3152a63e244e526ad3ec3eedf81408b1ed.php
No syntax errors detected in ./.tmp/phpstan/cache/PHPStan/a7/53/a75343d587ef6b84a670c819aed680d65946d1a23d08df5bab7937f66be0fcb5.php
No syntax errors detected in ./.tmp/phpstan/cache/PHPStan/a7/5a/a75a174c207777c07dac0fffcd765e638c999a49a051f66c52b8f0c9aa241014.php
No syntax errors detected in ./.tmp/phpstan/cache/PHPStan/a7/45/a7451168b4ee5c7254fa8a44f3f1b1299aa9ac47a362bd01a6d9af5d4e5599f8.php
No syntax errors detected in ./.tmp/phpstan/cache/PHPStan/a7/f8/a7f864cb954bae55e2136cd609672a1c742ea5970a0c71b237dc64cfd6a76b78.php
No syntax errors detected in ./.tmp/phpstan/cache/PHPStan/a7/4f/a74f202a55cc42d7ec084fee9243efe4f52c0abc5903fcd91ff3598413c8d11b.php
No syntax errors detected in ./.tmp/phpstan/cache/PHPStan/a7/ef/a7efccc0487c5a892577b9cda338a1411411a3fa53adef0d1c2d1a9ae7f8ff97.php
No syntax errors detected in ./.tmp/phpstan/cache/PHPStan/a7/ac/a7ace3b3519700025179309d1e7c20985768312b56ec0e0c8abd15af28deabf1.php
No syntax errors detected in ./.tmp/phpstan/cache/PHPStan/a7/4b/a74b422486846e1cb3a729eb5a2c8c92e8f18d7a37fc297679636159447870da.php
No syntax errors detected in ./.tmp/phpstan/cache/PHPStan/1d/bd/1dbd570cecab873386bb9b00460f9bad58ea937d9bf2570b490e7337d6aa2d4f.php
No syntax errors detected in ./.tmp/phpstan/cache/PHPStan/1d/28/1d28a60e5174cb354f6af883e67315d9483de87720b8f53075db36dcf42e656d.php
No syntax errors detected in ./.tmp/phpstan/cache/PHPStan/1d/d8/1dd84f7d94292c0e93c7a1669a28df3725f110b80c82fda0c62dbf1a2c0fe065.php
No syntax errors detected in ./.tmp/phpstan/cache/PHPStan/1d/ef/1def764403f8370d28121b265d0820ad13908bfe3df0742b3ef486dc655afbbb.php
No syntax errors detected in ./.tmp/phpstan/cache/PHPStan/1d/f1/1df142fedfffd88c628269f9f80712a736d7b4910f2cd87a04d6930f263b890d.php
No syntax errors detected in ./.tmp/phpstan/cache/PHPStan/1d/b9/1db9173ad61abdccbe034e99a6f38dd5b0f7d8af83c6286949fad487c25a0ae0.php
No syntax errors detected in ./.tmp/phpstan/cache/PHPStan/08/8d/088d1e7c624d81b7e7c1272d840e89bfa70823e984f064fe6cc15fae3046b2ef.php
No syntax errors detected in ./.tmp/phpstan/cache/PHPStan/08/15/08153b588eb81928451c9683436698bffeffad8094801a4691e726f8134e5e14.php
No syntax errors detected in ./.tmp/phpstan/cache/PHPStan/08/ce/08ceeb10ba4da63409eaafc5c51e99e4fd11caf3142a4236794d81a756d03cdb.php
No syntax errors detected in ./.tmp/phpstan/cache/PHPStan/08/d5/08d54b24414e1f2bcafb0678afa11c5aa773c928a6e6a042e981fc9e1bed8c75.php
No syntax errors detected in ./.tmp/phpstan/cache/PHPStan/08/e1/08e1b7edd81796a1697dbfc03550bc0f076ff4e38c53be63ebbf124e58d1b8a9.php
No syntax errors detected in ./.tmp/phpstan/cache/PHPStan/08/e1/08e11ea2cc735d3446d3a1d982f4219e4152694090f892badd3c5733bae4ccf8.php
No syntax errors detected in ./.tmp/phpstan/cache/PHPStan/08/bf/08bfd4f76fd152cae07aa5efe4ec5acfd149e3474734fc85e0e42a310a2f3f5d.php
No syntax errors detected in ./.tmp/phpstan/cache/PHPStan/08/d9/08d995f81e52bcd133de38fc2d4799eb2f6b966e16284e7419768f0aff56a20d.php
No syntax errors detected in ./.tmp/phpstan/cache/PHPStan/08/75/087520dc63891ecb414c7ba18285e329fa001eaba3ea1e66d2a048b3f0d1ff8d.php
No syntax errors detected in ./.tmp/phpstan/cache/PHPStan/08/38/08387125c418198c2419dad9e6873d9743a059ee96038cd3aab97d2238c4cb70.php
No syntax errors detected in ./.tmp/phpstan/cache/PHPStan/69/5f/695f7941dae1839ee6e5785510fd569d62ee10e708a380f118f919a07514da64.php
No syntax errors detected in ./.tmp/phpstan/cache/PHPStan/69/8c/698c4e3e2fbfa47e031468c5ab43240ea635a32a1b220f08863a0fdcff4ef0e2.php
No syntax errors detected in ./.tmp/phpstan/cache/PHPStan/69/fd/69fdc89adcd545a3b734d3216fb4c109aa3c6eb794d6249f9cc5980ed909e0cc.php
No syntax errors detected in ./.tmp/phpstan/cache/PHPStan/69/16/6916fae6c51245ce6ad1b2df0a11a8e1b295d829d040f697de3edd3999b8fc2b.php
No syntax errors detected in ./.tmp/phpstan/cache/PHPStan/69/ea/69ea87353069297cf12cafb659f6ac18e740710a9e6a4d22b6fb7ee5806b278a.php
No syntax errors detected in ./.tmp/phpstan/cache/PHPStan/69/90/699047d2adde05cd2da236da6bcbf9fcac4510568284173f6846e46c30cdc99d.php
No syntax errors detected in ./.tmp/phpstan/cache/PHPStan/69/e7/69e735f1e44c9d63d6f3ed870dc5dca0c54867c33eefe8384f8dcfa1f39702cf.php
No syntax errors detected in ./.tmp/phpstan/cache/PHPStan/13/8e/138e870b33b24d497e21daf21e14b7b73e1d109e567d48942f8eb4e1dbe5fda5.php
No syntax errors detected in ./.tmp/phpstan/cache/PHPStan/13/df/13df8598ee0d602f7cae19080667da3fcdda8027d2c98fe27b4b05756d0d7bf3.php
No syntax errors detected in ./.tmp/phpstan/cache/PHPStan/13/07/1307c72c2059f62f9d875cb5e15be5c2cf24f6fef8d571e0b238af7248f1eff8.php
No syntax errors detected in ./.tmp/phpstan/cache/PHPStan/13/1f/131f998e501606ed001e52b3dd08619fb0ccbe203ac7adbd0ae44168c400635f.php
No syntax errors detected in ./.tmp/phpstan/cache/PHPStan/13/c4/13c4f9eb0e2c66f326ac99c47f57d3906085c4b86f6bf7f74e3e2bba9a1c2177.php
No syntax errors detected in ./.tmp/phpstan/cache/PHPStan/13/04/13048c807a451ef1b01916064cdbd75d10ecd21c7addca99068bc24567d81aa3.php
No syntax errors detected in ./.tmp/phpstan/cache/PHPStan/13/c8/13c84cd079fa94b31b3db46612d9541cd3990651bd272770714392fc9981ad8e.php
No syntax errors detected in ./.tmp/phpstan/cache/PHPStan/13/22/13221cecc10c10ab9f5dce2f74fc0ec006f664fd944f158200fd4df40e75a2be.php
No syntax errors detected in ./.tmp/phpstan/cache/PHPStan/bf/d6/bfd6b9383f10567f2f1545be101a3a93232920d26f9653cef3ed02c176453059.php
No syntax errors detected in ./.tmp/phpstan/cache/PHPStan/bf/a8/bfa821cce259e6a301d23a0a6770476509fa57b10da5851d4980d4ced6d4d338.php
No syntax errors detected in ./.tmp/phpstan/cache/PHPStan/bf/1e/bf1e0af7e41daa5d23d8ec7322ef4b05275c97b13a473ea0cb3201cce155a156.php
No syntax errors detected in ./.tmp/phpstan/cache/PHPStan/bf/fe/bffe3dbb46c3dbc1ed570853050ad4453b44a4bb43cc5ae8e12dc392ec7fcee0.php
No syntax errors detected in ./.tmp/phpstan/cache/PHPStan/bf/3c/bf3cf044dfc052b8602b1ba7fb27584266cfdd1e7178b24da68be93642be27b1.php
No syntax errors detected in ./.tmp/phpstan/cache/PHPStan/bf/f8/bff85e0d8fd1cce904975c23ae222abc5016eacfed6ae7b3b4a0523efa0340cf.php
No syntax errors detected in ./.tmp/phpstan/cache/PHPStan/bf/7a/bf7a3b1611f15e116b2f1719f2ea4b74c848c3cfd281973bfa5c2847107dfdb8.php
No syntax errors detected in ./.tmp/phpstan/cache/PHPStan/bf/f3/bff3da0fc9771dc65fc29a1ab71f0fb07550ced351c1894a2c7b1b81ec4c361c.php
No syntax errors detected in ./.tmp/phpstan/cache/PHPStan/bf/08/bf081e07f0f59c21c3885b86a9f625ce6dced9f498fc0378e0d75cd02f5d6b61.php
No syntax errors detected in ./.tmp/phpstan/cache/PHPStan/bf/6c/bf6c5a689c42b75fef7a9456054060a565ac5febd0ec5a2af042c3ad6420c749.php
No syntax errors detected in ./.tmp/phpstan/cache/PHPStan/bf/b7/bfb75badf23cf050cf144b58888a60b3dcbe82dcab484372c80733a3abb63e08.php
No syntax errors detected in ./.tmp/phpstan/cache/PHPStan/32/e3/32e3aaf9c1c0ab7d6208828d39ee3c0fe1beb944efe06f3cd938b19501a7be18.php
No syntax errors detected in ./.tmp/phpstan/cache/PHPStan/32/ad/32ad4e8766109469b25f0990334f21141af60909b0a63e275f88cc0879ed8ae2.php
No syntax errors detected in ./.tmp/phpstan/cache/PHPStan/32/b8/32b8a7cd7b358117e213f74d48966dfc24a29c59152d9986449477c73ef289de.php
No syntax errors detected in ./.tmp/phpstan/cache/PHPStan/32/2d/322dab6744ffa45c448e07e775f6c50c12ea9ced2868eca717ccf77fcdea1a76.php
No syntax errors detected in ./.tmp/phpstan/cache/PHPStan/32/ca/32ca7fd1b58fb85ff2392c2a93f64f7e894fdb8de3e635d48f4870ed4d044f7a.php
No syntax errors detected in ./.tmp/phpstan/cache/PHPStan/4b/f7/4bf78f997c22ca013a472ffb5692b664e2b0ec495dc8c6efa9e86ffb61100585.php
No syntax errors detected in ./.tmp/phpstan/cache/PHPStan/4b/1e/4b1ecc17e055dfe64e9222af4667c47db406e472b741466fef50cc5a50ddb33a.php
No syntax errors detected in ./.tmp/phpstan/cache/PHPStan/4b/61/4b6192523bad2db4731128c81d67877777ae1dc19a54503a94ade2466bd29bb5.php
No syntax errors detected in ./.tmp/phpstan/cache/PHPStan/4b/7e/4b7e0b4b89bf0beb2debeb4ee823171ed2b8663e7fda285ef8010813e56fd873.php
No syntax errors detected in ./.tmp/phpstan/cache/PHPStan/4b/03/4b03cb6818164c1451d811032b6a781a9c4d901224628585c518943a012818c5.php
No syntax errors detected in ./.tmp/phpstan/cache/PHPStan/4b/78/4b78bf64d4aeb42903c974792d2b0d81b9df13a8578f3c5f8fea8d9b2ce0a318.php
No syntax errors detected in ./.tmp/phpstan/cache/PHPStan/4b/1a/4b1ac032e684ee51f017ffb27e2171e508d605ed6205add1812ee85c9b6e2faf.php
No syntax errors detected in ./.tmp/phpstan/cache/PHPStan/4b/54/4b547c158da1a89061baf18e9359ef42b46e5c9283969b2f6c29dcd7cf618d48.php
No syntax errors detected in ./.tmp/phpstan/cache/PHPStan/4b/c8/4bc8393118291b07bd28b68f6d12aed848259485591e32c0c8f2213a21da10c7.php
No syntax errors detected in ./.tmp/phpstan/cache/PHPStan/99/39/9939c83029c2b9225fc22f2c80948a4150b0704ec263ec58978156cd435bd1d5.php
No syntax errors detected in ./.tmp/phpstan/cache/PHPStan/99/37/99378a485d1c3f1fad213ec451cae36b3f91f51cb50ee5513ecd622426298d0e.php
No syntax errors detected in ./.tmp/phpstan/cache/PHPStan/99/60/99601a502906ce533676aff961f8542b564438ab6902e4cdeeef61dd59ca1ba9.php
No syntax errors detected in ./.tmp/phpstan/cache/PHPStan/99/2c/992c08965cb6e0d0504880956c31473db0c0364d00a23e1a642c631f8025f4ea.php
No syntax errors detected in ./.tmp/phpstan/cache/PHPStan/34/e3/34e3b3a38f988e68ce72a1c8282335a3662c291a94ce13b7a24acef994a775bf.php
No syntax errors detected in ./.tmp/phpstan/cache/PHPStan/34/d6/34d6b773e1e7ccf29e674537e4f2bed138854276001ab2c9d9f7c5f4cb426c83.php
No syntax errors detected in ./.tmp/phpstan/cache/PHPStan/34/ef/34eff628f9299055a9faa3b9ac9565e26b28394ef0036e45f3102a4539eef88a.php
No syntax errors detected in ./.tmp/phpstan/cache/PHPStan/34/de/34de0c4b91ce834ba8c470ea5b4d17ebb0620710aa77e6e8e5280ba9fd8339ac.php
No syntax errors detected in ./.tmp/phpstan/cache/PHPStan/34/6f/346ffc725f4c43cc80e79cc8fd493d086b6fe8d9a750ed579454be8a37e09338.php
No syntax errors detected in ./.tmp/phpstan/cache/PHPStan/34/c2/34c2c995bc766f9e1d653d53c4f6f9db925ab1b694a34c691af73bc336507a99.php
No syntax errors detected in ./.tmp/phpstan/cache/PHPStan/d2/6b/d26b07dbf25ed5f3c0f801847c6dcc3bc0d901ae5122e9aa31cfa8c2eb4b76c3.php
No syntax errors detected in ./.tmp/phpstan/cache/PHPStan/d2/07/d20787597210dfa08778924069f99d34bb7c633a5cc48508ce7450a7fe2b6048.php
No syntax errors detected in ./.tmp/phpstan/cache/PHPStan/d2/f8/d2f8897232ecb64b74856ab71ce94d6a5ed1859536ef848fc32c5904479a8ba2.php
No syntax errors detected in ./.tmp/phpstan/cache/PHPStan/78/c3/78c3aec4e59088e3e0683d056ac74cf9dbc778ba6dd32c2a80de12de91e781d7.php
No syntax errors detected in ./.tmp/phpstan/cache/PHPStan/78/b4/78b44d5f7c996dddf8d564736ccb9eed4d6234e1a57a585850f54440ef378966.php
No syntax errors detected in ./.tmp/phpstan/cache/PHPStan/78/b8/78b8c1caf7336a262e582d42dcfcb4d98b7c1dd78a82d923e2e75c81f708be21.php
No syntax errors detected in ./.tmp/phpstan/cache/PHPStan/78/85/788581b3424d429a089574b5a0e7f7234bffb5f18dd224e7871d2793e344e30f.php
No syntax errors detected in ./.tmp/phpstan/cache/PHPStan/78/b6/78b6470d497ae457fa774b9a7d3d7df5d48875c73b67b3d6b6266e5ca290c217.php
No syntax errors detected in ./.tmp/phpstan/cache/PHPStan/78/e0/78e0ed356e8b19ba2e08cc07eb0c7b14b4a546f97b4ee5d1e8f9b244a7d101f1.php
No syntax errors detected in ./.tmp/phpstan/cache/PHPStan/78/97/7897ed0b6efc4ac9f8864531160be8ddca0ea8c52b4166561e67539d26931550.php
No syntax errors detected in ./.tmp/phpstan/cache/PHPStan/78/17/7817c91a2fd3265efb3a3a77f49925f9c11ab9d00aadb85515a1104b1e7ecc1f.php
No syntax errors detected in ./.tmp/phpstan/cache/PHPStan/0f/d7/0fd7d507007bf67c73d7dd35365a0e28998a2531e6ac4119e4ba0a2f175895ad.php
No syntax errors detected in ./.tmp/phpstan/cache/PHPStan/0f/8b/0f8bd14f218c91046d894382d873143096c23a37240488da5b59e5bf2077e8c0.php
No syntax errors detected in ./.tmp/phpstan/cache/PHPStan/0f/8f/0f8fd03c6b5817a05635252eb38fae657e56edeabec81389a4740facd9603cc0.php
No syntax errors detected in ./.tmp/phpstan/cache/PHPStan/0f/41/0f4169f37f7f670e0fbc43abf4325878bd25907128ebb5b33872c8ab172ad0fe.php
No syntax errors detected in ./.tmp/phpstan/cache/PHPStan/0f/23/0f23e966d60a32e4f3a5f3a54c348c6af611f67fa13f2e5aa07229f51a600165.php
No syntax errors detected in ./.tmp/phpstan/cache/PHPStan/0f/97/0f97069545548c41650e718086c3ae46286ff3ef5cef360aa6c5efc6a2d05652.php
No syntax errors detected in ./.tmp/phpstan/cache/PHPStan/0f/38/0f3854fdef29f48fab104403b8d3f72f160550a07a7ed8c8b3b598b10f15c318.php
No syntax errors detected in ./.tmp/phpstan/cache/PHPStan/21/e3/21e3330fac76b4c430cfba33dacadd49b8747971da5f0c4850a656d40306879f.php
No syntax errors detected in ./.tmp/phpstan/cache/PHPStan/21/b0/21b0b90245e9ecd5fc0493a4424d9a1e40d77e7650966e2df77b3f2d806e45ce.php
No syntax errors detected in ./.tmp/phpstan/cache/PHPStan/21/2b/212b06c28ade3bb13d1a0690c2fd727338d2de244ed014754349a2ae13919896.php
No syntax errors detected in ./.tmp/phpstan/cache/PHPStan/21/b9/21b9233e2d78bae50bb7419aaa6be9b1d689d474bbb922eb4dcea51cbc4d8030.php
No syntax errors detected in ./.tmp/phpstan/cache/PHPStan/b6/a3/b6a3989e13772c12e8cebe11bd24153d3c3b712bdfce8f00db9f685c1007e670.php
No syntax errors detected in ./.tmp/phpstan/cache/PHPStan/b6/14/b614bedd34da13883be89f718146ccb48b286b0b700f7c589df0b8a6c8439b0b.php
No syntax errors detected in ./.tmp/phpstan/cache/PHPStan/b6/13/b613427966b3a1efc397bd15198a4bad5120fd343594d2249b3a402cd0f35a9f.php
No syntax errors detected in ./.tmp/phpstan/cache/PHPStan/23/3e/233ebc202156347715583a2ab338a04212c3feca2278b92e30b9cd3bdf37a4bf.php
No syntax errors detected in ./.tmp/phpstan/cache/PHPStan/23/73/2373ad2b4b176dc919d047ce978c6c290d60a2e02f14af46f4e84a42ade361fb.php
No syntax errors detected in ./.tmp/phpstan/cache/PHPStan/23/72/2372b077ad2939591b70298186487f3ba34b155d7041e7a3b7af20756af3589f.php
No syntax errors detected in ./.tmp/phpstan/cache/PHPStan/23/80/2380fbcedb392b3922d633496d64f39b4077637527629eee82fbb94bf51379a5.php
No syntax errors detected in ./.tmp/phpstan/cache/PHPStan/23/fc/23fce3a648afce51ecbff44b3797945ee363b9f81ae4fb7bcce031bab4002771.php
No syntax errors detected in ./.tmp/phpstan/cache/PHPStan/ab/fb/abfbf4312c3263d1fb96fb1b011f1d51883017d46ab2499ecc62d5bca2431cf0.php
No syntax errors detected in ./.tmp/phpstan/cache/PHPStan/ab/d8/abd8bb44b76838a33e3a6c6640693f0d694d7e02341e9e9afaad46a26b630049.php
No syntax errors detected in ./.tmp/phpstan/cache/PHPStan/ab/d8/abd833cf22718c09eee834e5192884285979b603044db38c4689c798d3e1c4d9.php
No syntax errors detected in ./.tmp/phpstan/cache/PHPStan/ab/72/ab722fdabd11f81eeb968b0d457d3912d4c704d514d09150ed2e7f67c62cd207.php
No syntax errors detected in ./.tmp/phpstan/cache/PHPStan/ab/e0/abe0754d354456da1a8ebd74cd97114746d53f7d2161d4eb30adabebe95129d3.php
No syntax errors detected in ./.tmp/phpstan/cache/PHPStan/f4/d6/f4d6f7bc2411ae55e1ae8945d95940e06528faaca3f63402380fca370bf622dc.php
No syntax errors detected in ./.tmp/phpstan/cache/PHPStan/f4/12/f41239a939f172df47f542f3526da077a7b09b250940dc7ef31a778a1d698988.php
No syntax errors detected in ./.tmp/phpstan/cache/PHPStan/f4/92/f4923a2d5149c6a12a7456f2a90275b4c9ccb1caffd768a597a9be24678fee6a.php
No syntax errors detected in ./.tmp/phpstan/cache/PHPStan/f4/72/f47275897503084d44d3189fa510838a9020bdce4c2ed7d76728bc45a12ccd4e.php
No syntax errors detected in ./.tmp/phpstan/cache/PHPStan/f4/65/f4653b906923b3723a1885dec50db62d4149855c8eebf05606d004890a6e0efd.php
No syntax errors detected in ./.tmp/phpstan/cache/PHPStan/f4/b9/f4b9c5cf940e7e8b9c9152934bb3a75abea21d8c5511443aab877de74463d1b9.php
No syntax errors detected in ./.tmp/phpstan/cache/PHPStan/e8/6d/e86d50445042a97e0b0a0cc34fb07d524e1b13596bd6c38f0b7b555bc17a5bf2.php
No syntax errors detected in ./.tmp/phpstan/cache/PHPStan/e8/f7/e8f7d8d22b258ede32b8715f7bd15998049739fa3adfd1e94f4e1ba59a772bd8.php
No syntax errors detected in ./.tmp/phpstan/cache/PHPStan/e8/07/e8079f7aa48d759dcf7ff875d9e445734a0aa822117a13170904281335fc621b.php
No syntax errors detected in ./.tmp/phpstan/cache/PHPStan/e8/aa/e8aa5e446d4311fef00b513ee3362687d854e919d6fad5a0a27b12778e48dbf6.php
No syntax errors detected in ./.tmp/phpstan/cache/PHPStan/26/1c/261c71039423aae6088f2ac166aaed37faba67f487bba18faa8762c158dbb6e5.php
No syntax errors detected in ./.tmp/phpstan/cache/PHPStan/26/1e/261e6030021a78ee079dbc7a8ef9186eeaac60b2730b052bf1dccf883e1263ea.php
No syntax errors detected in ./.tmp/phpstan/cache/PHPStan/26/40/264048f431b39c578a77156fb676a3427c8fa59609605fc71b8c087b0272fb04.php
No syntax errors detected in ./.tmp/phpstan/cache/PHPStan/26/dc/26dcb45f4dc67f8b1c07b44d5bfb484a4fb32e259856197b847ff97edff564a8.php
No syntax errors detected in ./.tmp/phpstan/cache/PHPStan/26/f4/26f4fce85faff9ab92b3e3262e6ec465e55e5a8430a2b5bf6058af75e0c4ca44.php
No syntax errors detected in ./.tmp/phpstan/cache/PHPStan/b1/44/b144faf82229ce0881d1809ce8e83eed178c746214d78a57fadc04fa400bcdbc.php
No syntax errors detected in ./.tmp/phpstan/cache/PHPStan/b1/da/b1da04cae7d1da3eaea66f8cfedff3d6d8b96f5433791f21ebdf74e0697b180e.php
No syntax errors detected in ./.tmp/phpstan/cache/PHPStan/b1/74/b17439e9af79f3fc6ed0c26d56da8a50643b1cc347812895713be10f366b460e.php
No syntax errors detected in ./.tmp/phpstan/cache/PHPStan/b1/41/b14131255eaa38b8650194684cd336185b9f8b42b2dc3441a9f49bc2c3637114.php
No syntax errors detected in ./.tmp/phpstan/cache/PHPStan/b1/a0/b1a028d7558ca1fcdf55c50a4773639e6a5f4954aaee1e0ef4ea924d842c0e70.php
No syntax errors detected in ./.tmp/phpstan/cache/PHPStan/b1/2b/b12be54582de21631d99c6fbaca35db2bb1ca53803672510d174f432d35354f1.php
No syntax errors detected in ./.tmp/phpstan/cache/PHPStan/b1/d9/b1d98ef33538b25b1794d33900a4f764283d5e9747fe85e247c3b34a6799f9e3.php
No syntax errors detected in ./.tmp/phpstan/cache/PHPStan/b1/eb/b1eb5077ea2afe00739728694077402cb9285a293c7548e7ac73e4027b71d5a7.php
No syntax errors detected in ./.tmp/phpstan/cache/PHPStan/b1/17/b1179c0fbe1f39993224bde2e40585e7ab4b639cfc9f436a1fdcec90e5bd816e.php
No syntax errors detected in ./.tmp/phpstan/cache/PHPStan/a0/8d/a08df72b0fedeef2489a34f807bf70a38a79d6298d5b9d25dbd43e2c2ae0de5d.php
No syntax errors detected in ./.tmp/phpstan/cache/PHPStan/a0/b2/a0b28fe797230e27d23ae0e28a6ab1465c53bfe49c87838fbe47fec8841353bf.php
No syntax errors detected in ./.tmp/phpstan/cache/PHPStan/a0/a0/a0a00022a2afb8ead12c960672570e24052810af0d1cda3a73fe376e4f7a1a90.php
No syntax errors detected in ./.tmp/phpstan/cache/PHPStan/a0/1a/a01a27c35f1f6c78be01d8cecb9d253ff2958534fe002bc0806dc2b3725296ab.php
No syntax errors detected in ./.tmp/phpstan/cache/PHPStan/1b/73/1b7370656b972ead172f1c48f8057def31fa7c3ba826f5f09f85d1d0ebc5f4b1.php
No syntax errors detected in ./.tmp/phpstan/cache/PHPStan/1b/51/1b51cf9ae21dd4ee3ee3d28b3f8aa1f2b58081ee9480301ff11597623a8a0e29.php
No syntax errors detected in ./.tmp/phpstan/cache/PHPStan/1b/05/1b059c4397d8fb2b8070a20395a966ce85f64af2194302e6819f7cee1757a2f4.php
No syntax errors detected in ./.tmp/phpstan/cache/PHPStan/1b/57/1b57a3b89259a5f7c513ce2dd60aeb7ab7d73bef4f75cc8b094ddb3a0f3d8ff1.php
No syntax errors detected in ./.tmp/phpstan/cache/PHPStan/1b/c0/1bc04786f41d4f5d428310a74f3c7c473cd09172e9ee90688dbab3e8b96e7f90.php
No syntax errors detected in ./.tmp/phpstan/cache/PHPStan/1b/68/1b6849f277b6ddd3a0e3ba1057f1cce78058964617ac9559dcf4b59ba4943229.php
No syntax errors detected in ./.tmp/phpstan/cache/PHPStan/1b/6e/1b6e47d95cffb3dffd4acb07cfd863beb093d2f943c4469a99062e27e02309ab.php
No syntax errors detected in ./.tmp/phpstan/cache/PHPStan/e0/df/e0dfa0ca671a83489bb969e0848044f8b542733caf0bf366e3ebf6f07256fb9a.php
No syntax errors detected in ./.tmp/phpstan/cache/PHPStan/e0/9f/e09f9938f4a816a9f7eafec82f71214184baf3ec8d70dbd27782aa228ab849ca.php
No syntax errors detected in ./.tmp/phpstan/cache/PHPStan/e0/9f/e09f9715f4e5b640f7e27e5f313fa601efc6cb0a4bcfcb76a4a86723fb837e64.php
No syntax errors detected in ./.tmp/phpstan/cache/PHPStan/e0/f6/e0f68a72e75ae8eba78075323c541b726ba27c70e3a7254819a4fceed5fb6d71.php
No syntax errors detected in ./.tmp/phpstan/cache/PHPStan/e0/23/e023c6a9ac3c9041eeb645ebad8b3c440a27385081746c63aac9a6bede2e57f2.php
No syntax errors detected in ./.tmp/phpstan/cache/PHPStan/e0/e9/e0e946a6254fb5bd6af6f36b861d3754a26da6491af4684e63b21d041c0c7d1f.php
No syntax errors detected in ./.tmp/phpstan/cache/PHPStan/0c/52/0c521c4ab364e0c6dd14799e23f44b9e21ab0039783d637baef8a5ba3daa84b6.php
No syntax errors detected in ./.tmp/phpstan/cache/PHPStan/0c/6a/0c6a79e4b99174a01cc3323550f4167264069d5c122ec7f77860032767f25636.php
No syntax errors detected in ./.tmp/phpstan/cache/PHPStan/0c/ff/0cffcaa851c2d009c27ce9cb8935b11a51b5bff76aead3dfc7453b539dca1088.php
No syntax errors detected in ./.tmp/phpstan/cache/PHPStan/0c/f0/0cf041d7b8d4540bc25d7a3b72446dd62a2b8a16b57e5d21f3f499e8b7d1cb1d.php
No syntax errors detected in ./.tmp/phpstan/cache/PHPStan/0c/0e/0c0eb7cc67a37129de9b379c8d9b31bbe032024c0a2faccf88d2d15ed19eba8f.php
No syntax errors detected in ./.tmp/phpstan/cache/PHPStan/0c/4b/0c4b998024199f57e17012595ba91d92dba28ceb759c4e04c4bbfb58549817f4.php
No syntax errors detected in ./.tmp/phpstan/cache/PHPStan/0c/0f/0c0f66a083b6ece1d3f559ca21c7b5e35deaad55cf79d3827d28b7b6637768e2.php
No syntax errors detected in ./.tmp/phpstan/cache/PHPStan/fa/df/fadfa5efbab25bf9618a09f8e0fb1e68b9612b382e3653f365b7df0c788093b7.php
No syntax errors detected in ./.tmp/phpstan/cache/PHPStan/fa/58/fa58379c2140856693953d1e0edbd53042da0a8e7d1a1ded60bcbf2c287cb950.php
No syntax errors detected in ./.tmp/phpstan/cache/PHPStan/fa/91/fa91dba7342d7b66ffcbc7dd1a32e5ac643211a4d39f63782e5e9280fd9b8763.php
No syntax errors detected in ./.tmp/phpstan/cache/PHPStan/fa/17/fa17213f99d6a40c97bcb3b85d29e587dbd8148ae734656ee64b0494dae34237.php
No syntax errors detected in ./.tmp/phpstan/cache/PHPStan/5d/1c/5d1cc20861aefa11660d68d69408f8ac8c145ae4661457db5970a48591b5e61c.php
No syntax errors detected in ./.tmp/phpstan/cache/PHPStan/5d/30/5d306f5d71d219f2bc549e6c1d0ad4010278090ab58a7d39539f3caa19536516.php
No syntax errors detected in ./.tmp/phpstan/cache/PHPStan/5d/b4/5db44679dde055fb0b68be276a4a7093b1b7c946170c04754c50186260a55714.php
No syntax errors detected in ./.tmp/phpstan/cache/PHPStan/5d/b8/5db8acd0ba29870406930b377c2403583faea781274aaf3e46f7c86186da9c54.php
No syntax errors detected in ./.tmp/phpstan/cache/PHPStan/5d/ed/5ded60706b1bcbe0c6fdf3fa60794b62683235a1f70c1872e383f7f384fdff39.php
No syntax errors detected in ./.tmp/phpstan/cache/PHPStan/5d/fe/5dfeb1b19cbf5045b64a237ed9899ef387de5c0bc21e3a747bef7c8782e08aef.php
No syntax errors detected in ./.tmp/phpstan/cache/PHPStan/5d/36/5d364b1654a71fcdc1f52a2a79b5df6e6879b88da1df38b244dc48f5838b946a.php
No syntax errors detected in ./.tmp/phpstan/cache/PHPStan/5d/d5/5dd51e9c333f3468ec5bc91762d51c1d345463b15bf0c999bca7431b06384b75.php
No syntax errors detected in ./.tmp/phpstan/cache/PHPStan/5d/04/5d04d94d261229ccd32aedd5a4f3446ef0bf9314448cc926a741279f7ea37e6d.php
No syntax errors detected in ./.tmp/phpstan/cache/PHPStan/5d/83/5d83391ceca717b0b2df7543a5c85585d49008e65dde1313eb0e1d47fa691557.php
No syntax errors detected in ./.tmp/phpstan/cache/PHPStan/1a/9f/1a9f6ee77a35bacff948fe874a135c05522dd7ee0572fdaa2b5783a7f5f7a233.php
No syntax errors detected in ./.tmp/phpstan/cache/PHPStan/1a/ae/1aaef2a448495b61c4fa0d96b5d0604c7a1c3379feabc0f52f3bd1929f19792a.php
No syntax errors detected in ./.tmp/phpstan/cache/PHPStan/1a/dc/1adc50e869a0e1f3aa3be62b9812df4e3f213be72184991a34f58c0584647038.php
No syntax errors detected in ./.tmp/phpstan/cache/PHPStan/1a/e5/1ae57acaee26eb6935a2c494936ebe349d441b3b928f53a8d20cbf4f3e169a0f.php
No syntax errors detected in ./.tmp/phpstan/cache/PHPStan/7b/c9/7bc9abdb705fc96f32032b677bfca60a11312aefa77cfa0f61056d4f7bce0a35.php
No syntax errors detected in ./.tmp/phpstan/cache/PHPStan/7b/bc/7bbc6bf3ab574fbd2e6d7eea94eb6bdd4abea59486d7116d61f2deb8396cdebd.php
No syntax errors detected in ./.tmp/phpstan/cache/PHPStan/7b/40/7b40f5f710412dd78755303cc21bc1ef4e775282dd4a40c1aa9de4107dcfa604.php
No syntax errors detected in ./.tmp/phpstan/cache/PHPStan/7b/36/7b3681e64daf81084a0c7fbc260c60c8cb9d913c6c156239a14d8135b2268798.php
No syntax errors detected in ./.tmp/phpstan/cache/PHPStan/7b/78/7b78d107ff2ee81cbfb77d8f09d05e994fa5a8b68f9b5388cd73eca58bb07c4d.php
No syntax errors detected in ./.tmp/phpstan/cache/PHPStan/43/c5/43c5bcb51254f3b28920802a98976a09e681ecd9d688e01a0352427ad5c0d9e3.php
No syntax errors detected in ./.tmp/phpstan/cache/PHPStan/43/02/43024fd1239236147fe1ce17c24573a72b394e0cb6a54a736e6d5c454ec04a23.php
No syntax errors detected in ./.tmp/phpstan/cache/PHPStan/43/9a/439a019d70524e33ca51899b8daf785011f01293f74e58477baa88fdfb829fd0.php
No syntax errors detected in ./.tmp/phpstan/cache/PHPStan/43/21/4321ed4993f251be0c424fa64beef5c698eb680743bd259eb5c35c6615b15d85.php
No syntax errors detected in ./.tmp/phpstan/cache/PHPStan/43/e7/43e71124f97688b12e03c9ba281c6b62567184ab85425ce2bbd3aeeff5c636a6.php
No syntax errors detected in ./.tmp/phpstan/cache/PHPStan/43/c2/43c2994f2c8a7b6dbf297ca5a8d02657276d128a0b467103edc9b8975dce9f20.php
No syntax errors detected in ./.tmp/phpstan/cache/PHPStan/c7/5b/c75b8e3186c0a1acf4f7816e9971d382f1262e7fd5670e01a2ec0a3d3109fc71.php
No syntax errors detected in ./.tmp/phpstan/cache/PHPStan/c7/1e/c71e2ef8e52e580d833615bf4c1947d70bbadc9ca6ee385c62f78ee3ec8160b3.php
No syntax errors detected in ./.tmp/phpstan/cache/PHPStan/c7/cf/c7cf1e208c2ac95ae46d8435db10b0cd2fbb84352d87c381c46c2a935efa0c3e.php
No syntax errors detected in ./.tmp/phpstan/cache/PHPStan/c7/28/c728d4b12f2a5dd1f76c98a63ffe0068fb62a25e525b37cd80c07b160acff0e3.php
No syntax errors detected in ./.tmp/phpstan/cache/PHPStan/c7/cd/c7cdd80765f1712988042072b79665b64282c441ecd62cfaa216c0cc1769953e.php
No syntax errors detected in ./.tmp/phpstan/cache/PHPStan/c7/87/c787b67981dd6b083f1620080242d833362d3f1fd6c64b186147422f9f4e64dd.php
No syntax errors detected in ./.tmp/phpstan/cache/PHPStan/c7/0c/c70c3f2f8bd072f7883f7b1b0368a3d5b5b9c0bee421936d900f7ab173a8665e.php
No syntax errors detected in ./.tmp/phpstan/cache/PHPStan/c7/eb/c7ebedc62e6fc87685de3fd983a2ac45128acc9c646da384b2855e4d66e6d3b1.php
No syntax errors detected in ./.tmp/phpstan/cache/PHPStan/19/c9/19c9c1b2a0cebe15d6894334ca506018bb2d6d494ff6e8aa3d2779048677f82c.php
No syntax errors detected in ./.tmp/phpstan/cache/PHPStan/19/8f/198f447a81aa464cfa1ed5e9f5bae943523676aa83ffbceb74ac4c8246618097.php
No syntax errors detected in ./.tmp/phpstan/cache/PHPStan/19/50/195026447f15d4bb83581dce5ec84cb5a8089413103a9f8bce643cbd291b6fef.php
No syntax errors detected in ./.tmp/phpstan/cache/PHPStan/19/03/190381045ddb9fbe507e1964507a05c8abe04e4266e4282564ebbd2e929ef62d.php
No syntax errors detected in ./.tmp/phpstan/cache/PHPStan/19/32/1932d7d494f64a8b358835688180ed7945088bc1db0812b654a015457ef413b8.php
No syntax errors detected in ./.tmp/phpstan/cache/PHPStan/19/97/1997adfdff2109aa085985428a8446fa95d805369275fe0c5de8db96b6742023.php
No syntax errors detected in ./.tmp/phpstan/cache/PHPStan/2b/61/2b61702bb31e6fc99834a6944f8b2954fc8b8be87fb8eab78fe6bc0ff4371175.php
No syntax errors detected in ./.tmp/phpstan/cache/PHPStan/2b/3d/2b3db35366eb0931106c1dca415ce00a59963afd92e79519bc736a81618db9d0.php
No syntax errors detected in ./.tmp/phpstan/cache/PHPStan/2b/dc/2bdca85e917e904ccad341efe3a0abd1d829f8fa185d96837b1aea4045b1b40e.php
No syntax errors detected in ./.tmp/phpstan/cache/PHPStan/2b/59/2b59883c6a1684cf71fc83095714fd87b414848ca6b1ab9f13e8d79c2289c305.php
No syntax errors detected in ./.tmp/phpstan/cache/PHPStan/e7/d0/e7d0b622a305334c2066357466200d262204ac18fd07217fcdc647e21f92eb60.php
No syntax errors detected in ./.tmp/phpstan/cache/PHPStan/e7/33/e733f1cc59a24ea9219116136480e64dfef30fb7ea73305c31aff8c29a377921.php
No syntax errors detected in ./.tmp/phpstan/cache/PHPStan/d3/af/d3afabd46fd5c7851e15d6bcd7967245e1f3b806ef45a1990133375f008811fc.php
No syntax errors detected in ./.tmp/phpstan/cache/PHPStan/d3/94/d394507794c07938d516ba42e8b8628c3b80c5dc224bf7ed07140049de67d415.php
No syntax errors detected in ./.tmp/phpstan/cache/PHPStan/d3/32/d332c33dc9f64e26e08525c871fab3bd472e20585a0728f684bf8e4af5d088f0.php
No syntax errors detected in ./.tmp/phpstan/cache/PHPStan/d3/b1/d3b10452393db63cb0b741a3c032c3e7d8d046bc94b1f392b665797733a9a5e5.php
No syntax errors detected in ./.tmp/phpstan/cache/PHPStan/d3/65/d36529869dc657c81f3e4e348e2dd6ec57ba63eb0d0e0d2661e1d544cf95069c.php
No syntax errors detected in ./.tmp/phpstan/cache/PHPStan/5e/1e/5e1e4a40b8018338410c80568c8bd295bdca88e484a156b7660ced9a1b0be231.php
No syntax errors detected in ./.tmp/phpstan/cache/PHPStan/5e/71/5e71a38607f2e8cb1d8726ba311564ce0c1c294ae6b424293bbe244a285411a4.php
No syntax errors detected in ./.tmp/phpstan/cache/PHPStan/5e/4d/5e4d3f92b1d177da8c6e05deb91f47052c1de257ef3259b70744644713c532a5.php
No syntax errors detected in ./.tmp/phpstan/cache/PHPStan/5e/69/5e691e568b65fbea3b8eb6386f8fcff05ca23ea006c8af66361f6a7fb37af544.php
No syntax errors detected in ./.tmp/phpstan/cache/PHPStan/5e/b6/5eb6c4fa88ccda36606073b3308c6015d12104735eb6b3c0182ec693517a9e6d.php
No syntax errors detected in ./.tmp/phpstan/cache/PHPStan/5e/eb/5eeb015a86afeccd055d09a7ae2d55575e14444164958720312cbe314784989f.php
No syntax errors detected in ./.tmp/phpstan/cache/PHPStan/5e/68/5e681a35b706826fa5cd29aab7e52f2a89371bb75cdf2a09d394c26614f60bed.php
No syntax errors detected in ./.tmp/phpstan/cache/PHPStan/fc/5b/fc5b544d69bf7785c7581d26802236f79b66e414988ca423c4c2e500f41c1a00.php
No syntax errors detected in ./.tmp/phpstan/cache/PHPStan/fc/6a/fc6a4a258b99317d12adc1c246c8a73a267b261e188f6ff0445f90146dda0a41.php
No syntax errors detected in ./.tmp/phpstan/cache/PHPStan/fc/40/fc40c4287b7d4b24198466efb6c969cfd2109634c44d76f193e84c2b8ff51bdd.php
No syntax errors detected in ./.tmp/phpstan/cache/PHPStan/fc/4e/fc4eb3db00b2592d68e2c08032f7872c728c70a30cbad7f148c23fb89562b7f7.php
No syntax errors detected in ./.tmp/phpstan/cache/PHPStan/fc/e2/fce24d6a71be6d326e0c2cf1f0040be2a6143081f0fab8ec5177b1a8046c558c.php
No syntax errors detected in ./.tmp/phpstan/cache/PHPStan/fc/32/fc32c0ef79c9787e0cb9ea3f2a3ac4c85235e16a3b6cd06031a046f35c52b0a8.php
No syntax errors detected in ./.tmp/phpstan/cache/PHPStan/fc/5e/fc5e5ae914fe84e87bd6d2aa2bb32502530cd05131ab97a58430cd3aca0b8d34.php
No syntax errors detected in ./.tmp/phpstan/cache/PHPStan/d9/a8/d9a82d4752301ece623fb640824ec41e690fc028e561d6b548aeea06d3a1300c.php
No syntax errors detected in ./.tmp/phpstan/cache/PHPStan/d9/42/d942b29e0f34a0f68ce6b3f86a2fd22f3fa4851702c78208aa0b8a830e769948.php
No syntax errors detected in ./.tmp/phpstan/cache/PHPStan/d9/1f/d91f20354b1eb0d819aaf242e0ebd699570f1b4befca393cc4b376b59219111c.php
No syntax errors detected in ./.tmp/phpstan/cache/PHPStan/d9/9f/d99fe70518746ca5b335b66e116f62f5cae861ed8f8ed3a077885531524ebf80.php
No syntax errors detected in ./.tmp/phpstan/cache/PHPStan/d9/4a/d94ad221b07690b81cd6ef76ec85f042b6f9241d905db11cc2eb7757e1054172.php
No syntax errors detected in ./.tmp/phpstan/cache/PHPStan/6c/06/6c0649661d705582538fb4721eda836146206b0e50f75de1a1f46a9387017898.php
No syntax errors detected in ./.tmp/phpstan/cache/PHPStan/6c/ad/6cad17aaa2baa5c894f4996174b374ccdd46afe0a3a92f1f92cbf080ef9794a3.php
No syntax errors detected in ./.tmp/phpstan/cache/PHPStan/6c/a5/6ca51df5e0304541db517d30697daa71c9fd7015d9615e7142564d3860fb27fd.php
No syntax errors detected in ./.tmp/phpstan/cache/PHPStan/6c/53/6c538c53e2a27d49a5eb756a6a7ba0eaa0d8791049652737bfb69740b48b4c1d.php
No syntax errors detected in ./.tmp/phpstan/cache/PHPStan/6c/bb/6cbb01eb5cd55a672e4ecbc80733073c6b8783c4457a951ef1fa7d9a9dbbc4d4.php
No syntax errors detected in ./.tmp/phpstan/cache/PHPStan/6c/bb/6cbb4c3747de37682c93155fb13119bc149eed03561c8f2ae70f185f5d94373c.php
No syntax errors detected in ./.tmp/phpstan/cache/PHPStan/6c/37/6c371a3c61e54d0a8e4a2cf9416d4a92c37a5a8deaba8bead8d121b7669a622e.php
No syntax errors detected in ./.tmp/phpstan/cache/PHPStan/6c/26/6c260f9f5a846b7f211cb00be5a821dc9b765459d79478e110faf956ae6a72fa.php
No syntax errors detected in ./.tmp/phpstan/cache/PHPStan/6c/54/6c54fce7e5ae0a4ca2755bfc50579cd4a9fa835fbb13a71ffec22032729cad30.php
No syntax errors detected in ./.tmp/phpstan/cache/PHPStan/63/37/63370b39c0570946f0b65c6529348984cefe75bc92dfcb3a765eaff19bc0ba78.php
No syntax errors detected in ./.tmp/phpstan/cache/PHPStan/63/5c/635c6b6deac6aedef223bc18432a77c20a3a569e712e4d6740bdf1c13a943b94.php
No syntax errors detected in ./.tmp/phpstan/cache/PHPStan/63/80/63802064fa2c368220fb78894f92259bf14e944606dd1a7ae6f7fd0a482e63d0.php
No syntax errors detected in ./.tmp/phpstan/cache/PHPStan/63/99/63995f65fd386f4385d47902e68b1d30b96456428179aee17f7b2974b689e555.php
No syntax errors detected in ./.tmp/phpstan/cache/PHPStan/63/a0/63a0988de79fe4609cb62037a7798d612e26163f00a6bf073a1acd7f291af195.php
No syntax errors detected in ./.tmp/phpstan/cache/PHPStan/63/c2/63c23de1748f99134dba1fc361f54869f5fd778658fbab79b96a52de2eb73c46.php
No syntax errors detected in ./.tmp/phpstan/cache/PHPStan/c0/20/c0203acecc23b97ba90c357d903d43eda3130a5eda6f810b119b9aafda23153f.php
No syntax errors detected in ./.tmp/phpstan/cache/PHPStan/c0/ee/c0ee5c307c18c51480cacc79e7d3aa7c2814f55185802f29fe8da09264d68f5e.php
No syntax errors detected in ./.tmp/phpstan/cache/PHPStan/c0/fe/c0fece4f683fca381e18b9cd8d3d41751552c22f05c2a7abb2a33fc2feea69d9.php
No syntax errors detected in ./.tmp/phpstan/cache/PHPStan/c0/71/c071e64a0dec9c9124896131ec58d5cc6ea58c0f6eda7db07bf9157fd041f53d.php
No syntax errors detected in ./.tmp/phpstan/cache/PHPStan/c0/d1/c0d13724b041836881278aaf00e9ede886bfa94e728243f5602b08b9767f1419.php
No syntax errors detected in ./.tmp/phpstan/cache/PHPStan/c0/cb/c0cb6718d0fff6928d5528a2d168852c7f99da528ca0c50c3b330c060a01f0c2.php
No syntax errors detected in ./.tmp/phpstan/cache/PHPStan/c0/2c/c02c07c1914a2d289f5cd12269e66f9a8dcbf3f426b5b971826b34dd2a00203f.php
No syntax errors detected in ./.tmp/phpstan/cache/PHPStan/eb/51/eb5197ed58f89e1ce7821c552398a0dfc770645ea96999162950c501864f2e14.php
No syntax errors detected in ./.tmp/phpstan/cache/PHPStan/eb/64/eb64382a12e17e48c0a0f64ac36a59f1ab4243b13f92d0462296058aa42ba489.php
No syntax errors detected in ./.tmp/phpstan/cache/PHPStan/eb/64/eb64580c6de1f16f537f5ee82d2c40fb1796cee9572ce283277a1f67c5cbce68.php
No syntax errors detected in ./.tmp/phpstan/cache/PHPStan/eb/11/eb1101f56e1d08a5f6e14460c82a815f5e3221ce37a4c13c77298cc86e78e1e5.php
No syntax errors detected in ./.tmp/phpstan/cache/PHPStan/eb/22/eb221960d6f58eb0bb3065cfd08ce5e8f8ea6a392464f51af2da4d41fb68662e.php
No syntax errors detected in ./.tmp/phpstan/cache/PHPStan/84/7c/847c58cf951cef7f499e819ce65e6013d0c81a04713bd6eeab933824599ce356.php
No syntax errors detected in ./.tmp/phpstan/cache/PHPStan/84/5a/845a076cc294b9269cef341cba6c1f37479d1490dec8058cf15df7312831f5fd.php
No syntax errors detected in ./.tmp/phpstan/cache/PHPStan/84/48/84484955d8b765e29b7d9880834c6a4d46dc65eef6793830dfb3a28bf8613e59.php
No syntax errors detected in ./.tmp/phpstan/cache/PHPStan/84/3d/843d4a0b97590f7a634659093fa44e49b575b97c03f872be7e9d42bf477bb53d.php
No syntax errors detected in ./.tmp/phpstan/cache/PHPStan/84/b5/84b5d019696c94bdfa055ad8dcbed96f55ba595c89f9a444f301a0447c62e3eb.php
No syntax errors detected in ./.tmp/phpstan/cache/PHPStan/84/01/8401592d810ad061d34ae9280e7f52e1accd4579ebe0315dd65da67b74b36106.php
No syntax errors detected in ./.tmp/phpstan/cache/PHPStan/84/6c/846cb733a07559d2f27914bbab4e0acef24b255c5f8720dc57479cc12bfca154.php
No syntax errors detected in ./.tmp/phpstan/cache/PHPStan/0d/bd/0dbd324de735a578458d4b7f289ece6f257210fae658d360687693e5ddeee9bd.php
No syntax errors detected in ./.tmp/phpstan/cache/PHPStan/0d/cf/0dcf166709b6fb0f1d11f07f5cb15fb7418349910b00d60d6215b31563eaafdf.php
No syntax errors detected in ./.tmp/phpstan/cache/PHPStan/0d/f8/0df84247008ce52b4772ba366e099048bca3e1d472f18ced73feeef8fc4edb77.php
No syntax errors detected in ./.tmp/phpstan/cache/PHPStan/0d/26/0d26ed5778e269029b42e5e313ddcff9b47bcc08d57f1e877216b4c182a8119f.php
No syntax errors detected in ./.tmp/phpstan/cache/PHPStan/0d/7b/0d7b022ba55aa14d2f08cd99dbb5aa2e042340cc64d892755df2c66189108a6b.php
No syntax errors detected in ./.tmp/phpstan/cache/PHPStan/0d/d3/0dd33f5b3128d448dd35d3267070bd19137b578906d41746a26a1424282b2f99.php
No syntax errors detected in ./.tmp/phpstan/cache/PHPStan/0d/18/0d18d93324db08aade019744000613ee8a16a3300303e07819369d1b0c225bd7.php
No syntax errors detected in ./.tmp/phpstan/cache/PHPStan/e6/cd/e6cdf02b201fdf3e4948bd084c0d42e0bbad69a0f7cbd69442efd26f0bd64414.php
No syntax errors detected in ./.tmp/phpstan/cache/PHPStan/e6/4d/e64da4f1ed52065684e2f8c6256b39b04086e9741e5d10dedb7e66aada048707.php
No syntax errors detected in ./.tmp/phpstan/cache/PHPStan/e6/41/e6410217ab416125d8207d1cbb7153d1b930bcb61892d0f0894ccf61e68d743f.php
No syntax errors detected in ./.tmp/phpstan/cache/PHPStan/e6/fa/e6fa29dc9cc6a2a4f23d7ccbb67419f1c02dcb581af3e5c5d3876cb39f286638.php
No syntax errors detected in ./.tmp/phpstan/cache/PHPStan/e6/c0/e6c0a31bfb316df2ee2ffdb3d3337927e058cd283ae1355fdf22c73f4b44545a.php
No syntax errors detected in ./.tmp/phpstan/cache/PHPStan/31/48/314891b1e2fd338b6de6e5e71158aba351800884c2980749c5e47859dba283a0.php
No syntax errors detected in ./.tmp/phpstan/cache/PHPStan/31/7f/317f146d61a0a0d6b26e22a67f28e819debba2d5adda28e23f2c16f84ad8d6e1.php
No syntax errors detected in ./.tmp/phpstan/cache/PHPStan/31/da/31da4b5104915a7f464494af5c0aa47be1ce9d6acf02f64c14163ceb83eaa73d.php
No syntax errors detected in ./.tmp/phpstan/cache/PHPStan/31/91/3191c31f79ecdb3539669a056028142a2f08765d71e5e8347e915c5ed8fd1a13.php
No syntax errors detected in ./.tmp/phpstan/cache/PHPStan/97/4c/974c3563a606658b1cd08c2152b99f0121aa74ffbe964becb742f7479aa5ef97.php
No syntax errors detected in ./.tmp/phpstan/cache/PHPStan/97/b8/97b8aedc3a97400a4b1bef5b0bd4958e84ace823f46ced96cee876dceb7f2e18.php
No syntax errors detected in ./.tmp/phpstan/cache/PHPStan/97/a4/97a452e0238c47f3ccf1162b5814fe5cd9c6d8e6c3f7f0b2a94f4632725d429c.php
No syntax errors detected in ./.tmp/phpstan/cache/PHPStan/97/e2/97e2bc610dec8ce43f5297f0686674acae761465ae06a7ecbec29ff9494cdd0f.php
No syntax errors detected in ./.tmp/phpstan/cache/PHPStan/97/de/97de803a638355425b84348e4c1cd0fd50b593360cd6c92d0c77d0bbb5270e93.php
No syntax errors detected in ./.tmp/phpstan/cache/PHPStan/97/7b/977b19dc582e259749bed735005a9c581e5a834083758abd64d005f96d8f9e7e.php
No syntax errors detected in ./.tmp/phpstan/cache/PHPStan/10/8a/108aecf1aa65161c56627cdbaf61f2db3251235cc89f6a7f0cf0788a2a7822d1.php
No syntax errors detected in ./.tmp/phpstan/cache/PHPStan/10/c4/10c4d0a4f77243359234008e25e7da796a288adce08765298fa04a253e7a29b5.php
No syntax errors detected in ./.tmp/phpstan/cache/PHPStan/10/70/1070e391619604f44610ed73003ab4eb7d7c85ec1f4157c5f6e21176cd0b1c73.php
No syntax errors detected in ./.tmp/phpstan/cache/PHPStan/10/a0/10a0c678b0de7076083c18c6a6b18bde303bac9abd30c0ac188d700ea92bdc31.php
No syntax errors detected in ./.tmp/phpstan/cache/PHPStan/65/82/658295e8c88d97f2046543306b6160a391bac14cc2fbdb9a71bd96113008ba9b.php
No syntax errors detected in ./.tmp/phpstan/cache/PHPStan/65/fb/65fb1ffb20752d31ef47ea24f513a4ba0c176a26ad710c46a3c33758cb37c524.php
No syntax errors detected in ./.tmp/phpstan/cache/PHPStan/65/35/65355b0a44481ff8dc98700f6591752bb6212976b7bad959d0c64070cb9ac7f5.php
No syntax errors detected in ./.tmp/phpstan/cache/PHPStan/65/14/6514bff0fc4b0934ee60dbcd8b1a4f3dab441e3939804e5ef9635522de14904a.php
No syntax errors detected in ./.tmp/phpstan/cache/PHPStan/65/0b/650bf4356a5ac1968b801bafba842b69ebd3e72bf9b0b8b83520999576923cbf.php
No syntax errors detected in ./.tmp/phpstan/cache/PHPStan/65/e4/65e4df44c0af8f5fc3d6aad37b4f39d6fce3165bb63fe71073140082654a310b.php
No syntax errors detected in ./.tmp/phpstan/cache/PHPStan/65/b2/65b2d71c087c180c6f1a938e0357522ab1dca4b71478d78668fef18f99395e07.php
No syntax errors detected in ./.tmp/phpstan/cache/PHPStan/65/97/6597aa216b691389b4cc4efda546c14da08d94bb7797112f95fe20482f9ad55d.php
No syntax errors detected in ./.tmp/phpstan/cache/PHPStan/f1/4c/f14c734df0e1f717e61d7f056b67de12930c27fd1cbc3b7b6b1ef759c711fb6c.php
No syntax errors detected in ./.tmp/phpstan/cache/PHPStan/f1/79/f179b6278c17fb22038a6b19eab2549bde33551e2bf178c40cd29aed8f28da65.php
No syntax errors detected in ./.tmp/phpstan/cache/PHPStan/f1/81/f181b15100504d21c3c63f57370296218e1e543236175a15b87b5f024ef98377.php
No syntax errors detected in ./.tmp/phpstan/cache/PHPStan/f1/24/f1247b6151f22f83c2ef7aacb010c96be246fae17ea2208545ca29d3579b87fc.php
No syntax errors detected in ./.tmp/phpstan/cache/PHPStan/f1/db/f1db28def4ce128eeef7ea5b727f4472610addef26518d837e9a0ef6dc5e0f33.php
No syntax errors detected in ./.tmp/phpstan/cache/PHPStan/f1/0b/f10b03ecddb499a3e010f40726379a455cb04b3bd97f0327250ae37623e31e65.php
No syntax errors detected in ./.tmp/phpstan/cache/PHPStan/f1/36/f13651520a42ef9401c326fe6b3243455ae2ce645bb8a6669672cc142dab8564.php
No syntax errors detected in ./.tmp/phpstan/cache/PHPStan/f1/03/f1034d61cd616ce596f897d6ada6c6a6bb6b11ac215b89c3d8a340d659af39d4.php
No syntax errors detected in ./.tmp/phpstan/cache/PHPStan/f1/99/f199345debaeb29dbf675831a8e879db1aedf6f2b0ced4d8fa46ca658c53cd76.php
No syntax errors detected in ./.tmp/phpstan/cache/PHPStan/f1/d3/f1d34184f8f7e2e25c01c7c2998abeee8e77b4ba47c96ee7ac8c98978a5183a9.php
No syntax errors detected in ./.tmp/phpstan/cache/PHPStan/e5/c5/e5c58c74a081e3a893adda66b5bf238d11976fc6bd7c2de291143c4e4c46a8e5.php
No syntax errors detected in ./.tmp/phpstan/cache/PHPStan/e5/c3/e5c38437e2d6527fd591ff1d25d28b377f5873891db0589ca875eda6d9e5608f.php
No syntax errors detected in ./.tmp/phpstan/cache/PHPStan/e5/6b/e56b90c30058e3340a54ad71f3fbe5b6043cda4f81dd26996e1893ef974ae49a.php
No syntax errors detected in ./.tmp/phpstan/cache/PHPStan/e5/35/e5357c0d9ad184d0263e311fba2246b666302bf3667f0c1f1676a5b41bc9f1e5.php
No syntax errors detected in ./.tmp/phpstan/cache/PHPStan/e5/71/e5715e4c2803b6a3f9b5058efb8df2d6b1f8eef7a193a3ea1448df97dc56069c.php
No syntax errors detected in ./.tmp/phpstan/cache/PHPStan/e5/ef/e5ef22efd9cc7d7a8dfb3552344c9a2d11f7c9fceabd4d63d0725a59a64e3c5f.php
No syntax errors detected in ./.tmp/phpstan/cache/PHPStan/e5/60/e5605f05b1758dca6b9262a4fbeef5dde4f8cb1f4b0242c60c336bf1d6aa9ec6.php
No syntax errors detected in ./.tmp/phpstan/cache/PHPStan/d4/a8/d4a845725386beace9a37abc35288017317f0ecdb01c72639896e9398f571d45.php
No syntax errors detected in ./.tmp/phpstan/cache/PHPStan/d4/89/d489b90965d4bd8bde530acd20c72d1777229e15a21b7da92821446dac68cb66.php
No syntax errors detected in ./.tmp/phpstan/cache/PHPStan/d4/61/d461ba6f17cd765025d4b851570f496a4cfa865ef4b2805aebed99ba52b2f6db.php
No syntax errors detected in ./.tmp/phpstan/cache/PHPStan/d4/57/d457ff33a1c0c33259da9d1ed3ccb3d52b37840587a486c1dbacb843f3423507.php
No syntax errors detected in ./.tmp/phpstan/cache/PHPStan/d4/ea/d4eae78f4859f3675ce58cba115e40acd66eae741cd67031876a8e24eac2e139.php
No syntax errors detected in ./.tmp/phpstan/cache/PHPStan/d4/17/d4172d1b877b9c8cc23626915c5c8fd4fb7fea7f418efc4d69a2aebabe354fd6.php
No syntax errors detected in ./.tmp/phpstan/cache/PHPStan/83/df/83dfb9407b5e18218af9349f13bb728a7d2fdfe8d54013f9402f07d33525e3e8.php
No syntax errors detected in ./.tmp/phpstan/cache/PHPStan/83/df/83dfca0725e4bba544d68adb360fefd950192e4e5a33c5c0e3e538be24374e92.php
No syntax errors detected in ./.tmp/phpstan/cache/PHPStan/83/a4/83a4854f1d7a81a86ef18cacf00ebfa95acafbe14608fb91c95184e9fafb5658.php
No syntax errors detected in ./.tmp/phpstan/cache/PHPStan/83/9f/839ff554ae0a9ce495a2b5c2452f3cffa33214844a1ade67b5f6ca12d1eed6f9.php
No syntax errors detected in ./.tmp/phpstan/cache/PHPStan/83/32/8332ce8448a208c7c2cfbe9dc662475c6fdb9f7937feb9d719249a6b71d867b1.php
No syntax errors detected in ./.tmp/phpstan/cache/PHPStan/83/c2/83c2f6eb2debd47d771a5811661328b0f88c8c9814eb86e18c9757394ddff021.php
No syntax errors detected in ./.tmp/phpstan/cache/PHPStan/54/ff/54ff41f9991b3b3f9e6d936ada3a1986ee26852408e68e71a7803ed4294d4cd9.php
No syntax errors detected in ./.tmp/phpstan/cache/PHPStan/54/1f/541f1a9f682330f395e2e6e7441a931930976db4ad653ef60bf24076db7c7326.php
No syntax errors detected in ./.tmp/phpstan/cache/PHPStan/54/78/547835cd6ecb870c219bec03c3b79a36125e29829562ca041f6352b7cb45bf36.php
No syntax errors detected in ./.tmp/phpstan/cache/PHPStan/54/75/54757ddf64c9d28efca5c34383f47a0a59ddd319a290c6b739b7d01321fb4d91.php
No syntax errors detected in ./.tmp/phpstan/cache/PHPStan/54/b3/54b31323e717a41de64020d15b38d96ff01fb3c97d70195ff7ba21d247eec9cf.php
No syntax errors detected in ./.tmp/phpstan/cache/PHPStan/68/c3/68c39b8717668fcd64a83413c388ea1ece7162141614ab3401eb44ae95440dcf.php
No syntax errors detected in ./.tmp/phpstan/cache/PHPStan/68/4a/684a7231d4d30858fad8051204b406cf8db7acf33c15571e863110f715e25c34.php
No syntax errors detected in ./.tmp/phpstan/cache/PHPStan/68/72/6872888004139cc391c369822a2c044d3d7b55865812e6761dfbc1bfa1833646.php
No syntax errors detected in ./.tmp/phpstan/cache/PHPStan/68/c7/68c74638881782159b1cea06aa70abfef2f31bdd2c9102d01087d31554f08bd0.php
No syntax errors detected in ./.tmp/phpstan/cache/PHPStan/c8/5b/c85bb62ddbfa26007cd53edc43c7c092f9858232eff0c47f2b8ec56126524f9f.php
No syntax errors detected in ./.tmp/phpstan/cache/PHPStan/c8/28/c82840592c07851b66fbbd04c5c41dde955664f4680e918a1e4bf8672c184155.php
No syntax errors detected in ./.tmp/phpstan/cache/PHPStan/c8/60/c860f4b31251f8120b3c1be7c6f578b8b88709a73c194fda7fb2bad41ef12aeb.php
No syntax errors detected in ./.tmp/phpstan/cache/PHPStan/c8/08/c8081c66c9460b731221f5a0e11af36c09320e32cf2f2a85cd1d8a8b91453d65.php
No syntax errors detected in ./.tmp/phpstan/cache/PHPStan/c8/7b/c87b2af23e154379c45a70821c89ff537b3b5d1de81bf985ecfbcade6a8e0404.php
No syntax errors detected in ./.tmp/phpstan/cache/PHPStan/dd/8b/dd8be23f178d97243c9eaacbcf92174d20331864c94b6d8b676136c3ca8c29d7.php
No syntax errors detected in ./.tmp/phpstan/cache/PHPStan/dd/12/dd1274e62653f6aa05f099b3b9b90735dc717f79c19d5cd3d89f92e075f24924.php
No syntax errors detected in ./.tmp/phpstan/cache/PHPStan/dd/eb/ddeb9938d100d83ee3c5dc06e576c62a03e97a12b0fde474e346b4bd54b76d33.php
No syntax errors detected in ./.tmp/phpstan/cache/PHPStan/75/6d/756d95c6d6753d3a16c4b99aa1f35547cce8cd3a6061a540bf3c8912c8a7f45a.php
No syntax errors detected in ./.tmp/phpstan/cache/PHPStan/75/23/752309307dcd5c759faaa119ad0113caebb775408e199fe4a1c1147d4c01961a.php
No syntax errors detected in ./.tmp/phpstan/cache/PHPStan/75/26/7526683af7ee7e3e2c3d0ceeea664b9194fe2927c240db632fdcf1cbbe794516.php
No syntax errors detected in ./.tmp/phpstan/cache/PHPStan/75/26/75266e1f172f145c492483a4062cd766ad32ae06f7ec791b76dd72bcf0eef989.php
No syntax errors detected in ./.tmp/phpstan/cache/PHPStan/75/2b/752bcb0a6b52a01c604823f0e40872829f3bdb556be2208d45244c3d6b642aea.php
No syntax errors detected in ./.tmp/phpstan/cache/PHPStan/75/63/7563157591107b34371cee21d98db5080c87133ef6897f0e0000b617abf00bb7.php
No syntax errors detected in ./.tmp/phpstan/cache/PHPStan/75/31/7531c0f1d447a75a2896f95060734146e06c2d5fd7a6782581461e709771a99e.php
No syntax errors detected in ./.tmp/phpstan/cache/PHPStan/75/ca/75cae577c59320f8b166900c417f78b717ffcb625fd96f1b3a07f6fdfa849752.php
No syntax errors detected in ./.tmp/phpstan/cache/PHPStan/2c/d0/2cd09c71ab6dd71f3601ebfe58c270db9ebeb78797cdfb856a70326f21da6de6.php
No syntax errors detected in ./.tmp/phpstan/cache/PHPStan/2c/d1/2cd1c8f11feb1cabb6fe695e30e1675c30ebd4af4eb70b9bfcc506710b16bd2b.php
No syntax errors detected in ./.tmp/phpstan/cache/PHPStan/2c/85/2c85e544752f1f79b8c4528d37e7dbc7a8a4e87735cfddedb0d335c0aff86e9c.php
No syntax errors detected in ./.tmp/phpstan/cache/PHPStan/2c/a0/2ca092205da9b966e4f52266bf02cbbd19be270801652a78a935e3d5f75961b9.php
No syntax errors detected in ./.tmp/phpstan/cache/PHPStan/38/15/38155ea1221170983cc13b375aeef1f9a68c2438f9da6c6927fd3b00a98d435f.php
No syntax errors detected in ./.tmp/phpstan/cache/PHPStan/38/ce/38cee7142fa02efc00173a1426a450d154a05d193ccf924ef38a6145fe797f50.php
No syntax errors detected in ./.tmp/phpstan/cache/PHPStan/38/a4/38a421fdf023ac9ee62dce1dee2496277f3c76ed6549ed569aea30dd155e8d50.php
No syntax errors detected in ./.tmp/phpstan/cache/PHPStan/38/4a/384a6f403e04a0abc5476d58e440c98bc30d498701c98bce2d72b230a50ca08a.php
No syntax errors detected in ./.tmp/phpstan/cache/PHPStan/38/80/3880f851e6ad30d6d4dc2eff7cf4100061ecd4dba7b56dda23ddf7f45e1588a8.php
No syntax errors detected in ./.tmp/phpstan/cache/PHPStan/38/1a/381a57176888cab1b643c9a4a176571b5978c7febd9749e34120435fc1cea41c.php
No syntax errors detected in ./.tmp/phpstan/cache/PHPStan/38/d9/38d9d721900e23d3f9fc5db3a03639d07aa5e69c2d9204036efecceb61bb756b.php
No syntax errors detected in ./.tmp/phpstan/cache/PHPStan/17/46/1746657cacfc29d7b7f5fbe99bd7ac66b7521f10ed8ac1bfa27a25ee8565436a.php
No syntax errors detected in ./.tmp/phpstan/cache/PHPStan/17/0d/170d4a9c4304fb17f6a9f644544ac3ae6ea865e7395c5f122cd7f67f25ff25f6.php
No syntax errors detected in ./.tmp/phpstan/cache/PHPStan/17/38/1738d5c20bed9cd2042905a5de67aecc476bb527a84bb539fade201dd7c686eb.php
No syntax errors detected in ./.tmp/phpstan/cache/PHPStan/a6/51/a6514c692090a74cefb6123ec250fc36b12e3aedaa95f51a14240321158bd92f.php
No syntax errors detected in ./.tmp/phpstan/cache/PHPStan/a6/12/a6124f4371a4215035730cd33b0a3746169f3451ae5126ee2dbfae91e990557c.php
No syntax errors detected in ./.tmp/phpstan/cache/PHPStan/a6/e2/a6e211b0f5a323b307abc9d454870af0e24e78a29fcec1097c57f1b438c3e1c2.php
No syntax errors detected in ./.tmp/phpstan/cache/PHPStan/a6/d9/a6d9ab35dbebd8459159a3fd71e302e318ae851cb225a74e28ef88c7c5476239.php
No syntax errors detected in ./.tmp/phpstan/cache/PHPStan/ca/33/ca33fc995840af1d69b6bd3d03b7f39c648709aba5268c7ab0e357da35cb9100.php
No syntax errors detected in ./.tmp/phpstan/cache/PHPStan/ca/1f/ca1fecdd2fc80b965073bf91bd100517b49db289b2340311f4c1cc925237a6cc.php
No syntax errors detected in ./.tmp/phpstan/cache/PHPStan/ca/b2/cab2021af0236e57e9e68baa20ee4850ccb80fb26ef027fbe9774c1ac40b5315.php
No syntax errors detected in ./.tmp/phpstan/cache/PHPStan/ca/fc/cafc31ec96f58a397d5b97c4a1e3f3f7ab556c4704ee0da99a2a639245ec3572.php
No syntax errors detected in ./.tmp/phpstan/cache/PHPStan/ca/10/ca10c250bf9691e5730089f5deb002f12d1ad1b841055152e47466d6d7385060.php
No syntax errors detected in ./.tmp/phpstan/cache/PHPStan/ca/e9/cae97ae288383ff3884940b8a60191ffbfb56f893abf72827fa641a33d7f41c1.php
No syntax errors detected in ./.tmp/phpstan/cache/PHPStan/c2/30/c2309b5e78bf39c7fe83eb663b2ebd9572eecf8e176f2bd6251d668277c214e2.php
No syntax errors detected in ./.tmp/phpstan/cache/PHPStan/c2/5f/c25f9bebe20c91f56c41d0c59494549ca6048c01f0e2dbec4e07115a3927de65.php
No syntax errors detected in ./.tmp/phpstan/cache/PHPStan/c2/57/c257e7c2dcee719a0a65051f5f1baa2b63ad109238252f0f56a3bc145f19b757.php
No syntax errors detected in ./.tmp/phpstan/cache/PHPStan/c2/f4/c2f45bb2eb6d51d8f3521df218e833c24aaa6b94da7ef3628e3f45b5b5e2e009.php
No syntax errors detected in ./.tmp/phpstan/cache/PHPStan/c2/d9/c2d9bf15506eeb038642e4c1c54a221fd4f775003ba2b849d4aa49d09b7a5948.php
No syntax errors detected in ./.tmp/phpstan/cache/PHPStan/c2/c2/c2c22c3787d87a209f8658f5bacd8543c9eae4cf77f2ace30219161432aff31d.php
No syntax errors detected in ./.tmp/phpstan/cache/PHPStan/22/8d/228d6d63f960b9254f2ac7d2573c122dc6caf51a7737eabc9ac5f3bdae64c4aa.php
No syntax errors detected in ./.tmp/phpstan/cache/PHPStan/22/88/22883a1baa8feaadd5a7f73c185ceeee21ee7e5c8ce6b2e701957d920aa0a3cf.php
No syntax errors detected in ./.tmp/phpstan/cache/PHPStan/22/f8/22f8bdb4dadbd0160f1729aacccbfd3d26b5308837efbdb80f8b5dcc72f5124b.php
No syntax errors detected in ./.tmp/phpstan/cache/PHPStan/22/61/2261cd9349c05554bbdb55e92e06f88b896057d398c71d88b36a1b7cdd78f600.php
No syntax errors detected in ./.tmp/phpstan/cache/PHPStan/22/04/2204d3aaccd3c4c072033e1da45c9f5244c1e99732ad0ac1ad9fed00ed0a817e.php
No syntax errors detected in ./.tmp/phpstan/cache/PHPStan/c1/4c/c14c4c08743d6dc80eeac97192dfcdb31766097b50d0fd666674eaae75f2aaa4.php
No syntax errors detected in ./.tmp/phpstan/cache/PHPStan/c1/07/c107f8e497222af2ca2ce12da65a6a840479c27000741a5f53a85f7930b7bc7a.php
No syntax errors detected in ./.tmp/phpstan/cache/PHPStan/c1/64/c1648979b126555313e312758890bf906a77734cb212f5f00a071b326563f785.php
No syntax errors detected in ./.tmp/phpstan/cache/PHPStan/c1/bc/c1bc99a4f29da487979f003467dabdb1a83f573dea2762da282e3d772ab1e4f4.php
No syntax errors detected in ./.tmp/phpstan/cache/PHPStan/c1/c4/c1c46862cccf81f343602f025cf9ad05dab01de6c56eb3bfc457a0e6b8635d10.php
No syntax errors detected in ./.tmp/phpstan/cache/PHPStan/c1/9d/c19dac55302db19ac56272c913117c2693e8d4788ede8bc98653ab48c91e340e.php
No syntax errors detected in ./.tmp/phpstan/cache/PHPStan/c1/e6/c1e6b8f5c145a99d7410557ffc63fd1d63227b621a4c001ceace20fd8d6128ec.php
No syntax errors detected in ./.tmp/phpstan/cache/PHPStan/c1/b3/c1b3cf0bf1390bb9c1b14142f80d835854fea2a73be33c39b811d39ad2c20838.php
No syntax errors detected in ./.tmp/phpstan/cache/PHPStan/b3/1c/b31ca236bb41236b43bab5dbf11ef261b9c4af49dd2cb1557cbbd2751d666d21.php
No syntax errors detected in ./.tmp/phpstan/cache/PHPStan/b3/89/b389f241a4a2cbf0ba3a24c98ad17b358e3a1a82317fe6788da5a13995e6f2ed.php
No syntax errors detected in ./.tmp/phpstan/cache/PHPStan/b3/4f/b34f8a486fd88bbc74ac09b40ee9fd10c5dfa852befbd6204120d2334453524d.php
No syntax errors detected in ./.tmp/phpstan/cache/PHPStan/b3/cd/b3cdd5fd887c530ee3b3d0ef1f0a52ea2590e78f454454222bd387bf8f40494f.php
No syntax errors detected in ./.tmp/phpstan/cache/PHPStan/b3/e2/b3e2c241fe04d7d3cbe5b01828c3d5f40b6c29a04e2bd588dd16bf050a9046a0.php
No syntax errors detected in ./.tmp/phpstan/cache/PHPStan/b3/0e/b30e26f22b2bb133e306efe7d65eec09a15ca6adc339e0b9f132626690409f3a.php
No syntax errors detected in ./.tmp/phpstan/cache/PHPStan/b3/d2/b3d29cd3e50dc47ef1199acb0c142395f630b8a4ba414e40cbd93f7dcd2418f1.php
No syntax errors detected in ./.tmp/phpstan/cache/PHPStan/95/6d/956dd802a5809f2b9ed822ef2ddfc6c74979ecfea70a6e9d37a5ee642348d5ac.php
No syntax errors detected in ./.tmp/phpstan/cache/PHPStan/95/e2/95e2c987699380d954afd3a0d2d399c7a02a17fb5e8cfbe2e639b55cf87a5a77.php
No syntax errors detected in ./.tmp/phpstan/cache/PHPStan/95/e4/95e4cb95ecc772328e68735bb9868fc1432c2550846572970fe85b89ed46d8cc.php
No syntax errors detected in ./.tmp/phpstan/cache/PHPStan/95/3f/953fa6ccee2428bc0e37f1bae2075581d497316f6b53acde0c2f2689c043ee0c.php
No syntax errors detected in ./.tmp/phpstan/cache/PHPStan/95/9d/959dfccb2ff05a34f1d1f1e0c1f4b3e51047bcde46cd476617189cf94d48cdcc.php
No syntax errors detected in ./.tmp/phpstan/cache/PHPStan/95/7b/957b1f2eae81ca95907c37235a4363b3f90abdbdacf77ab11a28e994ec6741a4.php
No syntax errors detected in ./.tmp/phpstan/cache/PHPStan/95/e6/95e6cfbd08071dfe04802f0088e42a015825f25df69b8d024c79a6b8431abc8b.php
No syntax errors detected in ./.tmp/phpstan/cache/PHPStan/95/17/9517b3f85a94e2bc36dbd87b6a6b0c602b0ff0595bba769ebd299e3bb10f9a77.php
No syntax errors detected in ./.tmp/phpstan/cache/PHPStan/95/59/95598872c3fa6f2466b73745bd9f3d245cf8dbcca7ce1ddde4fd4a963161d58e.php
No syntax errors detected in ./.tmp/phpstan/cache/PHPStan/18/c5/18c53559c729a59e485577632896886ff3ce123d4cb2d5d2b271efb3dcd90aa9.php
No syntax errors detected in ./.tmp/phpstan/cache/PHPStan/18/cc/18cc4b264a55a007d4031e4ef89d9fdfb71f7bb9f54b64d4af0e632d70fb6c43.php
No syntax errors detected in ./.tmp/phpstan/cache/PHPStan/18/3b/183bcb1a416f7b02d7a98df2a596d0997443d3c5e928aa407d6372000312a0b7.php
No syntax errors detected in ./.tmp/phpstan/cache/PHPStan/62/ad/62ad6723a74102f0624fa296a7d4c72fcef51669d0ec957e66ce11c6e1b5d6c3.php
No syntax errors detected in ./.tmp/phpstan/cache/PHPStan/62/fb/62fbb5893a5bb0936b2416e63f49b962c979ca24cf638548e555876b5421fb3d.php
No syntax errors detected in ./.tmp/phpstan/cache/PHPStan/62/98/6298d14137f22c6ae56f5a7cfe98a4e4b5273f41427643647772d57fc6ce45bc.php
No syntax errors detected in ./.tmp/phpstan/cache/PHPStan/62/fe/62fe07d1d3fc48582531dc4c7cf5b911bdd4cdb76271c4ad543fa380666bfaa0.php
No syntax errors detected in ./.tmp/phpstan/cache/PHPStan/62/d8/62d8b5292905b4c958068cfb716d207338bf4df1ee8dfb173210aa224f8df89e.php
No syntax errors detected in ./.tmp/phpstan/cache/PHPStan/62/74/627405aa6eea9492e98bdf1a35d3b087c6285ae9940d25497c0fa2026732029f.php
No syntax errors detected in ./.tmp/phpstan/cache/PHPStan/62/dc/62dcd2a6af52bbb93ebfe8c679d6ba373badae3fc1d7097b2fad415c8fde3e94.php
No syntax errors detected in ./.tmp/phpstan/cache/PHPStan/62/84/6284a859dab68de237a21b39ee872f908e10970d1c7581935a66c18f196a2f28.php
No syntax errors detected in ./.tmp/phpstan/cache/PHPStan/62/2c/622c9309ecab0befd0198955cc63f0029bb12951ce884575885e612e20dab514.php
No syntax errors detected in ./.tmp/phpstan/cache/PHPStan/62/59/62591f0736eac059c88782731f11d40baaaa86b8664e7db32f238debb7523a14.php
No syntax errors detected in ./.tmp/phpstan/cache/PHPStan/59/bb/59bb86786d39e07fd42accd287cae708cce29065d5ffac7e8a3c42fe9f67da10.php
No syntax errors detected in ./.tmp/phpstan/cache/PHPStan/59/89/5989a9989e90b552ec407112849151b7cdbcbbe21bb5fd949f42483f33f3bcb2.php
No syntax errors detected in ./.tmp/phpstan/cache/PHPStan/59/56/595680d5082efeba93f9f1583cadf46067297ceb452a8d81d3515e6a536d3671.php
No syntax errors detected in ./.tmp/phpstan/cache/PHPStan/59/61/59619c9536ab4c105dcb7bca35e6395738e891724731f3c6ac40a36703249683.php
No syntax errors detected in ./.tmp/phpstan/cache/PHPStan/59/09/59092ed46f253ee85193883e1e201132e904ec20fc8b84b8a8123a586dcafa3f.php
No syntax errors detected in ./.tmp/phpstan/cache/PHPStan/59/34/593440a240a565dd0909e59af043f023b7b6790d2a89c03427fea41c5114732e.php
No syntax errors detected in ./.tmp/phpstan/cache/PHPStan/59/6e/596e726f32c10ae9cdd4a8958af5c171a4ebbff6239b0c3d5e6161207f32c005.php
No syntax errors detected in ./.tmp/phpstan/cache/PHPStan/b7/9e/b79e407b14dec5add039c15d4f8d8255fce1d52511c61fac89ee1a4171f68668.php
No syntax errors detected in ./.tmp/phpstan/cache/PHPStan/b7/1d/b71d21b0419c91608635e1cad3bb0164a8cf87673f147c9dd9f5673876fe4379.php
No syntax errors detected in ./.tmp/phpstan/cache/PHPStan/6e/ae/6eae4ba08e4e32f290c50c60d32bd3ba0157d121253f1f697d4ffb81f6afb13e.php
No syntax errors detected in ./.tmp/phpstan/cache/PHPStan/6e/32/6e32f1e7a93aee28b31fdfdd94f4dc6bf6c6ee9cd1d4496c4c18d985abef93cc.php
No syntax errors detected in ./.tmp/phpstan/cache/PHPStan/6e/23/6e2346df7456a517c872c843613114c764b635ac95c88d35f84ce4576bf48612.php
No syntax errors detected in ./.tmp/phpstan/cache/PHPStan/b9/5b/b95bfc357e4249b784cc12b34c6c13b8e335261ad35d829b187926c40bcf5749.php
No syntax errors detected in ./.tmp/phpstan/cache/PHPStan/b9/07/b907dc99cbab7909d78380e05275c536367ffd9c0dc76e9505a52990f827224e.php
No syntax errors detected in ./.tmp/phpstan/cache/PHPStan/b9/e4/b9e442cf9d8ccb7a57afd8d185d05e25a5f45dc8fc40ae8c9c6c7cb70dcdaf91.php
No syntax errors detected in ./.tmp/phpstan/cache/PHPStan/b9/92/b992efb7deb5df6ba4ada90210e9e3dd648771e59a17e83c731ef4fb7bf19ea6.php
No syntax errors detected in ./.tmp/phpstan/cache/PHPStan/b9/a7/b9a7b74ab27f10be64afb21eeb01dd79ea9000bbcf730764bf58fa78bdc450c3.php
No syntax errors detected in ./.tmp/phpstan/cache/PHPStan/e9/1e/e91ec6a3325d887d5ab8e7119b2e7189738cf85671d1ebd1399a4bb2b93b31dc.php
No syntax errors detected in ./.tmp/phpstan/cache/PHPStan/e9/56/e95672123ed1abe2fd87a47052db60e3bcc4aa059b350cdf4477f3eccdaa958c.php
No syntax errors detected in ./.tmp/phpstan/cache/PHPStan/e9/33/e933ef688ddf95dc1355fc921859ec3da360050df2460e40d21abe8c2b22aba8.php
No syntax errors detected in ./.tmp/phpstan/cache/PHPStan/e9/40/e9405968101fef14ac849c3e718b58025e9278266d133775fa750d4744a5c1df.php
No syntax errors detected in ./.tmp/phpstan/cache/PHPStan/e9/4a/e94a442ec79628032cdd90d57807bc5f6b2de1720034f577bdf4b49b85d405ee.php
No syntax errors detected in ./.tmp/phpstan/cache/PHPStan/e9/c6/e9c6c54d8230d1408afa263011c7f8322db6eaaf55a4d0ef42d739d473b1ff80.php
No syntax errors detected in ./.tmp/phpstan/cache/PHPStan/2f/8c/2f8c829df80b787e92cbf78480ffba96ee8f9ff89941181d266471f3932c4937.php
No syntax errors detected in ./.tmp/phpstan/cache/PHPStan/2f/02/2f026b2b144dcb02cf4d568d8e542200960efa59ef2b6ba8675f9e2bf128ee27.php
No syntax errors detected in ./.tmp/phpstan/cache/PHPStan/2f/f0/2ff0d0be407bb88ff706558c735203229cd56fd5e94194394eb1c83fe6e5d553.php
No syntax errors detected in ./.tmp/phpstan/cache/PHPStan/2f/4a/2f4a9118b8bfff5506c364b2264cea7bd0b44a48f59491abb8eaba7fef0bc81f.php
No syntax errors detected in ./.tmp/phpstan/cache/PHPStan/2f/af/2fafde5018fadc607d88f8615c81c4dca9b04c3ba3565f675eb30c553acb4bbb.php
No syntax errors detected in ./.tmp/phpstan/cache/PHPStan/2f/4b/2f4b43ec62597fb1c492a09a3e0afea71f00c661b532b11c40e07b5037b4cb77.php
No syntax errors detected in ./.tmp/phpstan/cache/PHPStan/2f/43/2f43ebf15c303c74eeafe45d26fd6d57723029c920efc7130af773c75417873f.php
No syntax errors detected in ./.tmp/hydra-gates.5cope9qV/php-code-copies/lib_Service_Signing_NativeSigningProvider.php
No syntax errors detected in ./.tmp/hydra-gates.5cope9qV/php-code-copies/lib_Service_Signing_GuardianAgePolicy.php
No syntax errors detected in ./.tmp/hydra-gates.5cope9qV/php-code-copies/lib_Service_SignedArtifactProducer.php
No syntax errors detected in ./.tmp/hydra-gates.5cope9qV/php-code-copies/appinfo_routes.php
No syntax errors detected in ./.tmp/hydra-gates.5cope9qV/php-code-copies/lib_Service_Signing_GuardianConsentGuard.php
No syntax errors detected in ./.tmp/hydra-gates.5cope9qV/php-code-copies/lib_Service_SettingsService.php
No syntax errors detected in ./.tmp/hydra-gates.5cope9qV/php-code-copies/lib_Controller_PortalSigningReceiverController.php
No syntax errors detected in ./.tmp/hydra-gates.5cope9qV/php-code-copies/lib_Service_Signing_ConsentBasisBuilder.php
No syntax errors detected in ./.tmp/hydra-gates.5cope9qV/php-code-copies/lib_Service_Signing_GuardianEntryPreparer.php
No syntax errors detected in ./.tmp/hydra-gates.5cope9qV/php-code-copies/lib_Service_SigningService.php
No syntax errors detected in ./.tmp/hydra-gates.5cope9qV/route-auth-masked/lib_Controller_PortalSigningReceiverController.php
No syntax errors detected in ./phpstan-bootstrap.php

=== phpcs ===
.[33mW[0m[33mW[0m[33mW[0m[33mW[0m[33mW[0m[33mW[0m[33mW[0m.[33mW[0m[33mW[0m[33mW[0m[33mW[0m[33mW[0m.[33mW[0m[33mW[0m.[33mW[0m.[33mW[0m.[33mW[0m[33mW[0m[33mW[0m[33mW[0m[33mW[0m.[33mW[0m[33mW[0m[33mW[0m[33mW[0m.[33mW[0m[33mW[0m[33mW[0m[33mW[0m[33mW[0m[33mW[0m[33mW[0m.[33mW[0m[33mW[0m[33mW[0m[33mW[0m[33mW[0m[33mW[0m..[33mW[0m[33mW[0m[33mW[0m[33mW[0m.[33mW[0m[33mW[0m[33mW[0m[33mW[0m[33mW[0m[33mW[0m 60 / 67 (90%)
[33mW[0m[33mW[0m[33mW[0m[33mW[0m.[33mW[0m[33mW[0m                                                      67 / 67 (100%)



[1mFILE: ...inde/memcap-work/lq-lanes/fq/lib/Controller/TemplateVersionsController.php[0m
--------------------------------------------------------------------------------
[1mFOUND 0 ERRORS AND 1 WARNING AFFECTING 1 LINE[0m
--------------------------------------------------------------------------------
 47 | [33mWARNING[0m | Class TemplateVersionsController is missing @spec PHPDoc tag
    |         | — link back to
    |         | openspec/specs/{capability}/spec.md#requirement-{slug}, not a
    |         | change dir
--------------------------------------------------------------------------------


[1mFILE: ...rubenlinde/memcap-work/lq-lanes/fq/lib/Controller/EmlPreviewController.php[0m
--------------------------------------------------------------------------------
[1mFOUND 0 ERRORS AND 2 WARNINGS AFFECTING 2 LINES[0m
--------------------------------------------------------------------------------
  47 | [33mWARNING[0m | Class EmlPreviewController is missing @spec PHPDoc tag —
     |         | link back to
     |         | openspec/specs/{capability}/spec.md#requirement-{slug}, not a
     |         | change dir
 130 | [33mWARNING[0m | Public method EmlPreviewController::preview() is missing @spec
     |         | PHPDoc tag — link back to
     |         | openspec/specs/{capability}/spec.md#requirement-{slug}
--------------------------------------------------------------------------------


[1mFILE: ...linde/memcap-work/lq-lanes/fq/lib/Controller/TemplatePreviewController.php[0m
--------------------------------------------------------------------------------
[1mFOUND 0 ERRORS AND 1 WARNING AFFECTING 1 LINE[0m
--------------------------------------------------------------------------------
 45 | [33mWARNING[0m | Class TemplatePreviewController is missing @spec PHPDoc tag —
    |         | link back to
    |         | openspec/specs/{capability}/spec.md#requirement-{slug}, not a
    |         | change dir
--------------------------------------------------------------------------------


[1mFILE: ...rubenlinde/memcap-work/lq-lanes/fq/lib/Controller/ValidationController.php[0m
--------------------------------------------------------------------------------
[1mFOUND 0 ERRORS AND 1 WARNING AFFECTING 1 LINE[0m
--------------------------------------------------------------------------------
 50 | [33mWARNING[0m | Class ValidationController is missing @spec PHPDoc tag — link
    |         | back to openspec/specs/{capability}/spec.md#requirement-{slug},
    |         | not a change dir
--------------------------------------------------------------------------------


[1mFILE: .../rubenlinde/memcap-work/lq-lanes/fq/lib/Controller/DashboardController.php[0m
--------------------------------------------------------------------------------
[1mFOUND 0 ERRORS AND 1 WARNING AFFECTING 1 LINE[0m
--------------------------------------------------------------------------------
 53 | [33mWARNING[0m | Class DashboardController is missing @spec PHPDoc tag — link
    |         | back to openspec/specs/{capability}/spec.md#requirement-{slug},
    |         | not a change dir
--------------------------------------------------------------------------------


[1mFILE: .../rubenlinde/memcap-work/lq-lanes/fq/lib/AppInfo/OpenRegisterAutoloader.php[0m
--------------------------------------------------------------------------------
[1mFOUND 0 ERRORS AND 1 WARNING AFFECTING 1 LINE[0m
--------------------------------------------------------------------------------
 49 | [33mWARNING[0m | Class OpenRegisterAutoloader is missing @spec PHPDoc tag —
    |         | link back to
    |         | openspec/specs/{capability}/spec.md#requirement-{slug}, not a
    |         | change dir
--------------------------------------------------------------------------------


[1mFILE: ...ubenlinde/memcap-work/lq-lanes/fq/lib/Controller/PreferencesController.php[0m
--------------------------------------------------------------------------------
[1mFOUND 0 ERRORS AND 1 WARNING AFFECTING 1 LINE[0m
--------------------------------------------------------------------------------
 78 | [33mWARNING[0m | Class PreferencesController is missing @spec PHPDoc tag —
    |         | link back to
    |         | openspec/specs/{capability}/spec.md#requirement-{slug}, not a
    |         | change dir
--------------------------------------------------------------------------------


[1mFILE: ...benlinde/memcap-work/lq-lanes/fq/lib/Controller/TemplateRequestHandler.php[0m
--------------------------------------------------------------------------------
[1mFOUND 0 ERRORS AND 1 WARNING AFFECTING 1 LINE[0m
--------------------------------------------------------------------------------
 40 | [33mWARNING[0m | Class TemplateRequestHandler is missing @spec PHPDoc tag —
    |         | link back to
    |         | openspec/specs/{capability}/spec.md#requirement-{slug}, not a
    |         | change dir
--------------------------------------------------------------------------------


[1mFILE: ...e/memcap-work/lq-lanes/fq/lib/Middleware/LanguageNegotiationMiddleware.php[0m
--------------------------------------------------------------------------------
[1mFOUND 0 ERRORS AND 2 WARNINGS AFFECTING 2 LINES[0m
--------------------------------------------------------------------------------
  64 | [33mWARNING[0m | Class LanguageNegotiationMiddleware is missing @spec PHPDoc
     |         | tag — link back to
     |         | openspec/specs/{capability}/spec.md#requirement-{slug}, not a
     |         | change dir
 213 | [33mWARNING[0m | Public method LanguageNegotiationMiddleware::afterController()
     |         | is missing @spec PHPDoc tag — link back to
     |         | openspec/specs/{capability}/spec.md#requirement-{slug}
--------------------------------------------------------------------------------


[1mFILE: .../rubenlinde/memcap-work/lq-lanes/fq/lib/AppInfo/PdfConversionRegistrar.php[0m
--------------------------------------------------------------------------------
[1mFOUND 0 ERRORS AND 1 WARNING AFFECTING 1 LINE[0m
--------------------------------------------------------------------------------
 45 | [33mWARNING[0m | Class PdfConversionRegistrar is missing @spec PHPDoc tag —
    |         | link back to
    |         | openspec/specs/{capability}/spec.md#requirement-{slug}, not a
    |         | change dir
--------------------------------------------------------------------------------


[1mFILE: ...linde/memcap-work/lq-lanes/fq/lib/Controller/StandingConsentController.php[0m
--------------------------------------------------------------------------------
[1mFOUND 0 ERRORS AND 1 WARNING AFFECTING 1 LINE[0m
--------------------------------------------------------------------------------
 49 | [33mWARNING[0m | Class StandingConsentController is missing @spec PHPDoc tag —
    |         | link back to
    |         | openspec/specs/{capability}/spec.md#requirement-{slug}, not a
    |         | change dir
--------------------------------------------------------------------------------


[1mFILE: ...rubenlinde/memcap-work/lq-lanes/fq/lib/Controller/ComparisonController.php[0m
--------------------------------------------------------------------------------
[1mFOUND 0 ERRORS AND 1 WARNING AFFECTING 1 LINE[0m
--------------------------------------------------------------------------------
 50 | [33mWARNING[0m | Class ComparisonController is missing @spec PHPDoc tag — link
    |         | back to openspec/specs/{capability}/spec.md#requirement-{slug},
    |         | not a change dir
--------------------------------------------------------------------------------


[1mFILE: ...ome/rubenlinde/memcap-work/lq-lanes/fq/lib/Controller/HealthController.php[0m
--------------------------------------------------------------------------------
[1mFOUND 0 ERRORS AND 1 WARNING AFFECTING 1 LINE[0m
--------------------------------------------------------------------------------
 62 | [33mWARNING[0m | Class HealthController is missing @spec PHPDoc tag — link
    |         | back to openspec/specs/{capability}/spec.md#requirement-{slug},
    |         | not a change dir
--------------------------------------------------------------------------------


[1mFILE: home/rubenlinde/memcap-work/lq-lanes/fq/lib/Event/SigningProvenance.php[0m
--------------------------------------------------------------------------------
[1mFOUND 0 ERRORS AND 6 WARNINGS AFFECTING 6 LINES[0m
--------------------------------------------------------------------------------
  69 | [33mWARNING[0m | Public method SigningProvenance::getSourceApp() is missing
     |         | @spec PHPDoc tag — link back to
     |         | openspec/specs/{capability}/spec.md#requirement-{slug}
  78 | [33mWARNING[0m | Public method SigningProvenance::getSubjectRegister() is
     |         | missing @spec PHPDoc tag — link back to
     |         | openspec/specs/{capability}/spec.md#requirement-{slug}
  87 | [33mWARNING[0m | Public method SigningProvenance::getSubjectSchema() is missing
     |         | @spec PHPDoc tag — link back to
     |         | openspec/specs/{capability}/spec.md#requirement-{slug}
  96 | [33mWARNING[0m | Public method SigningProvenance::getSubjectId() is missing
     |         | @spec PHPDoc tag — link back to
     |         | openspec/specs/{capability}/spec.md#requirement-{slug}
 105 | [33mWARNING[0m | Public method SigningProvenance::getExternalReference() is
     |         | missing @spec PHPDoc tag — link back to
     |         | openspec/specs/{capability}/spec.md#requirement-{slug}
 114 | [33mWARNING[0m | Public method SigningProvenance::getCorrelationId() is missing
     |         | @spec PHPDoc tag — link back to
     |         | openspec/specs/{capability}/spec.md#requirement-{slug}
--------------------------------------------------------------------------------


[1mFILE: ...me/rubenlinde/memcap-work/lq-lanes/fq/lib/AppInfo/ObjectEventRegistrar.php[0m
--------------------------------------------------------------------------------
[1mFOUND 0 ERRORS AND 3 WARNINGS AFFECTING 3 LINES[0m
--------------------------------------------------------------------------------
  56 | [33mWARNING[0m | Class ObjectEventRegistrar is missing @spec PHPDoc tag —
     |         | link back to
     |         | openspec/specs/{capability}/spec.md#requirement-{slug}, not a
     |         | change dir
  70 | [33mWARNING[0m | Public method ObjectEventRegistrar::register() is missing
     |         | @spec PHPDoc tag — link back to
     |         | openspec/specs/{capability}/spec.md#requirement-{slug}
 136 | [33mWARNING[0m | Public method ObjectEventRegistrar::boot() is missing @spec
     |         | PHPDoc tag — link back to
     |         | openspec/specs/{capability}/spec.md#requirement-{slug}
--------------------------------------------------------------------------------


[1mFILE: home/rubenlinde/memcap-work/lq-lanes/fq/lib/AppInfo/Application.php[0m
--------------------------------------------------------------------------------
[1mFOUND 0 ERRORS AND 3 WARNINGS AFFECTING 3 LINES[0m
--------------------------------------------------------------------------------
 36 | [33mWARNING[0m | Class Application is missing @spec PHPDoc tag — link back to
    |         | openspec/specs/{capability}/spec.md#requirement-{slug}, not a
    |         | change dir
 69 | [33mWARNING[0m | Public method Application::register() is missing @spec PHPDoc
    |         | tag — link back to
    |         | openspec/specs/{capability}/spec.md#requirement-{slug}
 82 | [33mWARNING[0m | Public method Application::boot() is missing @spec PHPDoc tag
    |         | — link back to
    |         | openspec/specs/{capability}/spec.md#requirement-{slug}
--------------------------------------------------------------------------------


[1mFILE: ...ubenlinde/memcap-work/lq-lanes/fq/lib/AppInfo/IntegrationLeafRegistrar.php[0m
--------------------------------------------------------------------------------
[1mFOUND 0 ERRORS AND 2 WARNINGS AFFECTING 2 LINES[0m
--------------------------------------------------------------------------------
 50 | [33mWARNING[0m | Class IntegrationLeafRegistrar is missing @spec PHPDoc tag —
    |         | link back to
    |         | openspec/specs/{capability}/spec.md#requirement-{slug}, not a
    |         | change dir
 74 | [33mWARNING[0m | Public method IntegrationLeafRegistrar::register() is missing
    |         | @spec PHPDoc tag — link back to
    |         | openspec/specs/{capability}/spec.md#requirement-{slug}
--------------------------------------------------------------------------------


[1mFILE: .../rubenlinde/memcap-work/lq-lanes/fq/lib/Controller/TemplatesController.php[0m
--------------------------------------------------------------------------------
[1mFOUND 0 ERRORS AND 1 WARNING AFFECTING 1 LINE[0m
--------------------------------------------------------------------------------
 48 | [33mWARNING[0m | Class TemplatesController is missing @spec PHPDoc tag — link
    |         | back to openspec/specs/{capability}/spec.md#requirement-{slug},
    |         | not a change dir
--------------------------------------------------------------------------------


[1mFILE: ...nlinde/memcap-work/lq-lanes/fq/lib/Event/DocumentSigningRequestedEvent.php[0m
--------------------------------------------------------------------------------
[1mFOUND 0 ERRORS AND 16 WARNINGS AFFECTING 16 LINES[0m
--------------------------------------------------------------------------------
 116 | [33mWARNING[0m | Public method DocumentSigningRequestedEvent::getProvenance()
     |         | is missing @spec PHPDoc tag — link back to
     |         | openspec/specs/{capability}/spec.md#requirement-{slug}
 125 | [33mWARNING[0m | Public method DocumentSigningRequestedEvent::getSourceApp() is
     |         | missing @spec PHPDoc tag — link back to
     |         | openspec/specs/{capability}/spec.md#requirement-{slug}
 134 | [33mWARNING[0m | Public method
     |         | DocumentSigningRequestedEvent::getSubjectRegister() is missing
     |         | @spec PHPDoc tag — link back to
     |         | openspec/specs/{capability}/spec.md#requirement-{slug}
 143 | [33mWARNING[0m | Public method
     |         | DocumentSigningRequestedEvent::getSubjectSchema() is missing
     |         | @spec PHPDoc tag — link back to
     |         | openspec/specs/{capability}/spec.md#requirement-{slug}
 152 | [33mWARNING[0m | Public method DocumentSigningRequestedEvent::getSubjectId() is
     |         | missing @spec PHPDoc tag — link back to
     |         | openspec/specs/{capability}/spec.md#requirement-{slug}
 161 | [33mWARNING[0m | Public method DocumentSigningRequestedEvent::getSubjectLabel()
     |         | is missing @spec PHPDoc tag — link back to
     |         | openspec/specs/{capability}/spec.md#requirement-{slug}
 170 | [33mWARNING[0m | Public method
     |         | DocumentSigningRequestedEvent::getDocumentReference() is
     |         | missing @spec PHPDoc tag — link back to
     |         | openspec/specs/{capability}/spec.md#requirement-{slug}
 179 | [33mWARNING[0m | Public method DocumentSigningRequestedEvent::getSigners() is
     |         | missing @spec PHPDoc tag — link back to
     |         | openspec/specs/{capability}/spec.md#requirement-{slug}
 188 | [33mWARNING[0m | Public method
     |         | DocumentSigningRequestedEvent::getSignatureLevel() is missing
     |         | @spec PHPDoc tag — link back to
     |         | openspec/specs/{capability}/spec.md#requirement-{slug}
 197 | [33mWARNING[0m | Public method DocumentSigningRequestedEvent::getSigningMode()
     |         | is missing @spec PHPDoc tag — link back to
     |         | openspec/specs/{capability}/spec.md#requirement-{slug}
 206 | [33mWARNING[0m | Public method
     |         | DocumentSigningRequestedEvent::getExternalReference() is
     |         | missing @spec PHPDoc tag — link back to
     |         | openspec/specs/{capability}/spec.md#requirement-{slug}
 215 | [33mWARNING[0m | Public method
     |         | DocumentSigningRequestedEvent::getCorrelationId() is missing
     |         | @spec PHPDoc tag — link back to
     |         | openspec/specs/{capability}/spec.md#requirement-{slug}
 224 | [33mWARNING[0m | Public method
     |         | DocumentSigningRequestedEvent::getSigningRequestId() is
     |         | missing @spec PHPDoc tag — link back to
     |         | openspec/specs/{capability}/spec.md#requirement-{slug}
 235 | [33mWARNING[0m | Public method
     |         | DocumentSigningRequestedEvent::setSigningRequestId() is
     |         | missing @spec PHPDoc tag — link back to
     |         | openspec/specs/{capability}/spec.md#requirement-{slug}
 245 | [33mWARNING[0m | Public method DocumentSigningRequestedEvent::isHandled() is
     |         | missing @spec PHPDoc tag — link back to
     |         | openspec/specs/{capability}/spec.md#requirement-{slug}
 256 | [33mWARNING[0m | Public method DocumentSigningRequestedEvent::setHandled() is
     |         | missing @spec PHPDoc tag — link back to
     |         | openspec/specs/{capability}/spec.md#requirement-{slug}
--------------------------------------------------------------------------------


[1mFILE: home/rubenlinde/memcap-work/lq-lanes/fq/lib/Service/EmlStructureReader.php[0m
--------------------------------------------------------------------------------
[1mFOUND 0 ERRORS AND 5 WARNINGS AFFECTING 5 LINES[0m
--------------------------------------------------------------------------------
  37 | [33mWARNING[0m | Class EmlStructureReader is missing @spec PHPDoc tag — link
     |         | back to
     |         | openspec/specs/{capability}/spec.md#requirement-{slug}, not a
     |         | change dir
  50 | [33mWARNING[0m | Public method EmlStructureReader::prop() is missing @spec
     |         | PHPDoc tag — link back to
     |         | openspec/specs/{capability}/spec.md#requirement-{slug}
  75 | [33mWARNING[0m | Public method EmlStructureReader::headers() is missing @spec
     |         | PHPDoc tag — link back to
     |         | openspec/specs/{capability}/spec.md#requirement-{slug}
 152 | [33mWARNING[0m | Public method EmlStructureReader::attachments() is missing
     |         | @spec PHPDoc tag — link back to
     |         | openspec/specs/{capability}/spec.md#requirement-{slug}
 168 | [33mWARNING[0m | Public method EmlStructureReader::inlineImages() is missing
     |         | @spec PHPDoc tag — link back to
     |         | openspec/specs/{capability}/spec.md#requirement-{slug}
--------------------------------------------------------------------------------


[1mFILE: ...e/rubenlinde/memcap-work/lq-lanes/fq/lib/AppInfo/RegistrationBootstrap.php[0m
--------------------------------------------------------------------------------
[1mFOUND 0 ERRORS AND 2 WARNINGS AFFECTING 2 LINES[0m
--------------------------------------------------------------------------------
  53 | [33mWARNING[0m | Class RegistrationBootstrap is missing @spec PHPDoc tag —
     |         | link back to
     |         | openspec/specs/{capability}/spec.md#requirement-{slug}, not a
     |         | change dir
 157 | [33mWARNING[0m | Public method RegistrationBootstrap::boot() is missing @spec
     |         | PHPDoc tag — link back to
     |         | openspec/specs/{capability}/spec.md#requirement-{slug}
--------------------------------------------------------------------------------


[1mFILE: home/rubenlinde/memcap-work/lq-lanes/fq/lib/Controller/PrintController.php[0m
--------------------------------------------------------------------------------
[1mFOUND 0 ERRORS AND 1 WARNING AFFECTING 1 LINE[0m
--------------------------------------------------------------------------------
 54 | [33mWARNING[0m | Class PrintController is missing @spec PHPDoc tag — link back
    |         | to openspec/specs/{capability}/spec.md#requirement-{slug}, not
    |         | a change dir
--------------------------------------------------------------------------------


[1mFILE: ...e/rubenlinde/memcap-work/lq-lanes/fq/lib/Service/EmlAttachmentRenderer.php[0m
--------------------------------------------------------------------------------
[1mFOUND 0 ERRORS AND 6 WARNINGS AFFECTING 6 LINES[0m
--------------------------------------------------------------------------------
  44 | [33mWARNING[0m | Class EmlAttachmentRenderer is missing @spec PHPDoc tag —
     |         | link back to
     |         | openspec/specs/{capability}/spec.md#requirement-{slug}, not a
     |         | change dir
 141 | [33mWARNING[0m | Public method EmlAttachmentRenderer::attachmentsOf() is
     |         | missing @spec PHPDoc tag — link back to
     |         | openspec/specs/{capability}/spec.md#requirement-{slug}
 152 | [33mWARNING[0m | Public method EmlAttachmentRenderer::metaOf() is missing @spec
     |         | PHPDoc tag — link back to
     |         | openspec/specs/{capability}/spec.md#requirement-{slug}
 189 | [33mWARNING[0m | Public method EmlAttachmentRenderer::writeDivider() is missing
     |         | @spec PHPDoc tag — link back to
     |         | openspec/specs/{capability}/spec.md#requirement-{slug}
 240 | [33mWARNING[0m | Public method EmlAttachmentRenderer::renderBytes() is missing
     |         | @spec PHPDoc tag — link back to
     |         | openspec/specs/{capability}/spec.md#requirement-{slug}
 284 | [33mWARNING[0m | Public method EmlAttachmentRenderer::isRenderable() is missing
     |         | @spec PHPDoc tag — link back to
     |         | openspec/specs/{capability}/spec.md#requirement-{slug}
--------------------------------------------------------------------------------


[1mFILE: ...de/memcap-work/lq-lanes/fq/lib/Service/Redaction/DownloadAgreementGate.php[0m
--------------------------------------------------------------------------------
[1mFOUND 0 ERRORS AND 1 WARNING AFFECTING 1 LINE[0m
--------------------------------------------------------------------------------
 53 | [33mWARNING[0m | Class DownloadAgreementGate is missing @spec PHPDoc tag —
    |         | link back to
    |         | openspec/specs/{capability}/spec.md#requirement-{slug}, not a
    |         | change dir
--------------------------------------------------------------------------------


[1mFILE: ...me/rubenlinde/memcap-work/lq-lanes/fq/lib/Service/FolderFileEnumerator.php[0m
--------------------------------------------------------------------------------
[1mFOUND 0 ERRORS AND 1 WARNING AFFECTING 1 LINE[0m
--------------------------------------------------------------------------------
 48 | [33mWARNING[0m | Class FolderFileEnumerator is missing @spec PHPDoc tag — link
    |         | back to openspec/specs/{capability}/spec.md#requirement-{slug},
    |         | not a change dir
--------------------------------------------------------------------------------


[1mFILE: .../rubenlinde/memcap-work/lq-lanes/fq/lib/Service/TemplatePreviewService.php[0m
--------------------------------------------------------------------------------
[1mFOUND 0 ERRORS AND 1 WARNING AFFECTING 1 LINE[0m
--------------------------------------------------------------------------------
 39 | [33mWARNING[0m | Class TemplatePreviewService is missing @spec PHPDoc tag —
    |         | link back to
    |         | openspec/specs/{capability}/spec.md#requirement-{slug}, not a
    |         | change dir
--------------------------------------------------------------------------------


[1mFILE: ...p-work/lq-lanes/fq/lib/Service/Redaction/RedactionReviewMarkRepository.php[0m
--------------------------------------------------------------------------------
[1mFOUND 0 ERRORS AND 1 WARNING AFFECTING 1 LINE[0m
--------------------------------------------------------------------------------
 32 | [33mWARNING[0m | Class RedactionReviewMarkRepository is missing @spec PHPDoc tag
    |         | — link back to
    |         | openspec/specs/{capability}/spec.md#requirement-{slug}, not a
    |         | change dir
--------------------------------------------------------------------------------


[1mFILE: ...benlinde/memcap-work/lq-lanes/fq/lib/Event/IntakeDocumentReceivedEvent.php[0m
--------------------------------------------------------------------------------
[1mFOUND 0 ERRORS AND 8 WARNINGS AFFECTING 8 LINES[0m
--------------------------------------------------------------------------------
 110 | [33mWARNING[0m | Public method IntakeDocumentReceivedEvent::getChannel() is
     |         | missing @spec PHPDoc tag — link back to
     |         | openspec/specs/{capability}/spec.md#requirement-{slug}
 120 | [33mWARNING[0m | Public method IntakeDocumentReceivedEvent::getFileId() is
     |         | missing @spec PHPDoc tag — link back to
     |         | openspec/specs/{capability}/spec.md#requirement-{slug}
 130 | [33mWARNING[0m | Public method IntakeDocumentReceivedEvent::getFileName() is
     |         | missing @spec PHPDoc tag — link back to
     |         | openspec/specs/{capability}/spec.md#requirement-{slug}
 140 | [33mWARNING[0m | Public method IntakeDocumentReceivedEvent::getSubject() is
     |         | missing @spec PHPDoc tag — link back to
     |         | openspec/specs/{capability}/spec.md#requirement-{slug}
 150 | [33mWARNING[0m | Public method IntakeDocumentReceivedEvent::getSender() is
     |         | missing @spec PHPDoc tag — link back to
     |         | openspec/specs/{capability}/spec.md#requirement-{slug}
 160 | [33mWARNING[0m | Public method IntakeDocumentReceivedEvent::getSourceRef() is
     |         | missing @spec PHPDoc tag — link back to
     |         | openspec/specs/{capability}/spec.md#requirement-{slug}
 170 | [33mWARNING[0m | Public method IntakeDocumentReceivedEvent::getReceivedAt() is
     |         | missing @spec PHPDoc tag — link back to
     |         | openspec/specs/{capability}/spec.md#requirement-{slug}
 185 | [33mWARNING[0m | Public method IntakeDocumentReceivedEvent::getArrivedWith() is
     |         | missing @spec PHPDoc tag — link back to
     |         | openspec/specs/{capability}/spec.md#requirement-{slug}
--------------------------------------------------------------------------------


[1mFILE: ...cap-work/lq-lanes/fq/lib/Service/Redaction/DownloadAgreementRepository.php[0m
--------------------------------------------------------------------------------
[1mFOUND 0 ERRORS AND 1 WARNING AFFECTING 1 LINE[0m
--------------------------------------------------------------------------------
 34 | [33mWARNING[0m | Class DownloadAgreementRepository is missing @spec PHPDoc tag
    |         | — link back to
    |         | openspec/specs/{capability}/spec.md#requirement-{slug}, not a
    |         | change dir
--------------------------------------------------------------------------------


[1mFILE: home/rubenlinde/memcap-work/lq-lanes/fq/lib/Service/TemplateService.php[0m
--------------------------------------------------------------------------------
[1mFOUND 0 ERRORS AND 1 WARNING AFFECTING 1 LINE[0m
--------------------------------------------------------------------------------
 49 | [33mWARNING[0m | Class TemplateService is missing @spec PHPDoc tag — link back
    |         | to openspec/specs/{capability}/spec.md#requirement-{slug}, not
    |         | a change dir
--------------------------------------------------------------------------------


[1mFILE: ...linde/memcap-work/lq-lanes/fq/lib/Service/Editing/OdpPresentationCodec.php[0m
--------------------------------------------------------------------------------
[1mFOUND 0 ERRORS AND 1 WARNING AFFECTING 1 LINE[0m
--------------------------------------------------------------------------------
 42 | [33mWARNING[0m | Class OdpPresentationCodec is missing @spec PHPDoc tag — link
    |         | back to openspec/specs/{capability}/spec.md#requirement-{slug},
    |         | not a change dir
--------------------------------------------------------------------------------


[1mFILE: home/rubenlinde/memcap-work/lq-lanes/fq/lib/Service/EmlPreviewService.php[0m
--------------------------------------------------------------------------------
[1mFOUND 0 ERRORS AND 2 WARNINGS AFFECTING 2 LINES[0m
--------------------------------------------------------------------------------
 48 | [33mWARNING[0m | Class EmlPreviewService is missing @spec PHPDoc tag — link
    |         | back to openspec/specs/{capability}/spec.md#requirement-{slug},
    |         | not a change dir
 90 | [33mWARNING[0m | Public method EmlPreviewService::renderOriginalPreview() is
    |         | missing @spec PHPDoc tag — link back to
    |         | openspec/specs/{capability}/spec.md#requirement-{slug}
--------------------------------------------------------------------------------


[1mFILE: ...ubenlinde/memcap-work/lq-lanes/fq/lib/Service/DossierPlaceholderRanker.php[0m
--------------------------------------------------------------------------------
[1mFOUND 0 ERRORS AND 2 WARNINGS AFFECTING 2 LINES[0m
--------------------------------------------------------------------------------
  47 | [33mWARNING[0m | Class DossierPlaceholderRanker is missing @spec PHPDoc tag —
     |         | link back to
     |         | openspec/specs/{capability}/spec.md#requirement-{slug}, not a
     |         | change dir
 150 | [33mWARNING[0m | Public method DossierPlaceholderRanker::sortKey() is missing
     |         | @spec PHPDoc tag — link back to
     |         | openspec/specs/{capability}/spec.md#requirement-{slug}
--------------------------------------------------------------------------------


[1mFILE: ...e/rubenlinde/memcap-work/lq-lanes/fq/lib/Service/EmlPdfAssemblyService.php[0m
--------------------------------------------------------------------------------
[1mFOUND 0 ERRORS AND 2 WARNINGS AFFECTING 2 LINES[0m
--------------------------------------------------------------------------------
  52 | [33mWARNING[0m | Class EmlPdfAssemblyService is missing @spec PHPDoc tag —
     |         | link back to
     |         | openspec/specs/{capability}/spec.md#requirement-{slug}, not a
     |         | change dir
 150 | [33mWARNING[0m | Public method EmlPdfAssemblyService::assemble() is missing
     |         | @spec PHPDoc tag — link back to
     |         | openspec/specs/{capability}/spec.md#requirement-{slug}
--------------------------------------------------------------------------------


[1mFILE: ...benlinde/memcap-work/lq-lanes/fq/lib/Service/AnonymizationResultParser.php[0m
--------------------------------------------------------------------------------
[1mFOUND 0 ERRORS AND 1 WARNING AFFECTING 1 LINE[0m
--------------------------------------------------------------------------------
 37 | [33mWARNING[0m | Class AnonymizationResultParser is missing @spec PHPDoc tag —
    |         | link back to
    |         | openspec/specs/{capability}/spec.md#requirement-{slug}, not a
    |         | change dir
--------------------------------------------------------------------------------


[1mFILE: ...e/rubenlinde/memcap-work/lq-lanes/fq/lib/Controller/MetadataController.php[0m
--------------------------------------------------------------------------------
[1mFOUND 0 ERRORS AND 1 WARNING AFFECTING 1 LINE[0m
--------------------------------------------------------------------------------
 46 | [33mWARNING[0m | Class MetadataController is missing @spec PHPDoc tag — link
    |         | back to openspec/specs/{capability}/spec.md#requirement-{slug},
    |         | not a change dir
--------------------------------------------------------------------------------


[1mFILE: .../memcap-work/lq-lanes/fq/lib/Service/Redaction/PublicationListComposer.php[0m
--------------------------------------------------------------------------------
[1mFOUND 0 ERRORS AND 1 WARNING AFFECTING 1 LINE[0m
--------------------------------------------------------------------------------
 43 | [33mWARNING[0m | Class PublicationListComposer is missing @spec PHPDoc tag —
    |         | link back to
    |         | openspec/specs/{capability}/spec.md#requirement-{slug}, not a
    |         | change dir
--------------------------------------------------------------------------------


[1mFILE: .../rubenlinde/memcap-work/lq-lanes/fq/lib/Service/Conversion/MpdfBackend.php[0m
--------------------------------------------------------------------------------
[1mFOUND 0 ERRORS AND 5 WARNINGS AFFECTING 5 LINES[0m
--------------------------------------------------------------------------------
  51 | [33mWARNING[0m | Class MpdfBackend is missing @spec PHPDoc tag — link back to
     |         | openspec/specs/{capability}/spec.md#requirement-{slug}, not a
     |         | change dir
  84 | [33mWARNING[0m | Public method MpdfBackend::name() is missing @spec PHPDoc tag
     |         | — link back to
     |         | openspec/specs/{capability}/spec.md#requirement-{slug}
  95 | [33mWARNING[0m | Public method MpdfBackend::isAvailable() is missing @spec
     |         | PHPDoc tag — link back to
     |         | openspec/specs/{capability}/spec.md#requirement-{slug}
 109 | [33mWARNING[0m | Public method MpdfBackend::canHandle() is missing @spec PHPDoc
     |         | tag — link back to
     |         | openspec/specs/{capability}/spec.md#requirement-{slug}
 149 | [33mWARNING[0m | Public method MpdfBackend::convert() is missing @spec PHPDoc
     |         | tag — link back to
     |         | openspec/specs/{capability}/spec.md#requirement-{slug}
--------------------------------------------------------------------------------


[1mFILE: ...ork/lq-lanes/fq/lib/Service/Redaction/RedactionIrreversibilityVerifier.php[0m
--------------------------------------------------------------------------------
[1mFOUND 0 ERRORS AND 1 WARNING AFFECTING 1 LINE[0m
--------------------------------------------------------------------------------
 49 | [33mWARNING[0m | Class RedactionIrreversibilityVerifier is missing @spec PHPDoc
    |         | tag — link back to
    |         | openspec/specs/{capability}/spec.md#requirement-{slug}, not a
    |         | change dir
--------------------------------------------------------------------------------


[1mFILE: ...linde/memcap-work/lq-lanes/fq/lib/Service/Editing/XlsxSpreadsheetCodec.php[0m
--------------------------------------------------------------------------------
[1mFOUND 0 ERRORS AND 1 WARNING AFFECTING 1 LINE[0m
--------------------------------------------------------------------------------
 38 | [33mWARNING[0m | Class XlsxSpreadsheetCodec is missing @spec PHPDoc tag — link
    |         | back to openspec/specs/{capability}/spec.md#requirement-{slug},
    |         | not a change dir
--------------------------------------------------------------------------------


[1mFILE: ...rubenlinde/memcap-work/lq-lanes/fq/lib/Service/DossierObjectRepository.php[0m
--------------------------------------------------------------------------------
[1mFOUND 0 ERRORS AND 3 WARNINGS AFFECTING 3 LINES[0m
--------------------------------------------------------------------------------
  49 | [33mWARNING[0m | Class DossierObjectRepository is missing @spec PHPDoc tag —
     |         | link back to
     |         | openspec/specs/{capability}/spec.md#requirement-{slug}, not a
     |         | change dir
  91 | [33mWARNING[0m | Public method DossierObjectRepository::resolveDossierFolder()
     |         | is missing @spec PHPDoc tag — link back to
     |         | openspec/specs/{capability}/spec.md#requirement-{slug}
 183 | [33mWARNING[0m | Public method DossierObjectRepository::loadDossierContext() is
     |         | missing @spec PHPDoc tag — link back to
     |         | openspec/specs/{capability}/spec.md#requirement-{slug}
--------------------------------------------------------------------------------


[1mFILE: ...linde/memcap-work/lq-lanes/fq/lib/Service/Redaction/RedactionLeakRoute.php[0m
--------------------------------------------------------------------------------
[1mFOUND 0 ERRORS AND 1 WARNING AFFECTING 1 LINE[0m
--------------------------------------------------------------------------------
 45 | [33mWARNING[0m | Class RedactionLeakRoute is missing @spec PHPDoc tag — link
    |         | back to openspec/specs/{capability}/spec.md#requirement-{slug},
    |         | not a change dir
--------------------------------------------------------------------------------


[1mFILE: .../memcap-work/lq-lanes/fq/lib/Service/Redaction/AnonymizationLinkReader.php[0m
--------------------------------------------------------------------------------
[1mFOUND 0 ERRORS AND 1 WARNING AFFECTING 1 LINE[0m
--------------------------------------------------------------------------------
 31 | [33mWARNING[0m | Class AnonymizationLinkReader is missing @spec PHPDoc tag —
    |         | link back to
    |         | openspec/specs/{capability}/spec.md#requirement-{slug}, not a
    |         | change dir
--------------------------------------------------------------------------------


[1mFILE: ...me/rubenlinde/memcap-work/lq-lanes/fq/lib/Controller/DossierController.php[0m
--------------------------------------------------------------------------------
[1mFOUND 0 ERRORS AND 2 WARNINGS AFFECTING 2 LINES[0m
--------------------------------------------------------------------------------
  68 | [33mWARNING[0m | Class DossierController is missing @spec PHPDoc tag — link
     |         | back to
     |         | openspec/specs/{capability}/spec.md#requirement-{slug}, not a
     |         | change dir
 107 | [33mWARNING[0m | Public method DossierController::generateGrondslagenSummary()
     |         | is missing @spec PHPDoc tag — link back to
     |         | openspec/specs/{capability}/spec.md#requirement-{slug}
--------------------------------------------------------------------------------


[1mFILE: ...ome/rubenlinde/memcap-work/lq-lanes/fq/lib/Service/TextAnalysisService.php[0m
--------------------------------------------------------------------------------
[1mFOUND 0 ERRORS AND 1 WARNING AFFECTING 1 LINE[0m
--------------------------------------------------------------------------------
 40 | [33mWARNING[0m | Class TextAnalysisService is missing @spec PHPDoc tag — link
    |         | back to openspec/specs/{capability}/spec.md#requirement-{slug},
    |         | not a change dir
--------------------------------------------------------------------------------


[1mFILE: ...ubenlinde/memcap-work/lq-lanes/fq/lib/Service/LegalBasesSummaryService.php[0m
--------------------------------------------------------------------------------
[1mFOUND 0 ERRORS AND 2 WARNINGS AFFECTING 2 LINES[0m
--------------------------------------------------------------------------------
  66 | [33mWARNING[0m | Class LegalBasesSummaryService is missing @spec PHPDoc tag —
     |         | link back to
     |         | openspec/specs/{capability}/spec.md#requirement-{slug}, not a
     |         | change dir
 275 | [33mWARNING[0m | Public method LegalBasesSummaryService::authorizeAccess() is
     |         | missing @spec PHPDoc tag — link back to
     |         | openspec/specs/{capability}/spec.md#requirement-{slug}
--------------------------------------------------------------------------------


[1mFILE: ...e/rubenlinde/memcap-work/lq-lanes/fq/lib/Service/Editing/GuardedWriter.php[0m
--------------------------------------------------------------------------------
[1mFOUND 0 ERRORS AND 1 WARNING AFFECTING 1 LINE[0m
--------------------------------------------------------------------------------
 51 | [33mWARNING[0m | Class GuardedWriter is missing @spec PHPDoc tag — link back
    |         | to openspec/specs/{capability}/spec.md#requirement-{slug}, not
    |         | a change dir
--------------------------------------------------------------------------------


[1mFILE: home/rubenlinde/memcap-work/lq-lanes/fq/lib/Service/LanguageClassifier.php[0m
--------------------------------------------------------------------------------
[1mFOUND 0 ERRORS AND 1 WARNING AFFECTING 1 LINE[0m
--------------------------------------------------------------------------------
 35 | [33mWARNING[0m | Class LanguageClassifier is missing @spec PHPDoc tag — link
    |         | back to openspec/specs/{capability}/spec.md#requirement-{slug},
    |         | not a change dir
--------------------------------------------------------------------------------


[1mFILE: ...memcap-work/lq-lanes/fq/lib/Service/Redaction/RedactionVerdictRecorder.php[0m
--------------------------------------------------------------------------------
[1mFOUND 0 ERRORS AND 1 WARNING AFFECTING 1 LINE[0m
--------------------------------------------------------------------------------
 47 | [33mWARNING[0m | Class RedactionVerdictRecorder is missing @spec PHPDoc tag —
    |         | link back to
    |         | openspec/specs/{capability}/spec.md#requirement-{slug}, not a
    |         | change dir
--------------------------------------------------------------------------------


[1mFILE: home/rubenlinde/memcap-work/lq-lanes/fq/lib/Service/EmlTemplateLoader.php[0m
--------------------------------------------------------------------------------
[1mFOUND 0 ERRORS AND 2 WARNINGS AFFECTING 2 LINES[0m
--------------------------------------------------------------------------------
 36 | [33mWARNING[0m | Class EmlTemplateLoader is missing @spec PHPDoc tag — link
    |         | back to openspec/specs/{capability}/spec.md#requirement-{slug},
    |         | not a change dir
 50 | [33mWARNING[0m | Public method EmlTemplateLoader::load() is missing @spec PHPDoc
    |         | tag — link back to
    |         | openspec/specs/{capability}/spec.md#requirement-{slug}
--------------------------------------------------------------------------------


[1mFILE: ...nde/memcap-work/lq-lanes/fq/lib/Service/Redaction/DetectionRunIdentity.php[0m
--------------------------------------------------------------------------------
[1mFOUND 0 ERRORS AND 1 WARNING AFFECTING 1 LINE[0m
--------------------------------------------------------------------------------
 40 | [33mWARNING[0m | Class DetectionRunIdentity is missing @spec PHPDoc tag — link
    |         | back to openspec/specs/{capability}/spec.md#requirement-{slug},
    |         | not a change dir
--------------------------------------------------------------------------------


[1mFILE: home/rubenlinde/memcap-work/lq-lanes/fq/lib/Service/BatchUploadService.php[0m
--------------------------------------------------------------------------------
[1mFOUND 0 ERRORS AND 2 WARNINGS AFFECTING 2 LINES[0m
--------------------------------------------------------------------------------
 39 | [33mWARNING[0m | Class BatchUploadService is missing @spec PHPDoc tag — link
    |         | back to openspec/specs/{capability}/spec.md#requirement-{slug},
    |         | not a change dir
 60 | [33mWARNING[0m | Public method BatchUploadService::getUserId() is missing @spec
    |         | PHPDoc tag — link back to
    |         | openspec/specs/{capability}/spec.md#requirement-{slug}
--------------------------------------------------------------------------------


[1mFILE: ...benlinde/memcap-work/lq-lanes/fq/lib/Service/Conversion/PhpWordBackend.php[0m
--------------------------------------------------------------------------------
[1mFOUND 0 ERRORS AND 5 WARNINGS AFFECTING 5 LINES[0m
--------------------------------------------------------------------------------
  64 | [33mWARNING[0m | Class PhpWordBackend is missing @spec PHPDoc tag — link back
     |         | to openspec/specs/{capability}/spec.md#requirement-{slug}, not
     |         | a change dir
 128 | [33mWARNING[0m | Public method PhpWordBackend::name() is missing @spec PHPDoc
     |         | tag — link back to
     |         | openspec/specs/{capability}/spec.md#requirement-{slug}
 139 | [33mWARNING[0m | Public method PhpWordBackend::isAvailable() is missing @spec
     |         | PHPDoc tag — link back to
     |         | openspec/specs/{capability}/spec.md#requirement-{slug}
 156 | [33mWARNING[0m | Public method PhpWordBackend::canHandle() is missing @spec
     |         | PHPDoc tag — link back to
     |         | openspec/specs/{capability}/spec.md#requirement-{slug}
 185 | [33mWARNING[0m | Public method PhpWordBackend::convert() is missing @spec
     |         | PHPDoc tag — link back to
     |         | openspec/specs/{capability}/spec.md#requirement-{slug}
--------------------------------------------------------------------------------


[1mFILE: ...ome/rubenlinde/memcap-work/lq-lanes/fq/lib/Controller/PolicyController.php[0m
--------------------------------------------------------------------------------
[1mFOUND 0 ERRORS AND 5 WARNINGS AFFECTING 5 LINES[0m
--------------------------------------------------------------------------------
  47 | [33mWARNING[0m | Class PolicyController is missing @spec PHPDoc tag — link
     |         | back to
     |         | openspec/specs/{capability}/spec.md#requirement-{slug}, not a
     |         | change dir
  78 | [33mWARNING[0m | Public method PolicyController::indexProhibitions() is missing
     |         | @spec PHPDoc tag — link back to
     |         | openspec/specs/{capability}/spec.md#requirement-{slug}
 105 | [33mWARNING[0m | Public method PolicyController::showProhibition() is missing
     |         | @spec PHPDoc tag — link back to
     |         | openspec/specs/{capability}/spec.md#requirement-{slug}
 135 | [33mWARNING[0m | Public method PolicyController::createProhibition() is missing
     |         | @spec PHPDoc tag — link back to
     |         | openspec/specs/{capability}/spec.md#requirement-{slug}
 165 | [33mWARNING[0m | Public method PolicyController::updateProhibition() is missing
     |         | @spec PHPDoc tag — link back to
     |         | openspec/specs/{capability}/spec.md#requirement-{slug}
--------------------------------------------------------------------------------


[1mFILE: ...mcap-work/lq-lanes/fq/lib/Service/SubjectErasure/SubjectErasurePreview.php[0m
--------------------------------------------------------------------------------
[1mFOUND 0 ERRORS AND 1 WARNING AFFECTING 1 LINE[0m
--------------------------------------------------------------------------------
 47 | [33mWARNING[0m | Class SubjectErasurePreview is missing @spec PHPDoc tag —
    |         | link back to
    |         | openspec/specs/{capability}/spec.md#requirement-{slug}, not a
    |         | change dir
--------------------------------------------------------------------------------


[1mFILE: .../rubenlinde/memcap-work/lq-lanes/fq/lib/Service/DossierEntityCollector.php[0m
--------------------------------------------------------------------------------
[1mFOUND 0 ERRORS AND 3 WARNINGS AFFECTING 3 LINES[0m
--------------------------------------------------------------------------------
  45 | [33mWARNING[0m | Class DossierEntityCollector is missing @spec PHPDoc tag —
     |         | link back to
     |         | openspec/specs/{capability}/spec.md#requirement-{slug}, not a
     |         | change dir
  95 | [33mWARNING[0m | Public method DossierEntityCollector::walkDossierFiles() is
     |         | missing @spec PHPDoc tag — link back to
     |         | openspec/specs/{capability}/spec.md#requirement-{slug}
 144 | [33mWARNING[0m | Public method
     |         | DossierEntityCollector::loadAnonymisedEntitiesForFile() is
     |         | missing @spec PHPDoc tag — link back to
     |         | openspec/specs/{capability}/spec.md#requirement-{slug}
--------------------------------------------------------------------------------


[1mFILE: ...inde/memcap-work/lq-lanes/fq/lib/Service/Intake/ScanFolderIntakeFeeder.php[0m
--------------------------------------------------------------------------------
[1mFOUND 0 ERRORS AND 1 WARNING AFFECTING 1 LINE[0m
--------------------------------------------------------------------------------
 48 | [33mWARNING[0m | Class ScanFolderIntakeFeeder is missing @spec PHPDoc tag —
    |         | link back to
    |         | openspec/specs/{capability}/spec.md#requirement-{slug}, not a
    |         | change dir
--------------------------------------------------------------------------------


[1mFILE: ...e/rubenlinde/memcap-work/lq-lanes/fq/lib/Service/Conversion/EmlBackend.php[0m
--------------------------------------------------------------------------------
[1mFOUND 0 ERRORS AND 5 WARNINGS AFFECTING 5 LINES[0m
--------------------------------------------------------------------------------
  66 | [33mWARNING[0m | Class EmlBackend is missing @spec PHPDoc tag — link back to
     |         | openspec/specs/{capability}/spec.md#requirement-{slug}, not a
     |         | change dir
 107 | [33mWARNING[0m | Public method EmlBackend::name() is missing @spec PHPDoc tag
     |         | — link back to
     |         | openspec/specs/{capability}/spec.md#requirement-{slug}
 119 | [33mWARNING[0m | Public method EmlBackend::isAvailable() is missing @spec
     |         | PHPDoc tag — link back to
     |         | openspec/specs/{capability}/spec.md#requirement-{slug}
 146 | [33mWARNING[0m | Public method EmlBackend::canHandle() is missing @spec PHPDoc
     |         | tag — link back to
     |         | openspec/specs/{capability}/spec.md#requirement-{slug}
 167 | [33mWARNING[0m | Public method EmlBackend::convert() is missing @spec PHPDoc
     |         | tag — link back to
     |         | openspec/specs/{capability}/spec.md#requirement-{slug}
--------------------------------------------------------------------------------


[1mFILE: ...de/memcap-work/lq-lanes/fq/lib/Service/Conversion/OutputLayoutResolver.php[0m
--------------------------------------------------------------------------------
[1mFOUND 0 ERRORS AND 6 WARNINGS AFFECTING 6 LINES[0m
--------------------------------------------------------------------------------
  57 | [33mWARNING[0m | Class OutputLayoutResolver is missing @spec PHPDoc tag —
     |         | link back to
     |         | openspec/specs/{capability}/spec.md#requirement-{slug}, not a
     |         | change dir
 106 | [33mWARNING[0m | Public method OutputLayoutResolver::resolveBatchDestination()
     |         | is missing @spec PHPDoc tag — link back to
     |         | openspec/specs/{capability}/spec.md#requirement-{slug}
 135 | [33mWARNING[0m | Public method
     |         | OutputLayoutResolver::stripLegacyAnonymizedSuffix() is missing
     |         | @spec PHPDoc tag — link back to
     |         | openspec/specs/{capability}/spec.md#requirement-{slug}
 152 | [33mWARNING[0m | Public method OutputLayoutResolver::isLegacyAnonymizedOutput()
     |         | is missing @spec PHPDoc tag — link back to
     |         | openspec/specs/{capability}/spec.md#requirement-{slug}
 169 | [33mWARNING[0m | Public method OutputLayoutResolver::hasAnonymizedSuffix() is
     |         | missing @spec PHPDoc tag — link back to
     |         | openspec/specs/{capability}/spec.md#requirement-{slug}
 180 | [33mWARNING[0m | Public method OutputLayoutResolver::readSubfolderName() is
     |         | missing @spec PHPDoc tag — link back to
     |         | openspec/specs/{capability}/spec.md#requirement-{slug}
--------------------------------------------------------------------------------


[1mFILE: ...e/memcap-work/lq-lanes/fq/lib/Service/SubjectErasure/SubjectErasureJob.php[0m
--------------------------------------------------------------------------------
[1mFOUND 0 ERRORS AND 1 WARNING AFFECTING 1 LINE[0m
--------------------------------------------------------------------------------
 58 | [33mWARNING[0m | Class SubjectErasureJob is missing @spec PHPDoc tag — link
    |         | back to openspec/specs/{capability}/spec.md#requirement-{slug},
    |         | not a change dir
--------------------------------------------------------------------------------


[1mFILE: ...nlinde/memcap-work/lq-lanes/fq/lib/Service/Editing/OdsSpreadsheetCodec.php[0m
--------------------------------------------------------------------------------
[1mFOUND 0 ERRORS AND 1 WARNING AFFECTING 1 LINE[0m
--------------------------------------------------------------------------------
 38 | [33mWARNING[0m | Class OdsSpreadsheetCodec is missing @spec PHPDoc tag — link
    |         | back to openspec/specs/{capability}/spec.md#requirement-{slug},
    |         | not a change dir
--------------------------------------------------------------------------------


[1mFILE: ...nde/memcap-work/lq-lanes/fq/lib/Service/Intake/IntakeNotificationReach.php[0m
--------------------------------------------------------------------------------
[1mFOUND 0 ERRORS AND 1 WARNING AFFECTING 1 LINE[0m
--------------------------------------------------------------------------------
 48 | [33mWARNING[0m | Class IntakeNotificationReach is missing @spec PHPDoc tag —
    |         | link back to
    |         | openspec/specs/{capability}/spec.md#requirement-{slug}, not a
    |         | change dir
--------------------------------------------------------------------------------


[1mFILE: ...enlinde/memcap-work/lq-lanes/fq/lib/Service/Editing/OdfBlockStyleCodec.php[0m
--------------------------------------------------------------------------------
[1mFOUND 0 ERRORS AND 1 WARNING AFFECTING 1 LINE[0m
--------------------------------------------------------------------------------
 38 | [33mWARNING[0m | Class OdfBlockStyleCodec is missing @spec PHPDoc tag — link
    |         | back to openspec/specs/{capability}/spec.md#requirement-{slug},
    |         | not a change dir
--------------------------------------------------------------------------------


[1mFILE: ...cap-work/lq-lanes/fq/lib/Service/Conversion/ConversionBackendInterface.php[0m
--------------------------------------------------------------------------------
[1mFOUND 0 ERRORS AND 4 WARNINGS AFFECTING 4 LINES[0m
--------------------------------------------------------------------------------
 56 | [33mWARNING[0m | Public method ConversionBackendInterface::name() is missing
    |         | @spec PHPDoc tag — link back to
    |         | openspec/specs/{capability}/spec.md#requirement-{slug}
 66 | [33mWARNING[0m | Public method ConversionBackendInterface::isAvailable() is
    |         | missing @spec PHPDoc tag — link back to
    |         | openspec/specs/{capability}/spec.md#requirement-{slug}
 77 | [33mWARNING[0m | Public method ConversionBackendInterface::canHandle() is
    |         | missing @spec PHPDoc tag — link back to
    |         | openspec/specs/{capability}/spec.md#requirement-{slug}
 96 | [33mWARNING[0m | Public method ConversionBackendInterface::convert() is missing
    |         | @spec PHPDoc tag — link back to
    |         | openspec/specs/{capability}/spec.md#requirement-{slug}
--------------------------------------------------------------------------------


[1mFILE: .../rubenlinde/memcap-work/lq-lanes/fq/lib/Service/Editing/DocumentCodecs.php[0m
--------------------------------------------------------------------------------
[1mFOUND 0 ERRORS AND 1 WARNING AFFECTING 1 LINE[0m
--------------------------------------------------------------------------------
 37 | [33mWARNING[0m | Class DocumentCodecs is missing @spec PHPDoc tag — link back
    |         | to openspec/specs/{capability}/spec.md#requirement-{slug}, not
    |         | a change dir
--------------------------------------------------------------------------------


[1mFILE: ...me/rubenlinde/memcap-work/lq-lanes/fq/lib/Controller/MetricsController.php[0m
--------------------------------------------------------------------------------
[1mFOUND 0 ERRORS AND 1 WARNING AFFECTING 1 LINE[0m
--------------------------------------------------------------------------------
 59 | [33mWARNING[0m | Class MetricsController is missing @spec PHPDoc tag — link
    |         | back to openspec/specs/{capability}/spec.md#requirement-{slug},
    |         | not a change dir
--------------------------------------------------------------------------------


[1mFILE: ...me/rubenlinde/memcap-work/lq-lanes/fq/lib/Service/OpenRegisterResolver.php[0m
--------------------------------------------------------------------------------
[1mFOUND 0 ERRORS AND 1 WARNING AFFECTING 1 LINE[0m
--------------------------------------------------------------------------------
 38 | [33mWARNING[0m | Class OpenRegisterResolver is missing @spec PHPDoc tag — link
    |         | back to openspec/specs/{capability}/spec.md#requirement-{slug},
    |         | not a change dir
--------------------------------------------------------------------------------


[1mFILE: ...ubenlinde/memcap-work/lq-lanes/fq/lib/Service/ObjectionDeadlineChecker.php[0m
--------------------------------------------------------------------------------
[1mFOUND 0 ERRORS AND 1 WARNING AFFECTING 1 LINE[0m
--------------------------------------------------------------------------------
 45 | [33mWARNING[0m | Class ObjectionDeadlineChecker is missing @spec PHPDoc tag —
    |         | link back to
    |         | openspec/specs/{capability}/spec.md#requirement-{slug}, not a
    |         | change dir
--------------------------------------------------------------------------------


[1mFILE: .../rubenlinde/memcap-work/lq-lanes/fq/lib/Service/FileEntityStatsService.php[0m
--------------------------------------------------------------------------------
[1mFOUND 0 ERRORS AND 1 WARNING AFFECTING 1 LINE[0m
--------------------------------------------------------------------------------
 41 | [33mWARNING[0m | Class FileEntityStatsService is missing @spec PHPDoc tag —
    |         | link back to
    |         | openspec/specs/{capability}/spec.md#requirement-{slug}, not a
    |         | change dir
--------------------------------------------------------------------------------


[1mFILE: ...inde/memcap-work/lq-lanes/fq/lib/Service/DocumentObjectServiceResolver.php[0m
--------------------------------------------------------------------------------
[1mFOUND 0 ERRORS AND 2 WARNINGS AFFECTING 2 LINES[0m
--------------------------------------------------------------------------------
 41 | [33mWARNING[0m | Class DocumentObjectServiceResolver is missing @spec PHPDoc tag
    |         | — link back to
    |         | openspec/specs/{capability}/spec.md#requirement-{slug}, not a
    |         | change dir
 64 | [33mWARNING[0m | Public method DocumentObjectServiceResolver::resolve() is
    |         | missing @spec PHPDoc tag — link back to
    |         | openspec/specs/{capability}/spec.md#requirement-{slug}
--------------------------------------------------------------------------------


[1mFILE: ...ome/rubenlinde/memcap-work/lq-lanes/fq/lib/Service/EmlEnvelopeRenderer.php[0m
--------------------------------------------------------------------------------
[1mFOUND 0 ERRORS AND 4 WARNINGS AFFECTING 4 LINES[0m
--------------------------------------------------------------------------------
  40 | [33mWARNING[0m | Class EmlEnvelopeRenderer is missing @spec PHPDoc tag — link
     |         | back to
     |         | openspec/specs/{capability}/spec.md#requirement-{slug}, not a
     |         | change dir
  90 | [33mWARNING[0m | Public method EmlEnvelopeRenderer::render() is missing @spec
     |         | PHPDoc tag — link back to
     |         | openspec/specs/{capability}/spec.md#requirement-{slug}
 129 | [33mWARNING[0m | Public method EmlEnvelopeRenderer::writeMinimal() is missing
     |         | @spec PHPDoc tag — link back to
     |         | openspec/specs/{capability}/spec.md#requirement-{slug}
 155 | [33mWARNING[0m | Public method EmlEnvelopeRenderer::subjectOf() is missing
     |         | @spec PHPDoc tag — link back to
     |         | openspec/specs/{capability}/spec.md#requirement-{slug}
--------------------------------------------------------------------------------


[1mFILE: ...nlinde/memcap-work/lq-lanes/fq/lib/Service/Conversion/OfficeAppBackend.php[0m
--------------------------------------------------------------------------------
[1mFOUND 0 ERRORS AND 5 WARNINGS AFFECTING 5 LINES[0m
--------------------------------------------------------------------------------
  55 | [33mWARNING[0m | Class OfficeAppBackend is missing @spec PHPDoc tag — link
     |         | back to
     |         | openspec/specs/{capability}/spec.md#requirement-{slug}, not a
     |         | change dir
 119 | [33mWARNING[0m | Public method OfficeAppBackend::name() is missing @spec PHPDoc
     |         | tag — link back to
     |         | openspec/specs/{capability}/spec.md#requirement-{slug}
 132 | [33mWARNING[0m | Public method OfficeAppBackend::isAvailable() is missing @spec
     |         | PHPDoc tag — link back to
     |         | openspec/specs/{capability}/spec.md#requirement-{slug}
 168 | [33mWARNING[0m | Public method OfficeAppBackend::canHandle() is missing @spec
     |         | PHPDoc tag — link back to
     |         | openspec/specs/{capability}/spec.md#requirement-{slug}
 205 | [33mWARNING[0m | Public method OfficeAppBackend::convert() is missing @spec
     |         | PHPDoc tag — link back to
     |         | openspec/specs/{capability}/spec.md#requirement-{slug}
--------------------------------------------------------------------------------


[1mFILE: .../rubenlinde/memcap-work/lq-lanes/fq/lib/Service/BatchExtractionService.php[0m
--------------------------------------------------------------------------------
[1mFOUND 0 ERRORS AND 1 WARNING AFFECTING 1 LINE[0m
--------------------------------------------------------------------------------
 41 | [33mWARNING[0m | Class BatchExtractionService is missing @spec PHPDoc tag —
    |         | link back to
    |         | openspec/specs/{capability}/spec.md#requirement-{slug}, not a
    |         | change dir
--------------------------------------------------------------------------------


[1mFILE: ...linde/memcap-work/lq-lanes/fq/lib/Service/Intake/IntakeReadingProgress.php[0m
--------------------------------------------------------------------------------
[1mFOUND 0 ERRORS AND 1 WARNING AFFECTING 1 LINE[0m
--------------------------------------------------------------------------------
 49 | [33mWARNING[0m | Class IntakeReadingProgress is missing @spec PHPDoc tag —
    |         | link back to
    |         | openspec/specs/{capability}/spec.md#requirement-{slug}, not a
    |         | change dir
--------------------------------------------------------------------------------


[1mFILE: ...memcap-work/lq-lanes/fq/lib/Service/SubjectErasure/SubjectErasureRules.php[0m
--------------------------------------------------------------------------------
[1mFOUND 0 ERRORS AND 1 WARNING AFFECTING 1 LINE[0m
--------------------------------------------------------------------------------
 62 | [33mWARNING[0m | Class SubjectErasureRules is missing @spec PHPDoc tag — link
    |         | back to openspec/specs/{capability}/spec.md#requirement-{slug},
    |         | not a change dir
--------------------------------------------------------------------------------


[1mFILE: ...nde/memcap-work/lq-lanes/fq/lib/Service/Redaction/RedactionOutputModes.php[0m
--------------------------------------------------------------------------------
[1mFOUND 0 ERRORS AND 2 WARNINGS AFFECTING 2 LINES[0m
--------------------------------------------------------------------------------
  36 | [33mWARNING[0m | Class RedactionOutputModes is missing @spec PHPDoc tag —
     |         | link back to
     |         | openspec/specs/{capability}/spec.md#requirement-{slug}, not a
     |         | change dir
 126 | [33mWARNING[0m | Public method RedactionOutputModes::isVerified() is missing
     |         | @spec PHPDoc tag — link back to
     |         | openspec/specs/{capability}/spec.md#requirement-{slug}
--------------------------------------------------------------------------------


[1mFILE: home/rubenlinde/memcap-work/lq-lanes/fq/lib/Service/PolicyCrudService.php[0m
--------------------------------------------------------------------------------
[1mFOUND 0 ERRORS AND 9 WARNINGS AFFECTING 9 LINES[0m
--------------------------------------------------------------------------------
  50 | [33mWARNING[0m | Class PolicyCrudService is missing @spec PHPDoc tag — link
     |         | back to
     |         | openspec/specs/{capability}/spec.md#requirement-{slug}, not a
     |         | change dir
 145 | [33mWARNING[0m | Public method PolicyCrudService::listProhibitions() is missing
     |         | @spec PHPDoc tag — link back to
     |         | openspec/specs/{capability}/spec.md#requirement-{slug}
 160 | [33mWARNING[0m | Public method PolicyCrudService::listStandingConsents() is
     |         | missing @spec PHPDoc tag — link back to
     |         | openspec/specs/{capability}/spec.md#requirement-{slug}
 184 | [33mWARNING[0m | Public method PolicyCrudService::getProhibition() is missing
     |         | @spec PHPDoc tag — link back to
     |         | openspec/specs/{capability}/spec.md#requirement-{slug}
 202 | [33mWARNING[0m | Public method PolicyCrudService::getStandingConsent() is
     |         | missing @spec PHPDoc tag — link back to
     |         | openspec/specs/{capability}/spec.md#requirement-{slug}
 229 | [33mWARNING[0m | Public method PolicyCrudService::createProhibition() is
     |         | missing @spec PHPDoc tag — link back to
     |         | openspec/specs/{capability}/spec.md#requirement-{slug}
 255 | [33mWARNING[0m | Public method PolicyCrudService::updateProhibition() is
     |         | missing @spec PHPDoc tag — link back to
     |         | openspec/specs/{capability}/spec.md#requirement-{slug}
 322 | [33mWARNING[0m | Public method PolicyCrudService::createStandingConsent() is
     |         | missing @spec PHPDoc tag — link back to
     |         | openspec/specs/{capability}/spec.md#requirement-{slug}
 349 | [33mWARNING[0m | Public method PolicyCrudService::updateStandingConsent() is
     |         | missing @spec PHPDoc tag — link back to
     |         | openspec/specs/{capability}/spec.md#requirement-{slug}
--------------------------------------------------------------------------------


[1mFILE: home/rubenlinde/memcap-work/lq-lanes/fq/lib/Service/PdfService.php[0m
--------------------------------------------------------------------------------
[1mFOUND 0 ERRORS AND 1 WARNING AFFECTING 1 LINE[0m
--------------------------------------------------------------------------------
 472 | [33mWARNING[0m | Public method PdfService::applyPrintCss() is missing @spec
     |         | PHPDoc tag — link back to
     |         | openspec/specs/{capability}/spec.md#requirement-{slug}
--------------------------------------------------------------------------------


[1mFILE: ...benlinde/memcap-work/lq-lanes/fq/lib/Service/Editing/PresentationCodec.php[0m
--------------------------------------------------------------------------------
[1mFOUND 0 ERRORS AND 1 WARNING AFFECTING 1 LINE[0m
--------------------------------------------------------------------------------
 42 | [33mWARNING[0m | Class PresentationCodec is missing @spec PHPDoc tag — link
    |         | back to openspec/specs/{capability}/spec.md#requirement-{slug},
    |         | not a change dir
--------------------------------------------------------------------------------


[1mFILE: ...e/rubenlinde/memcap-work/lq-lanes/fq/lib/Service/DocumentTextExtractor.php[0m
--------------------------------------------------------------------------------
[1mFOUND 0 ERRORS AND 1 WARNING AFFECTING 1 LINE[0m
--------------------------------------------------------------------------------
 41 | [33mWARNING[0m | Class DocumentTextExtractor is missing @spec PHPDoc tag —
    |         | link back to
    |         | openspec/specs/{capability}/spec.md#requirement-{slug}, not a
    |         | change dir
--------------------------------------------------------------------------------


[1mFILE: ...inde/memcap-work/lq-lanes/fq/lib/Service/Redaction/RedactionReviewGate.php[0m
--------------------------------------------------------------------------------
[1mFOUND 0 ERRORS AND 1 WARNING AFFECTING 1 LINE[0m
--------------------------------------------------------------------------------
 47 | [33mWARNING[0m | Class RedactionReviewGate is missing @spec PHPDoc tag — link
    |         | back to openspec/specs/{capability}/spec.md#requirement-{slug},
    |         | not a change dir
--------------------------------------------------------------------------------


[1mFILE: home/rubenlinde/memcap-work/lq-lanes/fq/lib/Service/WooProfileService.php[0m
--------------------------------------------------------------------------------
[1mFOUND 0 ERRORS AND 1 WARNING AFFECTING 1 LINE[0m
--------------------------------------------------------------------------------
 40 | [33mWARNING[0m | Class WooProfileService is missing @spec PHPDoc tag — link
    |         | back to openspec/specs/{capability}/spec.md#requirement-{slug},
    |         | not a change dir
--------------------------------------------------------------------------------


[1mFILE: ...ubenlinde/memcap-work/lq-lanes/fq/lib/Service/RegisterDiscoveryService.php[0m
--------------------------------------------------------------------------------
[1mFOUND 0 ERRORS AND 1 WARNING AFFECTING 1 LINE[0m
--------------------------------------------------------------------------------
 43 | [33mWARNING[0m | Class RegisterDiscoveryService is missing @spec PHPDoc tag —
    |         | link back to
    |         | openspec/specs/{capability}/spec.md#requirement-{slug}, not a
    |         | change dir
--------------------------------------------------------------------------------


[1mFILE: ...nde/memcap-work/lq-lanes/fq/lib/Service/Redaction/RedactionOutputGuard.php[0m
--------------------------------------------------------------------------------
[1mFOUND 0 ERRORS AND 1 WARNING AFFECTING 1 LINE[0m
--------------------------------------------------------------------------------
 40 | [33mWARNING[0m | Class RedactionOutputGuard is missing @spec PHPDoc tag — link
    |         | back to openspec/specs/{capability}/spec.md#requirement-{slug},
    |         | not a change dir
--------------------------------------------------------------------------------


[1mFILE: ...benlinde/memcap-work/lq-lanes/fq/lib/Service/DossierSummaryDataService.php[0m
--------------------------------------------------------------------------------
[1mFOUND 0 ERRORS AND 9 WARNINGS AFFECTING 9 LINES[0m
--------------------------------------------------------------------------------
  48 | [33mWARNING[0m | Class DossierSummaryDataService is missing @spec PHPDoc tag
     |         | — link back to
     |         | openspec/specs/{capability}/spec.md#requirement-{slug}, not a
     |         | change dir
 136 | [33mWARNING[0m | Public method DossierSummaryDataService::loadDossier() is
     |         | missing @spec PHPDoc tag — link back to
     |         | openspec/specs/{capability}/spec.md#requirement-{slug}
 205 | [33mWARNING[0m | Public method DossierSummaryDataService::placeholderRanking()
     |         | is missing @spec PHPDoc tag — link back to
     |         | openspec/specs/{capability}/spec.md#requirement-{slug}
 216 | [33mWARNING[0m | Public method DossierSummaryDataService::placeholderSortKey()
     |         | is missing @spec PHPDoc tag — link back to
     |         | openspec/specs/{capability}/spec.md#requirement-{slug}
 228 | [33mWARNING[0m | Public method DossierSummaryDataService::walkDossierFiles() is
     |         | missing @spec PHPDoc tag — link back to
     |         | openspec/specs/{capability}/spec.md#requirement-{slug}
 240 | [33mWARNING[0m | Public method
     |         | DossierSummaryDataService::loadAnonymisedEntitiesForFile() is
     |         | missing @spec PHPDoc tag — link back to
     |         | openspec/specs/{capability}/spec.md#requirement-{slug}
 251 | [33mWARNING[0m | Public method DossierSummaryDataService::resolveBaseLabels()
     |         | is missing @spec PHPDoc tag — link back to
     |         | openspec/specs/{capability}/spec.md#requirement-{slug}
 262 | [33mWARNING[0m | Public method DossierSummaryDataService::groupBasesByName() is
     |         | missing @spec PHPDoc tag — link back to
     |         | openspec/specs/{capability}/spec.md#requirement-{slug}
 274 | [33mWARNING[0m | Public method
     |         | DossierSummaryDataService::updateDossierConfiguration() is
     |         | missing @spec PHPDoc tag — link back to
     |         | openspec/specs/{capability}/spec.md#requirement-{slug}
--------------------------------------------------------------------------------


[1mFILE: ...e/memcap-work/lq-lanes/fq/lib/Exception/RegisterNotConfiguredException.php[0m
--------------------------------------------------------------------------------
[1mFOUND 0 ERRORS AND 1 WARNING AFFECTING 1 LINE[0m
--------------------------------------------------------------------------------
 39 | [33mWARNING[0m | Class RegisterNotConfiguredException is missing @spec PHPDoc
    |         | tag — link back to
    |         | openspec/specs/{capability}/spec.md#requirement-{slug}, not a
    |         | change dir
--------------------------------------------------------------------------------


[1mFILE: ...ubenlinde/memcap-work/lq-lanes/fq/lib/Exception/IntakeRefusedException.php[0m
--------------------------------------------------------------------------------
[1mFOUND 0 ERRORS AND 1 WARNING AFFECTING 1 LINE[0m
--------------------------------------------------------------------------------
 71 | [33mWARNING[0m | Public method IntakeRefusedException::getStatus() is missing
    |         | @spec PHPDoc tag — link back to
    |         | openspec/specs/{capability}/spec.md#requirement-{slug}
--------------------------------------------------------------------------------


[1mFILE: ...e/memcap-work/lq-lanes/fq/lib/Exception/PlainRenditionRefusedException.php[0m
--------------------------------------------------------------------------------
[1mFOUND 0 ERRORS AND 1 WARNING AFFECTING 1 LINE[0m
--------------------------------------------------------------------------------
 71 | [33mWARNING[0m | Public method PlainRenditionRefusedException::getUnresolved()
    |         | is missing @spec PHPDoc tag — link back to
    |         | openspec/specs/{capability}/spec.md#requirement-{slug}
--------------------------------------------------------------------------------


[1mFILE: ...de/memcap-work/lq-lanes/fq/lib/Exception/RedactionNotReviewedException.php[0m
--------------------------------------------------------------------------------
[1mFOUND 0 ERRORS AND 5 WARNINGS AFFECTING 5 LINES[0m
--------------------------------------------------------------------------------
 28 | [33mWARNING[0m | Class RedactionNotReviewedException is missing @spec PHPDoc tag
    |         | — link back to
    |         | openspec/specs/{capability}/spec.md#requirement-{slug}, not a
    |         | change dir
 57 | [33mWARNING[0m | Public method RedactionNotReviewedException::getReason() is
    |         | missing @spec PHPDoc tag — link back to
    |         | openspec/specs/{capability}/spec.md#requirement-{slug}
 67 | [33mWARNING[0m | Public method RedactionNotReviewedException::getDocument() is
    |         | missing @spec PHPDoc tag — link back to
    |         | openspec/specs/{capability}/spec.md#requirement-{slug}
 77 | [33mWARNING[0m | Public method RedactionNotReviewedException::getCheckedRun() is
    |         | missing @spec PHPDoc tag — link back to
    |         | openspec/specs/{capability}/spec.md#requirement-{slug}
 87 | [33mWARNING[0m | Public method RedactionNotReviewedException::getCurrentRun() is
    |         | missing @spec PHPDoc tag — link back to
    |         | openspec/specs/{capability}/spec.md#requirement-{slug}
--------------------------------------------------------------------------------


[1mFILE: ...me/rubenlinde/memcap-work/lq-lanes/fq/lib/Service/MountCapabilityProbe.php[0m
--------------------------------------------------------------------------------
[1mFOUND 0 ERRORS AND 1 WARNING AFFECTING 1 LINE[0m
--------------------------------------------------------------------------------
 93 | [33mWARNING[0m | Public method MountCapabilityProbe::isWritable() is missing
    |         | @spec PHPDoc tag — link back to
    |         | openspec/specs/{capability}/spec.md#requirement-{slug}
--------------------------------------------------------------------------------


[1mFILE: ...e/rubenlinde/memcap-work/lq-lanes/fq/lib/Exception/ComparisonException.php[0m
--------------------------------------------------------------------------------
[1mFOUND 0 ERRORS AND 3 WARNINGS AFFECTING 3 LINES[0m
--------------------------------------------------------------------------------
 39 | [33mWARNING[0m | Class ComparisonException is missing @spec PHPDoc tag — link
    |         | back to openspec/specs/{capability}/spec.md#requirement-{slug},
    |         | not a change dir
 76 | [33mWARNING[0m | Public method ComparisonException::getStatusCode() is missing
    |         | @spec PHPDoc tag — link back to
    |         | openspec/specs/{capability}/spec.md#requirement-{slug}
 85 | [33mWARNING[0m | Public method ComparisonException::getReason() is missing @spec
    |         | PHPDoc tag — link back to
    |         | openspec/specs/{capability}/spec.md#requirement-{slug}
--------------------------------------------------------------------------------


[1mFILE: .../rubenlinde/memcap-work/lq-lanes/fq/lib/Service/TemplateVersionService.php[0m
--------------------------------------------------------------------------------
[1mFOUND 0 ERRORS AND 1 WARNING AFFECTING 1 LINE[0m
--------------------------------------------------------------------------------
 40 | [33mWARNING[0m | Class TemplateVersionService is missing @spec PHPDoc tag —
    |         | link back to
    |         | openspec/specs/{capability}/spec.md#requirement-{slug}, not a
    |         | change dir
--------------------------------------------------------------------------------


[1mFILE: ...enlinde/memcap-work/lq-lanes/fq/lib/Exception/ProhibitionGateException.php[0m
--------------------------------------------------------------------------------
[1mFOUND 0 ERRORS AND 4 WARNINGS AFFECTING 4 LINES[0m
--------------------------------------------------------------------------------
 38 | [33mWARNING[0m | Class ProhibitionGateException is missing @spec PHPDoc tag —
    |         | link back to
    |         | openspec/specs/{capability}/spec.md#requirement-{slug}, not a
    |         | change dir
 65 | [33mWARNING[0m | Public method
    |         | ProhibitionGateException::getMissingProhibitionMatches() is
    |         | missing @spec PHPDoc tag — link back to
    |         | openspec/specs/{capability}/spec.md#requirement-{slug}
 74 | [33mWARNING[0m | Public method ProhibitionGateException::getRejectedOverrides()
    |         | is missing @spec PHPDoc tag — link back to
    |         | openspec/specs/{capability}/spec.md#requirement-{slug}
 83 | [33mWARNING[0m | Public method ProhibitionGateException::getBackendUnavailable()
    |         | is missing @spec PHPDoc tag — link back to
    |         | openspec/specs/{capability}/spec.md#requirement-{slug}
--------------------------------------------------------------------------------


[1mFILE: ...benlinde/memcap-work/lq-lanes/fq/lib/EventListener/FilinqEventListener.php[0m
--------------------------------------------------------------------------------
[1mFOUND 0 ERRORS AND 2 WARNINGS AFFECTING 2 LINES[0m
--------------------------------------------------------------------------------
 45 | [33mWARNING[0m | Class FilinqEventListener is missing @spec PHPDoc tag — link
    |         | back to openspec/specs/{capability}/spec.md#requirement-{slug},
    |         | not a change dir
 64 | [33mWARNING[0m | Public method FilinqEventListener::handle() is missing @spec
    |         | PHPDoc tag — link back to
    |         | openspec/specs/{capability}/spec.md#requirement-{slug}
--------------------------------------------------------------------------------


[1mFILE: ...nlinde/memcap-work/lq-lanes/fq/lib/Exception/ConversionFailedException.php[0m
--------------------------------------------------------------------------------
[1mFOUND 0 ERRORS AND 2 WARNINGS AFFECTING 2 LINES[0m
--------------------------------------------------------------------------------
 43 | [33mWARNING[0m | Class ConversionFailedException is missing @spec PHPDoc tag —
    |         | link back to
    |         | openspec/specs/{capability}/spec.md#requirement-{slug}, not a
    |         | change dir
 85 | [33mWARNING[0m | Public method ConversionFailedException::getAttempts() is
    |         | missing @spec PHPDoc tag — link back to
    |         | openspec/specs/{capability}/spec.md#requirement-{slug}
--------------------------------------------------------------------------------


[1mFILE: ...e/rubenlinde/memcap-work/lq-lanes/fq/lib/Dashboard/AnonymizationWidget.php[0m
--------------------------------------------------------------------------------
[1mFOUND 0 ERRORS AND 1 WARNING AFFECTING 1 LINE[0m
--------------------------------------------------------------------------------
 41 | [33mWARNING[0m | Class AnonymizationWidget is missing @spec PHPDoc tag — link
    |         | back to openspec/specs/{capability}/spec.md#requirement-{slug},
    |         | not a change dir
--------------------------------------------------------------------------------


[1mFILE: ...benlinde/memcap-work/lq-lanes/fq/lib/Service/Office/SupportedTypeProbe.php[0m
--------------------------------------------------------------------------------
[1mFOUND 0 ERRORS AND 1 WARNING AFFECTING 1 LINE[0m
--------------------------------------------------------------------------------
 39 | [33mWARNING[0m | Class SupportedTypeProbe is missing @spec PHPDoc tag — link
    |         | back to openspec/specs/{capability}/spec.md#requirement-{slug},
    |         | not a change dir
--------------------------------------------------------------------------------


[1mFILE: ...ubenlinde/memcap-work/lq-lanes/fq/lib/Exception/DocumentFinalException.php[0m
--------------------------------------------------------------------------------
[1mFOUND 0 ERRORS AND 1 WARNING AFFECTING 1 LINE[0m
--------------------------------------------------------------------------------
 73 | [33mWARNING[0m | Public method DocumentFinalException::getVersion() is missing
    |         | @spec PHPDoc tag — link back to
    |         | openspec/specs/{capability}/spec.md#requirement-{slug}
--------------------------------------------------------------------------------


[1mFILE: ...ubenlinde/memcap-work/lq-lanes/fq/lib/Service/Editing/SpreadsheetCodec.php[0m
--------------------------------------------------------------------------------
[1mFOUND 0 ERRORS AND 1 WARNING AFFECTING 1 LINE[0m
--------------------------------------------------------------------------------
 39 | [33mWARNING[0m | Class SpreadsheetCodec is missing @spec PHPDoc tag — link
    |         | back to openspec/specs/{capability}/spec.md#requirement-{slug},
    |         | not a change dir
--------------------------------------------------------------------------------


[1mFILE: ...benlinde/memcap-work/lq-lanes/fq/lib/Service/LegalBasisProposalService.php[0m
--------------------------------------------------------------------------------
[1mFOUND 0 ERRORS AND 5 WARNINGS AFFECTING 5 LINES[0m
--------------------------------------------------------------------------------
 159 | [33mWARNING[0m | Public method
     |         | LegalBasisProposalService::getSelectableEntityTypes() is
     |         | missing @spec PHPDoc tag — link back to
     |         | openspec/specs/{capability}/spec.md#requirement-{slug}
 173 | [33mWARNING[0m | Public method
     |         | LegalBasisProposalService::getEnabledEntityTypes() is missing
     |         | @spec PHPDoc tag — link back to
     |         | openspec/specs/{capability}/spec.md#requirement-{slug}
 194 | [33mWARNING[0m | Public method
     |         | LegalBasisProposalService::getEntityTypeWhitelist() is missing
     |         | @spec PHPDoc tag — link back to
     |         | openspec/specs/{capability}/spec.md#requirement-{slug}
 245 | [33mWARNING[0m | Public method LegalBasisProposalService::getMapping() is
     |         | missing @spec PHPDoc tag — link back to
     |         | openspec/specs/{capability}/spec.md#requirement-{slug}
 283 | [33mWARNING[0m | Public method LegalBasisProposalService::getAvailableBases()
     |         | is missing @spec PHPDoc tag — link back to
     |         | openspec/specs/{capability}/spec.md#requirement-{slug}
--------------------------------------------------------------------------------


[1mFILE: ...me/rubenlinde/memcap-work/lq-lanes/fq/lib/Dashboard/FileEntitiesWidget.php[0m
--------------------------------------------------------------------------------
[1mFOUND 0 ERRORS AND 1 WARNING AFFECTING 1 LINE[0m
--------------------------------------------------------------------------------
 42 | [33mWARNING[0m | Class FileEntitiesWidget is missing @spec PHPDoc tag — link
    |         | back to openspec/specs/{capability}/spec.md#requirement-{slug},
    |         | not a change dir
--------------------------------------------------------------------------------


[1mFILE: ...me/rubenlinde/memcap-work/lq-lanes/fq/lib/Service/GrondslagenPdfWriter.php[0m
--------------------------------------------------------------------------------
[1mFOUND 0 ERRORS AND 3 WARNINGS AFFECTING 3 LINES[0m
--------------------------------------------------------------------------------
  45 | [33mWARNING[0m | Class GrondslagenPdfWriter is missing @spec PHPDoc tag —
     |         | link back to
     |         | openspec/specs/{capability}/spec.md#requirement-{slug}, not a
     |         | change dir
  92 | [33mWARNING[0m | Public method GrondslagenPdfWriter::renderPerDocumentPdf() is
     |         | missing @spec PHPDoc tag — link back to
     |         | openspec/specs/{capability}/spec.md#requirement-{slug}
 118 | [33mWARNING[0m | Public method GrondslagenPdfWriter::renderDossierPdf() is
     |         | missing @spec PHPDoc tag — link back to
     |         | openspec/specs/{capability}/spec.md#requirement-{slug}
--------------------------------------------------------------------------------


[1mFILE: ...mcap-work/lq-lanes/fq/lib/EventListener/EntityRelationDecisionListener.php[0m
--------------------------------------------------------------------------------
[1mFOUND 0 ERRORS AND 1 WARNING AFFECTING 1 LINE[0m
--------------------------------------------------------------------------------
 96 | [33mWARNING[0m | Public method EntityRelationDecisionListener::handle() is
    |         | missing @spec PHPDoc tag — link back to
    |         | openspec/specs/{capability}/spec.md#requirement-{slug}
--------------------------------------------------------------------------------


[1mFILE: home/rubenlinde/memcap-work/lq-lanes/fq/lib/Sections/FilinqAdmin.php[0m
--------------------------------------------------------------------------------
[1mFOUND 0 ERRORS AND 1 WARNING AFFECTING 1 LINE[0m
--------------------------------------------------------------------------------
 38 | [33mWARNING[0m | Class FilinqAdmin is missing @spec PHPDoc tag — link back to
    |         | openspec/specs/{capability}/spec.md#requirement-{slug}, not a
    |         | change dir
--------------------------------------------------------------------------------


[1mFILE: home/rubenlinde/memcap-work/lq-lanes/fq/lib/Service/PdfDocumentFactory.php[0m
--------------------------------------------------------------------------------
[1mFOUND 0 ERRORS AND 1 WARNING AFFECTING 1 LINE[0m
--------------------------------------------------------------------------------
 151 | [33mWARNING[0m | Inline comments must end in full-stops, exclamation marks, or
     |         | question marks
--------------------------------------------------------------------------------


[1mFILE: ...ome/rubenlinde/memcap-work/lq-lanes/fq/lib/Service/SettingsInitializer.php[0m
--------------------------------------------------------------------------------
[1mFOUND 0 ERRORS AND 1 WARNING AFFECTING 1 LINE[0m
--------------------------------------------------------------------------------
 46 | [33mWARNING[0m | Class SettingsInitializer is missing @spec PHPDoc tag — link
    |         | back to openspec/specs/{capability}/spec.md#requirement-{slug},
    |         | not a change dir
--------------------------------------------------------------------------------


[1mFILE: ...rubenlinde/memcap-work/lq-lanes/fq/lib/Exception/MergeRefusedException.php[0m
--------------------------------------------------------------------------------
[1mFOUND 0 ERRORS AND 1 WARNING AFFECTING 1 LINE[0m
--------------------------------------------------------------------------------
 71 | [33mWARNING[0m | Public method MergeRefusedException::getStatus() is missing
    |         | @spec PHPDoc tag — link back to
    |         | openspec/specs/{capability}/spec.md#requirement-{slug}
--------------------------------------------------------------------------------


[1mFILE: ...ubenlinde/memcap-work/lq-lanes/fq/lib/Exception/UploadRefusedException.php[0m
--------------------------------------------------------------------------------
[1mFOUND 0 ERRORS AND 2 WARNINGS AFFECTING 2 LINES[0m
--------------------------------------------------------------------------------
 78 | [33mWARNING[0m | Public method UploadRefusedException::getDetectedType() is
    |         | missing @spec PHPDoc tag — link back to
    |         | openspec/specs/{capability}/spec.md#requirement-{slug}
 88 | [33mWARNING[0m | Public method UploadRefusedException::getPolicy() is missing
    |         | @spec PHPDoc tag — link back to
    |         | openspec/specs/{capability}/spec.md#requirement-{slug}
--------------------------------------------------------------------------------


[1mFILE: home/rubenlinde/memcap-work/lq-lanes/fq/lib/Service/OcrService.php[0m
--------------------------------------------------------------------------------
[1mFOUND 0 ERRORS AND 1 WARNING AFFECTING 1 LINE[0m
--------------------------------------------------------------------------------
 54 | [33mWARNING[0m | Class OcrService is missing @spec PHPDoc tag — link back to
    |         | openspec/specs/{capability}/spec.md#requirement-{slug}, not a
    |         | change dir
--------------------------------------------------------------------------------


[1mFILE: ...rubenlinde/memcap-work/lq-lanes/fq/lib/Service/GeneratedDocumentLogger.php[0m
--------------------------------------------------------------------------------
[1mFOUND 0 ERRORS AND 1 WARNING AFFECTING 1 LINE[0m
--------------------------------------------------------------------------------
 39 | [33mWARNING[0m | Class GeneratedDocumentLogger is missing @spec PHPDoc tag —
    |         | link back to
    |         | openspec/specs/{capability}/spec.md#requirement-{slug}, not a
    |         | change dir
--------------------------------------------------------------------------------


[1mFILE: home/rubenlinde/memcap-work/lq-lanes/fq/lib/Settings/FilinqAdmin.php[0m
--------------------------------------------------------------------------------
[1mFOUND 0 ERRORS AND 3 WARNINGS AFFECTING 3 LINES[0m
--------------------------------------------------------------------------------
  52 | [33mWARNING[0m | Class FilinqAdmin is missing @spec PHPDoc tag — link back to
     |         | openspec/specs/{capability}/spec.md#requirement-{slug}, not a
     |         | change dir
 144 | [33mWARNING[0m | Public method FilinqAdmin::getName() is missing @spec PHPDoc
     |         | tag — link back to
     |         | openspec/specs/{capability}/spec.md#requirement-{slug}
 159 | [33mWARNING[0m | Public method FilinqAdmin::getAuthorizedAppConfig() is missing
     |         | @spec PHPDoc tag — link back to
     |         | openspec/specs/{capability}/spec.md#requirement-{slug}
--------------------------------------------------------------------------------


[1mFILE: ...me/rubenlinde/memcap-work/lq-lanes/fq/lib/Service/ConsentUpdateHandler.php[0m
--------------------------------------------------------------------------------
[1mFOUND 0 ERRORS AND 1 WARNING AFFECTING 1 LINE[0m
--------------------------------------------------------------------------------
 41 | [33mWARNING[0m | Class ConsentUpdateHandler is missing @spec PHPDoc tag — link
    |         | back to openspec/specs/{capability}/spec.md#requirement-{slug},
    |         | not a change dir
--------------------------------------------------------------------------------


[1mFILE: .../rubenlinde/memcap-work/lq-lanes/fq/lib/Service/DocumentRenderPipeline.php[0m
--------------------------------------------------------------------------------
[1mFOUND 0 ERRORS AND 3 WARNINGS AFFECTING 3 LINES[0m
--------------------------------------------------------------------------------
  41 | [33mWARNING[0m | Class DocumentRenderPipeline is missing @spec PHPDoc tag —
     |         | link back to
     |         | openspec/specs/{capability}/spec.md#requirement-{slug}, not a
     |         | change dir
 113 | [33mWARNING[0m | Public method DocumentRenderPipeline::buildPdfOptions() is
     |         | missing @spec PHPDoc tag — link back to
     |         | openspec/specs/{capability}/spec.md#requirement-{slug}
 197 | [33mWARNING[0m | Public method DocumentRenderPipeline::produceOutput() is
     |         | missing @spec PHPDoc tag — link back to
     |         | openspec/specs/{capability}/spec.md#requirement-{slug}
--------------------------------------------------------------------------------


[1mFILE: home/rubenlinde/memcap-work/lq-lanes/fq/lib/Service/BaseLabelResolver.php[0m
--------------------------------------------------------------------------------
[1mFOUND 0 ERRORS AND 3 WARNINGS AFFECTING 3 LINES[0m
--------------------------------------------------------------------------------
  40 | [33mWARNING[0m | Class BaseLabelResolver is missing @spec PHPDoc tag — link
     |         | back to
     |         | openspec/specs/{capability}/spec.md#requirement-{slug}, not a
     |         | change dir
  88 | [33mWARNING[0m | Public method BaseLabelResolver::resolve() is missing @spec
     |         | PHPDoc tag — link back to
     |         | openspec/specs/{capability}/spec.md#requirement-{slug}
 123 | [33mWARNING[0m | Public method BaseLabelResolver::groupByName() is missing
     |         | @spec PHPDoc tag — link back to
     |         | openspec/specs/{capability}/spec.md#requirement-{slug}
--------------------------------------------------------------------------------


[1mFILE: ...linde/memcap-work/lq-lanes/fq/lib/Service/Editing/OoxmlBlockStyleCodec.php[0m
--------------------------------------------------------------------------------
[1mFOUND 0 ERRORS AND 1 WARNING AFFECTING 1 LINE[0m
--------------------------------------------------------------------------------
 35 | [33mWARNING[0m | Class OoxmlBlockStyleCodec is missing @spec PHPDoc tag — link
    |         | back to openspec/specs/{capability}/spec.md#requirement-{slug},
    |         | not a change dir
--------------------------------------------------------------------------------


[1mFILE: home/rubenlinde/memcap-work/lq-lanes/fq/lib/Service/FileUploadService.php[0m
--------------------------------------------------------------------------------
[1mFOUND 0 ERRORS AND 1 WARNING AFFECTING 1 LINE[0m
--------------------------------------------------------------------------------
 42 | [33mWARNING[0m | Class FileUploadService is missing @spec PHPDoc tag — link
    |         | back to openspec/specs/{capability}/spec.md#requirement-{slug},
    |         | not a change dir
--------------------------------------------------------------------------------


[1mFILE: ...ubenlinde/memcap-work/lq-lanes/fq/lib/EventListener/FilinqEventHandler.php[0m
--------------------------------------------------------------------------------
[1mFOUND 0 ERRORS AND 2 WARNINGS AFFECTING 2 LINES[0m
--------------------------------------------------------------------------------
  47 | [33mWARNING[0m | Class FilinqEventHandler is missing @spec PHPDoc tag — link
     |         | back to
     |         | openspec/specs/{capability}/spec.md#requirement-{slug}, not a
     |         | change dir
 320 | [33mWARNING[0m | Public method FilinqEventHandler::handleObjectDeleted() is
     |         | missing @spec PHPDoc tag — link back to
     |         | openspec/specs/{capability}/spec.md#requirement-{slug}
--------------------------------------------------------------------------------


[1mFILE: ...ubenlinde/memcap-work/lq-lanes/fq/lib/Service/PolicyRetroactiveService.php[0m
--------------------------------------------------------------------------------
[1mFOUND 0 ERRORS AND 4 WARNINGS AFFECTING 4 LINES[0m
--------------------------------------------------------------------------------
  53 | [33mWARNING[0m | Class PolicyRetroactiveService is missing @spec PHPDoc tag —
     |         | link back to
     |         | openspec/specs/{capability}/spec.md#requirement-{slug}, not a
     |         | change dir
 100 | [33mWARNING[0m | Public method
     |         | PolicyRetroactiveService::applyProhibitionMutation() is
     |         | missing @spec PHPDoc tag — link back to
     |         | openspec/specs/{capability}/spec.md#requirement-{slug}
 218 | [33mWARNING[0m | Public method
     |         | PolicyRetroactiveService::applyStandingConsentMutation() is
     |         | missing @spec PHPDoc tag — link back to
     |         | openspec/specs/{capability}/spec.md#requirement-{slug}
 232 | [33mWARNING[0m | Public method PolicyRetroactiveService::applyRuleRemoval() is
     |         | missing @spec PHPDoc tag — link back to
     |         | openspec/specs/{capability}/spec.md#requirement-{slug}
--------------------------------------------------------------------------------


[1mFILE: ...mcap-work/lq-lanes/fq/lib/EventListener/DocumentRegistrationWriteGuard.php[0m
--------------------------------------------------------------------------------
[1mFOUND 0 ERRORS AND 2 WARNINGS AFFECTING 2 LINES[0m
--------------------------------------------------------------------------------
 56 | [33mWARNING[0m | Class DocumentRegistrationWriteGuard is missing @spec PHPDoc
    |         | tag — link back to
    |         | openspec/specs/{capability}/spec.md#requirement-{slug}, not a
    |         | change dir
 90 | [33mWARNING[0m | Public method DocumentRegistrationWriteGuard::handle() is
    |         | missing @spec PHPDoc tag — link back to
    |         | openspec/specs/{capability}/spec.md#requirement-{slug}
--------------------------------------------------------------------------------


[1mFILE: ...inde/memcap-work/lq-lanes/fq/lib/Service/Editing/PptxPresentationCodec.php[0m
--------------------------------------------------------------------------------
[1mFOUND 0 ERRORS AND 1 WARNING AFFECTING 1 LINE[0m
--------------------------------------------------------------------------------
 38 | [33mWARNING[0m | Class PptxPresentationCodec is missing @spec PHPDoc tag —
    |         | link back to
    |         | openspec/specs/{capability}/spec.md#requirement-{slug}, not a
    |         | change dir
--------------------------------------------------------------------------------


[1mFILE: ...ome/rubenlinde/memcap-work/lq-lanes/fq/lib/Service/PhpWordHtmlRenderer.php[0m
--------------------------------------------------------------------------------
[1mFOUND 0 ERRORS AND 2 WARNINGS AFFECTING 2 LINES[0m
--------------------------------------------------------------------------------
 45 | [33mWARNING[0m | Class PhpWordHtmlRenderer is missing @spec PHPDoc tag — link
    |         | back to openspec/specs/{capability}/spec.md#requirement-{slug},
    |         | not a change dir
 88 | [33mWARNING[0m | Public method PhpWordHtmlRenderer::renderToHtml() is missing
    |         | @spec PHPDoc tag — link back to
    |         | openspec/specs/{capability}/spec.md#requirement-{slug}
--------------------------------------------------------------------------------


[1mFILE: home/rubenlinde/memcap-work/lq-lanes/fq/lib/Service/PolicyMatchService.php[0m
--------------------------------------------------------------------------------
[1mFOUND 0 ERRORS AND 1 WARNING AFFECTING 1 LINE[0m
--------------------------------------------------------------------------------
 202 | [33mWARNING[0m | Public method PolicyMatchService::matchProhibition() is
     |         | missing @spec PHPDoc tag — link back to
     |         | openspec/specs/{capability}/spec.md#requirement-{slug}
--------------------------------------------------------------------------------


[1mFILE: home/rubenlinde/memcap-work/lq-lanes/fq/lib/Service/BatchReportService.php[0m
--------------------------------------------------------------------------------
[1mFOUND 0 ERRORS AND 1 WARNING AFFECTING 1 LINE[0m
--------------------------------------------------------------------------------
 39 | [33mWARNING[0m | Class BatchReportService is missing @spec PHPDoc tag — link
    |         | back to openspec/specs/{capability}/spec.md#requirement-{slug},
    |         | not a change dir
--------------------------------------------------------------------------------

Time: 1.31 secs; Memory: 8MB

=== phpmd ===

=== psalm ===
Target PHP version: 8.3 (inferred from composer.json).
Scanning files...
Analyzing files...

░░░░░░░░░░░░░░░░░░░░░░░░░░░░░░░░░░░░░░░░░░░░░░░░░░░░░░░░░░░░  60 / 402 (14%)
░░░░░░░░░░░░░░░░░░░░░░░░░░░░░░░░░░░░░░░░░░░░░░░░░░░░░░░░░░░░ 120 / 402 (29%)
░░░░░░░░░░░░░░░░░░░░░░░░░░░░░░░░░░░░░░░░░░░░░░░░░░░░░░░░░░░░ 180 / 402 (44%)
░░░░░░░░░░░░░░░░░░░░░░░░░░░░░░░░░░░░░░░░░░░░░░░░░░░░░░░░░░░░ 240 / 402 (59%)
░░░░░░░░░░░░░░░░░░░░░░░░░░░░░░░░░░░░░░░░░░░░░░░░░░░░░░░░░░░░ 300 / 402 (74%)
░░░░░░░░░░░░░░░░░░░░░░░░░░░░░░░░░░░░░░░░░░░░░░░░░░░░░░░░░░░░ 360 / 402 (89%)
░░░░░░░░░░░░░░░░░░░░░░░░░░░░░░░░░░░░░░░░░░

------------------------------
[42;2m                              [0m
[42;30;2m       No errors found!       [0m
[42;2m                              [0m
------------------------------
820 other issues found.
You can display them with [30;48;5;195m--show-info=true[0m
------------------------------

Checks took 36.33 seconds and used 328.015MB of memory
Psalm was able to infer types for 94.5696% of the codebase

=== phpstan ===
Note: Using configuration file /home/rubenlinde/memcap-work/lq-lanes/fq/phpstan.neon.
   0/399 [░░░░░░░░░░░░░░░░░░░░░░░░░░░░]   0%
 399/399 [▓▓▓▓▓▓▓▓▓▓▓▓▓▓▓▓▓▓▓▓▓▓▓▓▓▓▓▓] 100%


 [OK] No errors                                                                 


=== test:all ===
PHPUnit 10.5.64 by Sebastian Bergmann and contributors.

Runtime:       PHP 8.3.6
Configuration: /home/rubenlinde/memcap-work/lq-lanes/fq/phpunit.xml

.............................................................   61 / 2631 (  2%)
.............................................................  122 / 2631 (  4%)
.............................................................  183 / 2631 (  6%)
.......................................[36;1mS[0m..[36;1mS[0m[36;1mS[0m.................  244 / 2631 (  9%)
.............................................................  305 / 2631 ( 11%)
.............................................................  366 / 2631 ( 13%)
.............................................................  427 / 2631 ( 16%)
.............................................................  488 / 2631 ( 18%)
.............................................................  549 / 2631 ( 20%)
.............................................................  610 / 2631 ( 23%)
.............................................................  671 / 2631 ( 25%)
.............................................................  732 / 2631 ( 27%)
.............................................................  793 / 2631 ( 30%)
.............................................................  854 / 2631 ( 32%)
.............................................................  915 / 2631 ( 34%)
.............................................................  976 / 2631 ( 37%)
............................................................. 1037 / 2631 ( 39%)
............................................................. 1098 / 2631 ( 41%)
............................................................. 1159 / 2631 ( 44%)
............................................................. 1220 / 2631 ( 46%)
............................................................. 1281 / 2631 ( 48%)
............................................................. 1342 / 2631 ( 51%)
............................................................. 1403 / 2631 ( 53%)
............................................................. 1464 / 2631 ( 55%)
............................................................. 1525 / 2631 ( 57%)
............................................................. 1586 / 2631 ( 60%)
............................................................. 1647 / 2631 ( 62%)
............................................................. 1708 / 2631 ( 64%)
............................................................. 1769 / 2631 ( 67%)
............................................................. 1830 / 2631 ( 69%)
............................................................. 1891 / 2631 ( 71%)
............................................................. 1952 / 2631 ( 74%)
............................................................. 2013 / 2631 ( 76%)
............................................................. 2074 / 2631 ( 78%)
............................................................. 2135 / 2631 ( 81%)
............................................................. 2196 / 2631 ( 83%)
............................................................. 2257 / 2631 ( 85%)
............................................................. 2318 / 2631 ( 88%)
............................................................. 2379 / 2631 ( 90%)
............................................................. 2440 / 2631 ( 92%)
............................................................. 2501 / 2631 ( 95%)
............................................................. 2562 / 2631 ( 97%)
............................................................. 2623 / 2631 ( 99%)
........                                                      2631 / 2631 (100%)

Time: 00:07.462, Memory: 108.50 MB

[30;43mOK, but some tests were skipped![0m
[30;43mTests: 2631[0m[30;43m, Assertions: 8610[0m[30;43m, Skipped: 3[0m[30;43m.[0m

ALL CHECKS PASSED
